sale_id,date_time,pos_id,product_id,quantity,unit_price,total_amount,payment_method,cfop,icms_rate,icms_amount
10001,2026-04-01 17:14:51,PDV 04,8,3.0,26.9,80.7,PIX,5102,0.18,14.53
10002,2026-04-01 20:52:39,PDV 05,8,4.0,26.9,107.6,Cartão Crédito,5102,0.18,19.37
10003,2026-04-01 16:01:38,PDV 06,8,3.0,26.9,80.7,PIX,5102,0.18,14.53
10004,2026-04-02 08:11:17,PDV 06,8,5.0,26.9,134.5,PIX,5102,0.18,24.21
10005,2026-04-02 13:22:00,PDV 02,8,4.0,26.9,107.6,PIX,5102,0.18,19.37
10006,2026-04-02 17:42:25,PDV 01,8,5.0,26.9,134.5,Cartão Débito,5102,0.18,24.21
10007,2026-04-03 09:47:33,PDV 02,8,16.0,26.9,430.4,Cartão Débito,5102,0.18,77.47
10008,2026-04-04 13:10:23,PDV 03,8,4.0,26.9,107.6,Cartão Crédito,5102,0.18,19.37
10009,2026-04-04 20:36:38,PDV 01,8,4.0,26.9,107.6,PIX,5102,0.18,19.37
10010,2026-04-04 10:10:48,PDV 05,8,4.0,26.9,107.6,Cartão Débito,5102,0.18,19.37
10011,2026-04-04 09:17:28,PDV 06,8,5.0,26.9,134.5,Cartão Crédito,5102,0.18,24.21
10012,2026-04-05 14:17:13,PDV 05,8,3.0,26.9,80.7,Cartão Débito,5102,0.18,14.53
10013,2026-04-05 14:07:18,PDV 06,8,3.0,26.9,80.7,Cartão Crédito,5102,0.18,14.53
10014,2026-04-05 15:33:42,PDV 03,8,2.0,26.9,53.8,Cartão Débito,5102,0.18,9.68
10015,2026-04-05 14:38:03,PDV 01,8,3.0,26.9,80.7,Cartão Débito,5102,0.18,14.53
10016,2026-04-06 20:08:48,PDV 03,8,5.0,26.9,134.5,Cartão Débito,5102,0.18,24.21
10017,2026-04-06 09:00:31,PDV 06,8,5.0,26.9,134.5,Cartão Crédito,5102,0.18,24.21
10018,2026-04-07 14:34:45,PDV 02,8,4.0,26.9,107.6,Cartão Crédito,5102,0.18,19.37
10019,2026-04-07 18:51:22,PDV 01,8,4.0,26.9,107.6,Cartão Débito,5102,0.18,19.37
10020,2026-04-08 14:01:29,PDV 01,8,9.0,26.9,242.1,PIX,5102,0.18,43.58
10021,2026-04-09 17:25:45,PDV 06,8,3.0,26.9,80.7,Cartão Crédito,5102,0.18,14.53
10022,2026-04-09 09:25:01,PDV 03,8,3.0,26.9,80.7,Cartão Débito,5102,0.18,14.53
10023,2026-04-09 17:29:53,PDV 06,8,4.0,26.9,107.6,Dinheiro,5102,0.18,19.37
10024,2026-04-09 09:27:54,PDV 01,8,3.0,26.9,80.7,Cartão Débito,5102,0.18,14.53
10025,2026-04-10 16:05:25,PDV 03,8,4.0,26.9,107.6,Cartão Crédito,5102,0.18,19.37
10026,2026-04-10 11:21:49,PDV 02,8,4.0,26.9,107.6,Cartão Débito,5102,0.18,19.37
10027,2026-04-10 18:07:33,PDV 05,8,4.0,26.9,107.6,Cartão Débito,5102,0.18,19.37
10028,2026-04-10 20:22:22,PDV 06,8,4.0,26.9,107.6,Dinheiro,5102,0.18,19.37
10029,2026-04-11 11:06:09,PDV 03,8,6.0,26.9,161.4,Cartão Débito,5102,0.18,29.05
10030,2026-04-11 17:09:48,PDV 06,8,5.0,26.9,134.5,Cartão Débito,5102,0.18,24.21
10031,2026-04-12 15:48:36,PDV 05,8,2.0,26.9,53.8,Cartão Crédito,5102,0.18,9.68
10032,2026-04-12 17:41:40,PDV 05,8,2.0,26.9,53.8,Cartão Débito,5102,0.18,9.68
10033,2026-04-12 18:20:09,PDV 04,8,2.0,26.9,53.8,Cartão Débito,5102,0.18,9.68
10034,2026-04-12 15:40:19,PDV 03,8,3.0,26.9,80.7,Cartão Crédito,5102,0.18,14.53
10035,2026-04-13 16:04:19,PDV 04,8,2.0,26.9,53.8,Cartão Crédito,5102,0.18,9.68
10036,2026-04-13 08:23:53,PDV 03,8,2.0,26.9,53.8,Cartão Débito,5102,0.18,9.68
10037,2026-04-13 09:39:38,PDV 05,8,2.0,26.9,53.8,Cartão Débito,5102,0.18,9.68
10038,2026-04-14 15:58:51,PDV 05,8,7.0,26.9,188.3,Cartão Crédito,5102,0.18,33.89
10039,2026-04-15 17:30:32,PDV 02,8,2.0,26.9,53.8,Dinheiro,5102,0.18,9.68
10040,2026-04-15 15:06:51,PDV 03,8,2.0,26.9,53.8,Dinheiro,5102,0.18,9.68
10041,2026-04-15 09:32:41,PDV 02,8,2.0,26.9,53.8,Cartão Débito,5102,0.18,9.68
10042,2026-04-16 15:33:33,PDV 05,8,2.0,26.9,53.8,Cartão Débito,5102,0.18,9.68
10043,2026-04-16 13:58:18,PDV 04,8,2.0,26.9,53.8,Cartão Crédito,5102,0.18,9.68
10044,2026-04-16 13:43:38,PDV 01,8,2.0,26.9,53.8,PIX,5102,0.18,9.68
10045,2026-04-16 18:21:04,PDV 03,8,2.0,26.9,53.8,Cartão Débito,5102,0.18,9.68
10046,2026-04-17 12:16:46,PDV 06,8,3.0,26.9,80.7,Dinheiro,5102,0.18,14.53
10047,2026-04-17 17:55:09,PDV 03,8,3.0,26.9,80.7,Cartão Débito,5102,0.18,14.53
10048,2026-04-17 18:09:58,PDV 03,8,3.0,26.9,80.7,Cartão Débito,5102,0.18,14.53
10049,2026-04-17 18:44:42,PDV 04,8,3.0,26.9,80.7,Cartão Débito,5102,0.18,14.53
10050,2026-04-18 12:35:24,PDV 06,8,12.0,26.9,322.8,PIX,5102,0.18,58.1
10051,2026-04-19 18:44:53,PDV 06,8,5.0,26.9,134.5,Dinheiro,5102,0.18,24.21
10052,2026-04-19 16:05:41,PDV 06,8,5.0,26.9,134.5,Cartão Crédito,5102,0.18,24.21
10053,2026-04-20 08:23:19,PDV 02,8,2.0,26.9,53.8,Dinheiro,5102,0.18,9.68
10054,2026-04-20 13:49:31,PDV 02,8,2.0,26.9,53.8,Cartão Débito,5102,0.18,9.68
10055,2026-04-20 10:09:04,PDV 03,8,3.0,26.9,80.7,PIX,5102,0.18,14.53
10056,2026-04-21 16:49:34,PDV 06,8,7.0,26.9,188.3,PIX,5102,0.18,33.89
10057,2026-04-22 18:21:56,PDV 05,8,7.0,26.9,188.3,Cartão Débito,5102,0.18,33.89
10058,2026-04-23 10:10:11,PDV 06,8,2.0,26.9,53.8,PIX,5102,0.18,9.68
10059,2026-04-23 20:57:10,PDV 06,8,3.0,26.9,80.7,Cartão Crédito,5102,0.18,14.53
10060,2026-04-23 14:23:43,PDV 06,8,2.0,26.9,53.8,Cartão Débito,5102,0.18,9.68
10061,2026-04-23 15:39:18,PDV 06,8,3.0,26.9,80.7,PIX,5102,0.18,14.53
10062,2026-04-24 16:15:19,PDV 04,8,7.0,26.9,188.3,Dinheiro,5102,0.18,33.89
10063,2026-04-24 11:23:43,PDV 05,8,7.0,26.9,188.3,Dinheiro,5102,0.18,33.89
10064,2026-04-25 20:18:49,PDV 04,8,3.0,26.9,80.7,Cartão Crédito,5102,0.18,14.53
10065,2026-04-25 14:10:52,PDV 02,8,3.0,26.9,80.7,PIX,5102,0.18,14.53
10066,2026-04-25 10:55:16,PDV 01,8,4.0,26.9,107.6,Cartão Crédito,5102,0.18,19.37
10067,2026-04-25 13:35:59,PDV 01,8,3.0,26.9,80.7,Cartão Crédito,5102,0.18,14.53
10068,2026-04-26 12:05:48,PDV 02,8,9.0,26.9,242.1,Cartão Débito,5102,0.18,43.58
10069,2026-04-27 14:05:58,PDV 02,8,4.0,26.9,107.6,PIX,5102,0.18,19.37
10070,2026-04-27 13:59:01,PDV 04,8,4.0,26.9,107.6,Cartão Débito,5102,0.18,19.37
10071,2026-04-28 11:24:05,PDV 03,8,2.0,26.9,53.8,Cartão Débito,5102,0.18,9.68
10072,2026-04-28 13:59:06,PDV 06,8,2.0,26.9,53.8,Cartão Crédito,5102,0.18,9.68
10073,2026-04-28 20:09:08,PDV 01,8,2.0,26.9,53.8,Cartão Débito,5102,0.18,9.68
10074,2026-04-29 19:53:08,PDV 06,8,2.0,26.9,53.8,Cartão Crédito,5102,0.18,9.68
10075,2026-04-29 17:00:57,PDV 01,8,2.0,26.9,53.8,Cartão Débito,5102,0.18,9.68
10076,2026-04-29 11:53:09,PDV 05,8,2.0,26.9,53.8,Dinheiro,5102,0.18,9.68
10077,2026-04-29 17:33:27,PDV 01,8,2.0,26.9,53.8,PIX,5102,0.18,9.68
10078,2026-04-30 12:07:03,PDV 02,8,6.0,26.9,161.4,Cartão Crédito,5102,0.18,29.05
10079,2026-04-30 20:39:29,PDV 01,8,5.0,26.9,134.5,Cartão Débito,5102,0.18,24.21
10080,2026-05-01 17:34:01,PDV 06,8,4.0,26.9,107.6,Cartão Crédito,5102,0.18,19.37
10081,2026-05-01 11:45:09,PDV 03,8,4.0,26.9,107.6,Cartão Crédito,5102,0.18,19.37
10082,2026-05-01 17:22:15,PDV 05,8,4.0,26.9,107.6,Cartão Crédito,5102,0.18,19.37
10083,2026-05-01 18:42:05,PDV 05,8,3.0,26.9,80.7,Dinheiro,5102,0.18,14.53
10084,2026-05-02 16:34:32,PDV 05,8,14.0,26.9,376.6,Cartão Crédito,5102,0.18,67.79
10085,2026-05-03 15:02:40,PDV 04,8,3.0,26.9,80.7,Dinheiro,5102,0.18,14.53
10086,2026-05-03 12:47:01,PDV 03,8,3.0,26.9,80.7,PIX,5102,0.18,14.53
10087,2026-05-03 13:15:46,PDV 06,8,4.0,26.9,107.6,Cartão Crédito,5102,0.18,19.37
10088,2026-05-03 20:37:47,PDV 03,8,3.0,26.9,80.7,Cartão Débito,5102,0.18,14.53
10089,2026-05-04 16:21:52,PDV 06,8,3.0,26.9,80.7,Cartão Débito,5102,0.18,14.53
10090,2026-05-04 20:43:29,PDV 06,8,3.0,26.9,80.7,Cartão Crédito,5102,0.18,14.53
10091,2026-05-04 10:51:08,PDV 01,8,3.0,26.9,80.7,Cartão Crédito,5102,0.18,14.53
10092,2026-05-05 08:18:12,PDV 01,8,2.0,26.9,53.8,PIX,5102,0.18,9.68
10093,2026-05-05 08:20:59,PDV 03,8,3.0,26.9,80.7,Cartão Crédito,5102,0.18,14.53
10094,2026-05-05 16:30:16,PDV 01,8,2.0,26.9,53.8,PIX,5102,0.18,9.68
10095,2026-05-05 11:18:22,PDV 01,8,3.0,26.9,80.7,PIX,5102,0.18,14.53
10096,2026-05-06 12:07:51,PDV 03,8,3.0,26.9,80.7,Cartão Crédito,5102,0.18,14.53
10097,2026-05-06 14:47:28,PDV 04,8,3.0,26.9,80.7,Cartão Débito,5102,0.18,14.53
10098,2026-05-06 10:31:44,PDV 04,8,3.0,26.9,80.7,Cartão Débito,5102,0.18,14.53
10099,2026-05-07 20:05:46,PDV 04,8,4.0,26.9,107.6,Cartão Débito,5102,0.18,19.37
10100,2026-05-07 17:52:11,PDV 05,8,4.0,26.9,107.6,Cartão Débito,5102,0.18,19.37
10101,2026-05-07 09:05:20,PDV 06,8,3.0,26.9,80.7,Cartão Débito,5102,0.18,14.53
10102,2026-05-08 17:45:27,PDV 02,8,4.0,26.9,107.6,Cartão Crédito,5102,0.18,19.37
10103,2026-05-08 13:28:02,PDV 06,8,3.0,26.9,80.7,PIX,5102,0.18,14.53
10104,2026-05-08 13:39:27,PDV 03,8,4.0,26.9,107.6,Cartão Crédito,5102,0.18,19.37
10105,2026-05-08 20:03:04,PDV 06,8,3.0,26.9,80.7,Cartão Crédito,5102,0.18,14.53
10106,2026-05-09 16:51:47,PDV 06,8,5.0,26.9,134.5,Cartão Débito,5102,0.18,24.21
10107,2026-05-09 08:09:54,PDV 05,8,6.0,26.9,161.4,Cartão Crédito,5102,0.18,29.05
10108,2026-05-09 15:02:08,PDV 01,8,5.0,26.9,134.5,Cartão Débito,5102,0.18,24.21
10109,2026-05-10 13:24:36,PDV 01,8,4.0,26.9,107.6,Cartão Crédito,5102,0.18,19.37
10110,2026-05-10 18:28:23,PDV 03,8,4.0,26.9,107.6,Cartão Crédito,5102,0.18,19.37
10111,2026-05-10 09:36:08,PDV 05,8,5.0,26.9,134.5,Cartão Débito,5102,0.18,24.21
10112,2026-05-11 18:17:15,PDV 01,8,3.0,26.9,80.7,Cartão Débito,5102,0.18,14.53
10113,2026-05-11 10:31:33,PDV 04,8,2.0,26.9,53.8,Dinheiro,5102,0.18,9.68
10114,2026-05-11 09:16:49,PDV 03,8,3.0,26.9,80.7,Cartão Crédito,5102,0.18,14.53
10115,2026-05-12 17:18:44,PDV 04,8,4.0,26.9,107.6,Cartão Débito,5102,0.18,19.37
10116,2026-05-12 10:54:04,PDV 04,8,3.0,26.9,80.7,Cartão Débito,5102,0.18,14.53
10117,2026-05-13 09:51:43,PDV 03,8,2.0,26.9,53.8,Cartão Crédito,5102,0.18,9.68
10118,2026-05-13 19:04:35,PDV 05,8,2.0,26.9,53.8,Cartão Débito,5102,0.18,9.68
10119,2026-05-13 12:54:10,PDV 06,8,2.0,26.9,53.8,Cartão Crédito,5102,0.18,9.68
10120,2026-05-13 19:40:11,PDV 03,8,1.0,26.9,26.9,Cartão Crédito,5102,0.18,4.84
10121,2026-05-14 11:50:08,PDV 02,8,9.0,26.9,242.1,PIX,5102,0.18,43.58
10122,2026-05-15 13:35:36,PDV 03,8,12.0,26.9,322.8,Cartão Crédito,5102,0.18,58.1
10123,2026-05-16 17:56:05,PDV 01,8,6.0,26.9,161.4,Cartão Débito,5102,0.18,29.05
10124,2026-05-16 19:46:30,PDV 05,8,6.0,26.9,161.4,Cartão Crédito,5102,0.18,29.05
10125,2026-05-17 17:04:08,PDV 03,8,3.0,26.9,80.7,Cartão Crédito,5102,0.18,14.53
10126,2026-05-17 15:29:43,PDV 05,8,3.0,26.9,80.7,Cartão Débito,5102,0.18,14.53
10127,2026-05-17 20:35:40,PDV 05,8,2.0,26.9,53.8,Cartão Débito,5102,0.18,9.68
10128,2026-05-17 10:27:32,PDV 01,8,3.0,26.9,80.7,PIX,5102,0.18,14.53
10129,2026-05-18 12:10:10,PDV 03,8,3.0,26.9,80.7,Dinheiro,5102,0.18,14.53
10130,2026-05-18 11:22:33,PDV 03,8,3.0,26.9,80.7,PIX,5102,0.18,14.53
10131,2026-05-19 11:40:35,PDV 03,8,3.0,26.9,80.7,Cartão Débito,5102,0.18,14.53
10132,2026-05-19 12:39:34,PDV 01,8,2.0,26.9,53.8,Cartão Crédito,5102,0.18,9.68
10133,2026-05-19 10:37:37,PDV 02,8,3.0,26.9,80.7,Cartão Débito,5102,0.18,14.53
10134,2026-05-20 17:02:52,PDV 01,8,3.0,26.9,80.7,Cartão Débito,5102,0.18,14.53
10135,2026-05-20 18:49:36,PDV 03,8,2.0,26.9,53.8,Cartão Crédito,5102,0.18,9.68
10136,2026-05-20 20:36:26,PDV 05,8,3.0,26.9,80.7,Cartão Crédito,5102,0.18,14.53
10137,2026-05-21 18:34:18,PDV 06,8,2.0,26.9,53.8,Dinheiro,5102,0.18,9.68
10138,2026-05-21 15:15:51,PDV 06,8,3.0,26.9,80.7,Cartão Crédito,5102,0.18,14.53
10139,2026-05-21 15:04:44,PDV 01,8,2.0,26.9,53.8,Cartão Débito,5102,0.18,9.68
10140,2026-05-21 14:30:29,PDV 02,8,3.0,26.9,80.7,Cartão Débito,5102,0.18,14.53
10141,2026-05-22 13:55:45,PDV 03,8,7.0,26.9,188.3,Cartão Crédito,5102,0.18,33.89
10142,2026-05-22 13:25:08,PDV 03,8,7.0,26.9,188.3,Cartão Crédito,5102,0.18,33.89
10143,2026-05-23 13:15:29,PDV 01,8,12.0,26.9,322.8,Cartão Débito,5102,0.18,58.1
10144,2026-05-24 10:06:03,PDV 03,8,6.0,26.9,161.4,Dinheiro,5102,0.18,29.05
10145,2026-05-24 17:26:15,PDV 02,8,5.0,26.9,134.5,PIX,5102,0.18,24.21
10146,2026-05-25 11:48:10,PDV 04,8,2.0,26.9,53.8,Dinheiro,5102,0.18,9.68
10147,2026-05-25 15:31:56,PDV 03,8,2.0,26.9,53.8,Cartão Crédito,5102,0.18,9.68
10148,2026-05-25 09:25:32,PDV 04,8,3.0,26.9,80.7,Dinheiro,5102,0.18,14.53
10149,2026-05-26 17:22:03,PDV 01,8,4.0,26.9,107.6,Cartão Débito,5102,0.18,19.37
10150,2026-05-26 17:56:53,PDV 06,8,4.0,26.9,107.6,Cartão Crédito,5102,0.18,19.37
10151,2026-05-27 16:00:54,PDV 01,8,2.0,26.9,53.8,Cartão Crédito,5102,0.18,9.68
10152,2026-05-27 12:46:23,PDV 04,8,2.0,26.9,53.8,Cartão Débito,5102,0.18,9.68
10153,2026-05-27 14:03:36,PDV 05,8,3.0,26.9,80.7,Cartão Débito,5102,0.18,14.53
10154,2026-05-28 09:24:32,PDV 04,8,3.0,26.9,80.7,PIX,5102,0.18,14.53
10155,2026-05-28 12:52:39,PDV 06,8,4.0,26.9,107.6,Cartão Crédito,5102,0.18,19.37
10156,2026-05-28 10:06:25,PDV 03,8,3.0,26.9,80.7,PIX,5102,0.18,14.53
10157,2026-05-29 16:23:48,PDV 02,8,4.0,26.9,107.6,Cartão Débito,5102,0.18,19.37
10158,2026-05-29 16:25:32,PDV 01,8,4.0,26.9,107.6,Cartão Débito,5102,0.18,19.37
10159,2026-05-29 10:45:21,PDV 04,8,4.0,26.9,107.6,Cartão Crédito,5102,0.18,19.37
10160,2026-05-30 17:57:32,PDV 02,8,6.0,26.9,161.4,Cartão Débito,5102,0.18,29.05
10161,2026-05-30 17:20:10,PDV 04,8,6.0,26.9,161.4,Dinheiro,5102,0.18,29.05
10162,2026-05-31 17:21:32,PDV 05,8,3.0,26.9,80.7,Cartão Crédito,5102,0.18,14.53
10163,2026-05-31 19:36:19,PDV 04,8,3.0,26.9,80.7,PIX,5102,0.18,14.53
10164,2026-05-31 13:21:43,PDV 01,8,3.0,26.9,80.7,Dinheiro,5102,0.18,14.53
10165,2026-06-01 20:57:46,PDV 06,8,3.0,26.9,80.7,Cartão Crédito,5102,0.18,14.53
10166,2026-06-01 17:30:16,PDV 06,8,4.0,26.9,107.6,PIX,5102,0.18,19.37
10167,2026-06-01 20:37:36,PDV 02,8,3.0,26.9,80.7,Cartão Crédito,5102,0.18,14.53
10168,2026-06-02 10:33:40,PDV 06,8,2.0,26.9,53.8,Cartão Crédito,5102,0.18,9.68
10169,2026-06-02 14:09:52,PDV 06,8,3.0,26.9,80.7,Cartão Débito,5102,0.18,14.53
10170,2026-06-02 17:44:07,PDV 02,8,2.0,26.9,53.8,Cartão Débito,5102,0.18,9.68
10171,2026-06-02 13:26:09,PDV 04,8,3.0,26.9,80.7,Cartão Crédito,5102,0.18,14.53
10172,2026-06-03 16:49:39,PDV 04,8,2.0,26.9,53.8,PIX,5102,0.18,9.68
10173,2026-06-03 19:46:03,PDV 06,8,2.0,26.9,53.8,Cartão Débito,5102,0.18,9.68
10174,2026-06-03 11:35:20,PDV 06,8,2.0,26.9,53.8,Cartão Crédito,5102,0.18,9.68
10175,2026-06-03 14:20:11,PDV 04,8,3.0,26.9,80.7,Dinheiro,5102,0.18,14.53
10176,2026-06-04 16:22:43,PDV 06,8,4.0,26.9,107.6,Cartão Crédito,5102,0.18,19.37
10177,2026-06-04 20:44:16,PDV 05,8,4.0,26.9,107.6,Cartão Crédito,5102,0.18,19.37
10178,2026-06-04 11:17:35,PDV 03,8,3.0,26.9,80.7,Cartão Débito,5102,0.18,14.53
10179,2026-06-05 20:18:45,PDV 02,8,4.0,26.9,107.6,Cartão Crédito,5102,0.18,19.37
10180,2026-06-05 15:20:30,PDV 03,8,4.0,26.9,107.6,Cartão Crédito,5102,0.18,19.37
10181,2026-06-05 20:46:17,PDV 03,8,5.0,26.9,134.5,Cartão Débito,5102,0.18,24.21
10182,2026-06-06 14:52:22,PDV 02,8,4.0,26.9,107.6,Cartão Débito,5102,0.18,19.37
10183,2026-06-06 12:45:05,PDV 03,8,4.0,26.9,107.6,Dinheiro,5102,0.18,19.37
10184,2026-06-06 18:16:47,PDV 04,8,4.0,26.9,107.6,Cartão Débito,5102,0.18,19.37
10185,2026-06-06 16:17:59,PDV 05,8,3.0,26.9,80.7,Cartão Crédito,5102,0.18,14.53
10186,2026-06-07 09:39:47,PDV 05,8,6.0,26.9,161.4,Cartão Débito,5102,0.18,29.05
10187,2026-06-07 08:42:57,PDV 05,8,7.0,26.9,188.3,Cartão Débito,5102,0.18,33.89
10188,2026-06-08 08:06:26,PDV 03,8,4.0,26.9,107.6,Cartão Crédito,5102,0.18,19.37
10189,2026-06-08 09:43:49,PDV 02,8,5.0,26.9,134.5,Cartão Débito,5102,0.18,24.21
10190,2026-06-09 14:41:59,PDV 04,8,4.0,26.9,107.6,Cartão Crédito,5102,0.18,19.37
10191,2026-06-09 11:48:18,PDV 03,8,4.0,26.9,107.6,Cartão Débito,5102,0.18,19.37
10192,2026-06-10 20:05:41,PDV 05,8,8.0,26.9,215.2,Cartão Débito,5102,0.18,38.74
10193,2026-06-11 10:26:56,PDV 02,8,11.0,26.9,295.9,Dinheiro,5102,0.18,53.26
10194,2026-06-12 14:50:31,PDV 02,8,13.0,26.9,349.7,Dinheiro,5102,0.18,62.95
10195,2026-06-13 08:00:19,PDV 05,8,4.0,26.9,107.6,Cartão Crédito,5102,0.18,19.37
10196,2026-06-13 13:18:29,PDV 06,8,4.0,26.9,107.6,Cartão Crédito,5102,0.18,19.37
10197,2026-06-13 15:56:08,PDV 05,8,5.0,26.9,134.5,Cartão Crédito,5102,0.18,24.21
10198,2026-06-14 20:07:21,PDV 02,8,5.0,26.9,134.5,Cartão Crédito,5102,0.18,24.21
10199,2026-06-14 18:16:45,PDV 02,8,5.0,26.9,134.5,Cartão Débito,5102,0.18,24.21
10200,2026-06-15 20:18:36,PDV 06,8,3.0,26.9,80.7,PIX,5102,0.18,14.53
10201,2026-06-15 10:39:54,PDV 06,8,2.0,26.9,53.8,PIX,5102,0.18,9.68
10202,2026-06-15 14:32:20,PDV 01,8,3.0,26.9,80.7,Cartão Crédito,5102,0.18,14.53
10203,2026-06-16 10:08:30,PDV 03,8,8.0,26.9,215.2,Dinheiro,5102,0.18,38.74
10204,2026-06-17 12:24:15,PDV 04,8,7.0,26.9,188.3,PIX,5102,0.18,33.89
10205,2026-06-18 12:37:46,PDV 05,8,4.0,26.9,107.6,Cartão Débito,5102,0.18,19.37
10206,2026-06-18 18:23:44,PDV 02,8,4.0,26.9,107.6,Cartão Débito,5102,0.18,19.37
10207,2026-06-18 09:29:19,PDV 02,8,3.0,26.9,80.7,Cartão Crédito,5102,0.18,14.53
10208,2026-06-19 19:07:40,PDV 03,8,4.0,26.9,107.6,Cartão Débito,5102,0.18,19.37
10209,2026-06-19 11:14:08,PDV 04,8,4.0,26.9,107.6,Cartão Débito,5102,0.18,19.37
10210,2026-06-19 19:38:23,PDV 04,8,3.0,26.9,80.7,Cartão Crédito,5102,0.18,14.53
10211,2026-06-20 20:34:51,PDV 06,8,3.0,26.9,80.7,PIX,5102,0.18,14.53
10212,2026-06-20 20:15:43,PDV 05,8,3.0,26.9,80.7,PIX,5102,0.18,14.53
10213,2026-06-20 09:33:28,PDV 05,8,3.0,26.9,80.7,Cartão Crédito,5102,0.18,14.53
10214,2026-06-20 09:58:36,PDV 01,8,3.0,26.9,80.7,Cartão Débito,5102,0.18,14.53
10215,2026-06-21 17:34:09,PDV 02,8,4.0,26.9,107.6,Cartão Débito,5102,0.18,19.37
10216,2026-06-21 16:28:07,PDV 06,8,5.0,26.9,134.5,Cartão Débito,5102,0.18,24.21
10217,2026-06-22 09:57:32,PDV 04,8,2.0,26.9,53.8,PIX,5102,0.18,9.68
10218,2026-06-22 15:08:32,PDV 04,8,1.0,26.9,26.9,Cartão Crédito,5102,0.18,4.84
10219,2026-06-22 08:35:29,PDV 06,8,2.0,26.9,53.8,PIX,5102,0.18,9.68
10220,2026-06-22 19:01:25,PDV 03,8,1.0,26.9,26.9,PIX,5102,0.18,4.84
10221,2026-06-23 17:04:02,PDV 04,8,4.0,26.9,107.6,Cartão Débito,5102,0.18,19.37
10222,2026-06-23 09:34:03,PDV 01,8,3.0,26.9,80.7,Dinheiro,5102,0.18,14.53
10223,2026-06-24 08:18:26,PDV 02,8,2.0,26.9,53.8,PIX,5102,0.18,9.68
10224,2026-06-24 20:41:46,PDV 06,8,1.0,26.9,26.9,Dinheiro,5102,0.18,4.84
10225,2026-06-24 13:57:24,PDV 04,8,2.0,26.9,53.8,PIX,5102,0.18,9.68
10226,2026-06-24 14:24:05,PDV 06,8,1.0,26.9,26.9,Dinheiro,5102,0.18,4.84
10227,2026-06-25 18:55:22,PDV 01,8,5.0,26.9,134.5,Cartão Débito,5102,0.18,24.21
10228,2026-06-25 16:25:33,PDV 02,8,5.0,26.9,134.5,Cartão Crédito,5102,0.18,24.21
10229,2026-06-26 08:48:01,PDV 03,8,7.0,26.9,188.3,Cartão Crédito,5102,0.18,33.89
10230,2026-06-26 19:34:27,PDV 05,8,7.0,26.9,188.3,Cartão Débito,5102,0.18,33.89
10231,2026-06-27 11:29:22,PDV 02,8,6.0,26.9,161.4,Cartão Débito,5102,0.18,29.05
10232,2026-06-27 19:48:07,PDV 01,8,6.0,26.9,161.4,PIX,5102,0.18,29.05
10233,2026-06-28 17:49:59,PDV 01,8,2.0,26.9,53.8,Cartão Débito,5102,0.18,9.68
10234,2026-06-28 09:06:38,PDV 01,8,3.0,26.9,80.7,Cartão Crédito,5102,0.18,14.53
10235,2026-06-28 18:45:55,PDV 01,8,2.0,26.9,53.8,Cartão Débito,5102,0.18,9.68
10236,2026-06-28 08:25:28,PDV 02,8,3.0,26.9,80.7,Cartão Crédito,5102,0.18,14.53
10237,2026-06-29 10:32:18,PDV 02,8,3.0,26.9,80.7,PIX,5102,0.18,14.53
10238,2026-04-01 14:36:53,PDV 02,9,2.0,18.9,37.8,Cartão Crédito,5102,0.18,6.8
10239,2026-04-02 18:21:16,PDV 04,9,1.0,18.9,18.9,Dinheiro,5102,0.18,3.4
10240,2026-04-02 18:47:31,PDV 04,9,1.0,18.9,18.9,Cartão Débito,5102,0.18,3.4
10241,2026-04-02 20:22:10,PDV 02,9,1.0,18.9,18.9,Cartão Crédito,5102,0.18,3.4
10242,2026-04-03 10:58:56,PDV 05,9,1.0,18.9,18.9,Dinheiro,5102,0.18,3.4
10243,2026-04-03 08:33:02,PDV 01,9,1.0,18.9,18.9,Dinheiro,5102,0.18,3.4
10244,2026-04-03 18:03:48,PDV 01,9,1.0,18.9,18.9,Cartão Crédito,5102,0.18,3.4
10245,2026-04-03 18:14:04,PDV 06,9,1.0,18.9,18.9,Cartão Débito,5102,0.18,3.4
10246,2026-04-04 16:29:23,PDV 01,9,2.0,18.9,37.8,Cartão Crédito,5102,0.18,6.8
10247,2026-04-04 18:59:39,PDV 04,9,2.0,18.9,37.8,Cartão Crédito,5102,0.18,6.8
10248,2026-04-05 08:34:35,PDV 04,9,3.0,18.9,56.7,Cartão Débito,5102,0.18,10.21
10249,2026-04-06 16:46:17,PDV 05,9,2.0,18.9,37.8,Dinheiro,5102,0.18,6.8
10250,2026-04-07 08:32:52,PDV 06,9,2.0,18.9,37.8,Cartão Crédito,5102,0.18,6.8
10251,2026-04-08 20:58:11,PDV 01,9,2.0,18.9,37.8,Dinheiro,5102,0.18,6.8
10252,2026-04-09 10:15:12,PDV 05,9,1.0,18.9,18.9,Cartão Crédito,5102,0.18,3.4
10253,2026-04-09 13:17:50,PDV 04,9,1.0,18.9,18.9,Cartão Débito,5102,0.18,3.4
10254,2026-04-09 14:29:36,PDV 02,9,1.0,18.9,18.9,Dinheiro,5102,0.18,3.4
10255,2026-04-10 12:43:52,PDV 01,9,3.0,18.9,56.7,Cartão Crédito,5102,0.18,10.21
10256,2026-04-11 18:48:02,PDV 01,9,2.0,18.9,37.8,Cartão Crédito,5102,0.18,6.8
10257,2026-04-12 16:30:03,PDV 06,9,2.0,18.9,37.8,Cartão Débito,5102,0.18,6.8
10258,2026-04-12 10:05:31,PDV 04,9,1.0,18.9,18.9,Cartão Crédito,5102,0.18,3.4
10259,2026-04-13 13:36:54,PDV 01,9,2.0,18.9,37.8,PIX,5102,0.18,6.8
10260,2026-04-14 08:14:13,PDV 06,9,2.0,18.9,37.8,PIX,5102,0.18,6.8
10261,2026-04-15 15:17:02,PDV 01,9,2.0,18.9,37.8,Cartão Crédito,5102,0.18,6.8
10262,2026-04-16 12:57:34,PDV 05,9,2.0,18.9,37.8,Cartão Crédito,5102,0.18,6.8
10263,2026-04-17 13:01:13,PDV 05,9,3.0,18.9,56.7,Cartão Débito,5102,0.18,10.21
10264,2026-04-18 14:59:04,PDV 03,9,1.0,18.9,18.9,Cartão Débito,5102,0.18,3.4
10265,2026-04-18 11:36:53,PDV 04,9,1.0,18.9,18.9,Cartão Crédito,5102,0.18,3.4
10266,2026-04-18 16:21:24,PDV 06,9,1.0,18.9,18.9,Cartão Débito,5102,0.18,3.4
10267,2026-04-19 19:05:32,PDV 06,9,1.0,18.9,18.9,Dinheiro,5102,0.18,3.4
10268,2026-04-19 08:06:27,PDV 02,9,1.0,18.9,18.9,PIX,5102,0.18,3.4
10269,2026-04-19 13:38:49,PDV 05,9,1.0,18.9,18.9,Dinheiro,5102,0.18,3.4
10270,2026-04-20 14:49:20,PDV 01,9,2.0,18.9,37.8,Cartão Crédito,5102,0.18,6.8
10271,2026-04-21 20:28:31,PDV 02,9,2.0,18.9,37.8,Cartão Débito,5102,0.18,6.8
10272,2026-04-22 14:27:11,PDV 06,9,2.0,18.9,37.8,Cartão Crédito,5102,0.18,6.8
10273,2026-04-23 14:05:49,PDV 05,9,2.0,18.9,37.8,Cartão Débito,5102,0.18,6.8
10274,2026-04-24 19:04:05,PDV 03,9,3.0,18.9,56.7,Cartão Débito,5102,0.18,10.21
10275,2026-04-25 20:40:09,PDV 06,9,1.0,18.9,18.9,Cartão Débito,5102,0.18,3.4
10276,2026-04-25 13:06:05,PDV 01,9,1.0,18.9,18.9,Dinheiro,5102,0.18,3.4
10277,2026-04-25 15:23:48,PDV 03,9,1.0,18.9,18.9,Cartão Débito,5102,0.18,3.4
10278,2026-04-26 09:11:27,PDV 04,9,2.0,18.9,37.8,Cartão Crédito,5102,0.18,6.8
10279,2026-04-27 16:26:06,PDV 01,9,2.0,18.9,37.8,Cartão Débito,5102,0.18,6.8
10280,2026-04-28 16:05:38,PDV 05,9,2.0,18.9,37.8,PIX,5102,0.18,6.8
10281,2026-04-29 14:00:18,PDV 04,9,2.0,18.9,37.8,Cartão Débito,5102,0.18,6.8
10282,2026-04-30 09:46:57,PDV 05,9,2.0,18.9,37.8,Dinheiro,5102,0.18,6.8
10283,2026-05-01 17:33:10,PDV 06,9,2.0,18.9,37.8,Cartão Débito,5102,0.18,6.8
10284,2026-05-01 10:17:19,PDV 03,9,2.0,18.9,37.8,Cartão Crédito,5102,0.18,6.8
10285,2026-05-02 10:27:17,PDV 04,9,4.0,18.9,75.6,Cartão Débito,5102,0.18,13.61
10286,2026-05-03 13:16:15,PDV 06,9,3.0,18.9,56.7,Cartão Crédito,5102,0.18,10.21
10287,2026-05-04 17:39:12,PDV 04,9,2.0,18.9,37.8,Cartão Débito,5102,0.18,6.8
10288,2026-05-05 12:00:25,PDV 03,9,2.0,18.9,37.8,PIX,5102,0.18,6.8
10289,2026-05-06 14:51:55,PDV 03,9,2.0,18.9,37.8,Cartão Crédito,5102,0.18,6.8
10290,2026-05-07 18:38:08,PDV 03,9,2.0,18.9,37.8,Cartão Débito,5102,0.18,6.8
10291,2026-05-07 19:12:30,PDV 03,9,1.0,18.9,18.9,Cartão Débito,5102,0.18,3.4
10292,2026-05-08 13:18:47,PDV 06,9,2.0,18.9,37.8,Cartão Crédito,5102,0.18,6.8
10293,2026-05-08 17:50:15,PDV 03,9,1.0,18.9,18.9,Cartão Débito,5102,0.18,3.4
10294,2026-05-09 13:07:59,PDV 05,9,1.0,18.9,18.9,Cartão Débito,5102,0.18,3.4
10295,2026-05-09 16:11:43,PDV 05,9,1.0,18.9,18.9,Cartão Débito,5102,0.18,3.4
10296,2026-05-09 19:29:45,PDV 02,9,1.0,18.9,18.9,Cartão Crédito,5102,0.18,3.4
10297,2026-05-09 12:53:44,PDV 01,9,1.0,18.9,18.9,PIX,5102,0.18,3.4
10298,2026-05-10 18:31:08,PDV 06,9,2.0,18.9,37.8,Cartão Débito,5102,0.18,6.8
10299,2026-05-10 12:42:09,PDV 06,9,1.0,18.9,18.9,Cartão Crédito,5102,0.18,3.4
10300,2026-05-11 14:04:28,PDV 05,9,2.0,18.9,37.8,Cartão Crédito,5102,0.18,6.8
10301,2026-05-12 14:34:32,PDV 06,9,1.0,18.9,18.9,Cartão Crédito,5102,0.18,3.4
10302,2026-05-13 08:50:23,PDV 06,9,2.0,18.9,37.8,PIX,5102,0.18,6.8
10303,2026-05-14 16:38:40,PDV 01,9,2.0,18.9,37.8,Cartão Débito,5102,0.18,6.8
10304,2026-06-29 11:42:42,PDV 03,9,1.0,18.9,18.9,Cartão Débito,5102,0.18,3.4
10305,2026-04-01 14:11:31,PDV 06,10,1.0,6.99,6.99,Cartão Crédito,5102,0.18,1.26
10306,2026-04-01 18:59:11,PDV 05,10,1.0,6.99,6.99,Cartão Débito,5102,0.18,1.26
10307,2026-04-01 12:08:11,PDV 03,10,1.0,6.99,6.99,PIX,5102,0.18,1.26
10308,2026-04-01 17:03:55,PDV 03,10,1.0,6.99,6.99,Dinheiro,5102,0.18,1.26
10309,2026-04-02 10:12:52,PDV 04,10,1.0,6.99,6.99,Dinheiro,5102,0.18,1.26
10310,2026-04-02 16:41:31,PDV 04,10,1.0,6.99,6.99,Cartão Crédito,5102,0.18,1.26
10311,2026-04-02 14:45:53,PDV 04,10,2.0,6.99,13.98,Cartão Crédito,5102,0.18,2.52
10312,2026-04-02 09:36:01,PDV 02,10,1.0,6.99,6.99,Cartão Débito,5102,0.18,1.26
10313,2026-04-03 11:34:18,PDV 02,10,2.0,6.99,13.98,PIX,5102,0.18,2.52
10314,2026-04-03 17:47:49,PDV 04,10,2.0,6.99,13.98,Cartão Crédito,5102,0.18,2.52
10315,2026-04-03 09:36:07,PDV 03,10,2.0,6.99,13.98,PIX,5102,0.18,2.52
10316,2026-04-04 16:52:48,PDV 01,10,2.0,6.99,13.98,PIX,5102,0.18,2.52
10317,2026-04-04 15:34:13,PDV 04,10,2.0,6.99,13.98,Cartão Débito,5102,0.18,2.52
10318,2026-04-04 18:48:15,PDV 03,10,2.0,6.99,13.98,PIX,5102,0.18,2.52
10319,2026-04-05 15:16:22,PDV 01,10,5.0,6.99,34.95,Cartão Crédito,5102,0.18,6.29
10320,2026-04-06 20:51:15,PDV 02,10,3.0,6.99,20.97,PIX,5102,0.18,3.77
10321,2026-04-07 19:39:40,PDV 04,10,1.0,6.99,6.99,Cartão Débito,5102,0.18,1.26
10322,2026-04-07 10:50:13,PDV 02,10,2.0,6.99,13.98,PIX,5102,0.18,2.52
10323,2026-04-07 17:22:34,PDV 03,10,1.0,6.99,6.99,Cartão Crédito,5102,0.18,1.26
10324,2026-04-08 13:45:18,PDV 03,10,3.0,6.99,20.97,Cartão Crédito,5102,0.18,3.77
10325,2026-04-09 10:48:50,PDV 04,10,4.0,6.99,27.96,Dinheiro,5102,0.18,5.03
10326,2026-04-10 18:08:44,PDV 02,10,2.0,6.99,13.98,Cartão Débito,5102,0.18,2.52
10327,2026-04-10 19:20:53,PDV 02,10,2.0,6.99,13.98,PIX,5102,0.18,2.52
10328,2026-04-10 18:25:31,PDV 02,10,2.0,6.99,13.98,Cartão Crédito,5102,0.18,2.52
10329,2026-04-11 18:26:24,PDV 04,10,2.0,6.99,13.98,Cartão Débito,5102,0.18,2.52
10330,2026-04-11 20:56:49,PDV 01,10,2.0,6.99,13.98,Cartão Crédito,5102,0.18,2.52
10331,2026-04-11 19:17:44,PDV 03,10,1.0,6.99,6.99,Cartão Crédito,5102,0.18,1.26
10332,2026-04-12 13:37:00,PDV 06,10,1.0,6.99,6.99,Cartão Débito,5102,0.18,1.26
10333,2026-04-12 15:40:42,PDV 06,10,1.0,6.99,6.99,Cartão Débito,5102,0.18,1.26
10334,2026-04-12 09:50:34,PDV 04,10,1.0,6.99,6.99,Cartão Débito,5102,0.18,1.26
10335,2026-04-12 14:52:13,PDV 04,10,1.0,6.99,6.99,Cartão Débito,5102,0.18,1.26
10336,2026-04-13 13:35:36,PDV 02,10,2.0,6.99,13.98,Cartão Crédito,5102,0.18,2.52
10337,2026-04-13 15:50:21,PDV 06,10,1.0,6.99,6.99,PIX,5102,0.18,1.26
10338,2026-04-14 09:40:50,PDV 04,10,3.0,6.99,20.97,Cartão Débito,5102,0.18,3.77
10339,2026-04-15 15:29:00,PDV 04,10,3.0,6.99,20.97,Cartão Débito,5102,0.18,3.77
10340,2026-04-16 18:19:10,PDV 03,10,2.0,6.99,13.98,Cartão Débito,5102,0.18,2.52
10341,2026-04-16 13:16:05,PDV 03,10,2.0,6.99,13.98,Cartão Crédito,5102,0.18,2.52
10342,2026-04-17 08:25:40,PDV 03,10,2.0,6.99,13.98,Cartão Crédito,5102,0.18,2.52
10343,2026-04-17 20:14:27,PDV 06,10,3.0,6.99,20.97,Cartão Débito,5102,0.18,3.77
10344,2026-04-18 08:13:30,PDV 01,10,5.0,6.99,34.95,Cartão Débito,5102,0.18,6.29
10345,2026-04-19 16:43:28,PDV 01,10,3.0,6.99,20.97,Cartão Débito,5102,0.18,3.77
10346,2026-04-20 09:55:27,PDV 06,10,2.0,6.99,13.98,Cartão Débito,5102,0.18,2.52
10347,2026-04-20 09:14:24,PDV 01,10,1.0,6.99,6.99,Cartão Crédito,5102,0.18,1.26
10348,2026-04-21 09:20:23,PDV 03,10,3.0,6.99,20.97,Cartão Débito,5102,0.18,3.77
10349,2026-04-22 18:43:09,PDV 01,10,3.0,6.99,20.97,Cartão Crédito,5102,0.18,3.77
10350,2026-04-23 17:41:10,PDV 04,10,4.0,6.99,27.96,Cartão Débito,5102,0.18,5.03
10351,2026-04-24 18:47:09,PDV 04,10,2.0,6.99,13.98,Cartão Crédito,5102,0.18,2.52
10352,2026-04-24 15:55:13,PDV 01,10,2.0,6.99,13.98,PIX,5102,0.18,2.52
10353,2026-04-25 20:07:37,PDV 06,10,2.0,6.99,13.98,Cartão Débito,5102,0.18,2.52
10354,2026-04-25 14:20:50,PDV 02,10,3.0,6.99,20.97,Cartão Débito,5102,0.18,3.77
10355,2026-04-26 11:35:38,PDV 05,10,4.0,6.99,27.96,Cartão Crédito,5102,0.18,5.03
10356,2026-04-27 20:44:01,PDV 06,10,2.0,6.99,13.98,PIX,5102,0.18,2.52
10357,2026-04-27 11:33:38,PDV 05,10,1.0,6.99,6.99,Cartão Débito,5102,0.18,1.26
10358,2026-04-28 12:41:03,PDV 02,10,2.0,6.99,13.98,Cartão Crédito,5102,0.18,2.52
10359,2026-04-28 09:15:31,PDV 06,10,1.0,6.99,6.99,Cartão Crédito,5102,0.18,1.26
10360,2026-04-29 08:23:59,PDV 03,10,1.0,6.99,6.99,Cartão Débito,5102,0.18,1.26
10361,2026-04-29 17:26:23,PDV 05,10,1.0,6.99,6.99,Cartão Crédito,5102,0.18,1.26
10362,2026-04-29 20:30:49,PDV 01,10,1.0,6.99,6.99,Cartão Débito,5102,0.18,1.26
10363,2026-04-30 08:16:13,PDV 01,10,4.0,6.99,27.96,Dinheiro,5102,0.18,5.03
10364,2026-05-01 16:18:40,PDV 06,10,2.0,6.99,13.98,Cartão Crédito,5102,0.18,2.52
10365,2026-05-01 14:27:44,PDV 04,10,1.0,6.99,6.99,Cartão Débito,5102,0.18,1.26
10366,2026-05-01 16:34:39,PDV 02,10,2.0,6.99,13.98,Cartão Débito,5102,0.18,2.52
10367,2026-05-01 12:05:32,PDV 02,10,1.0,6.99,6.99,Dinheiro,5102,0.18,1.26
10368,2026-05-02 16:20:25,PDV 05,10,2.0,6.99,13.98,Cartão Crédito,5102,0.18,2.52
10369,2026-05-02 18:43:41,PDV 01,10,3.0,6.99,20.97,Cartão Débito,5102,0.18,3.77
10370,2026-05-03 19:54:15,PDV 01,10,1.0,6.99,6.99,Cartão Débito,5102,0.18,1.26
10371,2026-05-03 14:07:29,PDV 05,10,1.0,6.99,6.99,Cartão Crédito,5102,0.18,1.26
10372,2026-05-03 12:42:47,PDV 06,10,2.0,6.99,13.98,Cartão Crédito,5102,0.18,2.52
10373,2026-05-03 09:00:45,PDV 02,10,1.0,6.99,6.99,Cartão Crédito,5102,0.18,1.26
10374,2026-05-04 15:22:33,PDV 05,10,2.0,6.99,13.98,PIX,5102,0.18,2.52
10375,2026-05-04 19:16:10,PDV 03,10,2.0,6.99,13.98,Cartão Débito,5102,0.18,2.52
10376,2026-05-05 19:56:07,PDV 01,10,2.0,6.99,13.98,Cartão Débito,5102,0.18,2.52
10377,2026-05-05 14:17:33,PDV 01,10,1.0,6.99,6.99,Cartão Débito,5102,0.18,1.26
10378,2026-05-06 18:04:31,PDV 04,10,1.0,6.99,6.99,Cartão Crédito,5102,0.18,1.26
10379,2026-05-06 08:31:54,PDV 05,10,1.0,6.99,6.99,Cartão Débito,5102,0.18,1.26
10380,2026-05-06 10:16:49,PDV 01,10,1.0,6.99,6.99,PIX,5102,0.18,1.26
10381,2026-05-07 11:47:32,PDV 01,10,5.0,6.99,34.95,Cartão Débito,5102,0.18,6.29
10382,2026-05-08 11:02:30,PDV 03,10,5.0,6.99,34.95,Cartão Débito,5102,0.18,6.29
10383,2026-05-09 10:59:54,PDV 01,10,3.0,6.99,20.97,Cartão Crédito,5102,0.18,3.77
10384,2026-05-09 19:47:41,PDV 04,10,3.0,6.99,20.97,Cartão Débito,5102,0.18,3.77
10385,2026-05-10 14:58:46,PDV 03,10,2.0,6.99,13.98,Cartão Débito,5102,0.18,2.52
10386,2026-05-10 09:36:23,PDV 01,10,2.0,6.99,13.98,Cartão Crédito,5102,0.18,2.52
10387,2026-05-11 10:14:51,PDV 05,10,3.0,6.99,20.97,Dinheiro,5102,0.18,3.77
10388,2026-05-12 09:56:29,PDV 03,10,2.0,6.99,13.98,PIX,5102,0.18,2.52
10389,2026-05-12 12:20:05,PDV 05,10,1.0,6.99,6.99,Cartão Crédito,5102,0.18,1.26
10390,2026-05-13 11:18:36,PDV 03,10,2.0,6.99,13.98,Cartão Crédito,5102,0.18,2.52
10391,2026-05-13 11:29:23,PDV 05,10,1.0,6.99,6.99,Dinheiro,5102,0.18,1.26
10392,2026-05-14 19:57:34,PDV 02,10,2.0,6.99,13.98,Cartão Débito,5102,0.18,2.52
10393,2026-05-14 14:01:14,PDV 05,10,2.0,6.99,13.98,Cartão Débito,5102,0.18,2.52
10394,2026-05-15 13:00:48,PDV 06,10,5.0,6.99,34.95,Cartão Débito,5102,0.18,6.29
10395,2026-05-16 09:13:33,PDV 02,10,2.0,6.99,13.98,Cartão Crédito,5102,0.18,2.52
10396,2026-05-16 08:09:45,PDV 03,10,2.0,6.99,13.98,Cartão Débito,5102,0.18,2.52
10397,2026-05-16 11:57:54,PDV 05,10,1.0,6.99,6.99,Cartão Crédito,5102,0.18,1.26
10398,2026-05-17 15:47:05,PDV 05,10,1.0,6.99,6.99,Cartão Débito,5102,0.18,1.26
10399,2026-05-17 10:40:52,PDV 04,10,2.0,6.99,13.98,Cartão Débito,5102,0.18,2.52
10400,2026-05-17 17:03:27,PDV 06,10,1.0,6.99,6.99,Dinheiro,5102,0.18,1.26
10401,2026-05-18 12:16:54,PDV 03,10,3.0,6.99,20.97,Dinheiro,5102,0.18,3.77
10402,2026-05-19 19:53:47,PDV 03,10,2.0,6.99,13.98,Cartão Débito,5102,0.18,2.52
10403,2026-05-19 12:14:04,PDV 02,10,1.0,6.99,6.99,Cartão Débito,5102,0.18,1.26
10404,2026-05-20 09:09:06,PDV 02,10,1.0,6.99,6.99,Cartão Crédito,5102,0.18,1.26
10405,2026-05-20 13:26:07,PDV 05,10,1.0,6.99,6.99,Cartão Débito,5102,0.18,1.26
10406,2026-05-20 20:13:28,PDV 03,10,1.0,6.99,6.99,Cartão Crédito,5102,0.18,1.26
10407,2026-05-21 09:10:51,PDV 06,10,3.0,6.99,20.97,Cartão Débito,5102,0.18,3.77
10408,2026-05-22 11:53:54,PDV 03,10,5.0,6.99,34.95,Cartão Débito,5102,0.18,6.29
10409,2026-05-23 13:25:32,PDV 01,10,2.0,6.99,13.98,Cartão Crédito,5102,0.18,2.52
10410,2026-05-23 12:52:11,PDV 01,10,3.0,6.99,20.97,Dinheiro,5102,0.18,3.77
10411,2026-05-24 16:47:35,PDV 02,10,1.0,6.99,6.99,Cartão Débito,5102,0.18,1.26
10412,2026-05-24 09:51:50,PDV 02,10,1.0,6.99,6.99,Cartão Débito,5102,0.18,1.26
10413,2026-05-24 08:53:49,PDV 02,10,1.0,6.99,6.99,Cartão Débito,5102,0.18,1.26
10414,2026-05-24 14:23:43,PDV 06,10,1.0,6.99,6.99,Dinheiro,5102,0.18,1.26
10415,2026-05-25 17:37:16,PDV 01,10,3.0,6.99,20.97,Cartão Débito,5102,0.18,3.77
10416,2026-05-26 11:57:41,PDV 04,10,3.0,6.99,20.97,PIX,5102,0.18,3.77
10417,2026-05-27 20:21:07,PDV 01,10,3.0,6.99,20.97,Dinheiro,5102,0.18,3.77
10418,2026-05-28 10:59:36,PDV 04,10,3.0,6.99,20.97,PIX,5102,0.18,3.77
10419,2026-05-29 15:01:24,PDV 06,10,1.0,6.99,6.99,Cartão Crédito,5102,0.18,1.26
10420,2026-05-29 13:13:58,PDV 02,10,1.0,6.99,6.99,Cartão Débito,5102,0.18,1.26
10421,2026-05-29 15:56:09,PDV 01,10,1.0,6.99,6.99,Cartão Crédito,5102,0.18,1.26
10422,2026-05-29 17:15:41,PDV 03,10,1.0,6.99,6.99,Cartão Crédito,5102,0.18,1.26
10423,2026-05-30 08:05:17,PDV 04,10,1.0,6.99,6.99,Cartão Débito,5102,0.18,1.26
10424,2026-05-30 11:41:56,PDV 05,10,1.0,6.99,6.99,Cartão Débito,5102,0.18,1.26
10425,2026-05-30 20:34:50,PDV 01,10,2.0,6.99,13.98,Dinheiro,5102,0.18,2.52
10426,2026-05-30 20:45:22,PDV 04,10,1.0,6.99,6.99,Cartão Crédito,5102,0.18,1.26
10427,2026-05-31 13:58:36,PDV 05,10,1.0,6.99,6.99,Cartão Débito,5102,0.18,1.26
10428,2026-05-31 12:11:01,PDV 03,10,1.0,6.99,6.99,Cartão Crédito,5102,0.18,1.26
10429,2026-05-31 08:57:51,PDV 03,10,1.0,6.99,6.99,Cartão Débito,5102,0.18,1.26
10430,2026-05-31 15:33:22,PDV 05,10,1.0,6.99,6.99,Dinheiro,5102,0.18,1.26
10431,2026-06-01 09:15:42,PDV 02,10,2.0,6.99,13.98,Cartão Débito,5102,0.18,2.52
10432,2026-06-01 20:58:47,PDV 01,10,2.0,6.99,13.98,PIX,5102,0.18,2.52
10433,2026-06-02 17:54:51,PDV 04,10,2.0,6.99,13.98,Cartão Débito,5102,0.18,2.52
10434,2026-06-02 10:11:15,PDV 05,10,2.0,6.99,13.98,Cartão Débito,5102,0.18,2.52
10435,2026-06-03 17:01:45,PDV 06,10,1.0,6.99,6.99,Cartão Débito,5102,0.18,1.26
10436,2026-06-03 17:36:09,PDV 05,10,2.0,6.99,13.98,Dinheiro,5102,0.18,2.52
10437,2026-06-03 20:56:31,PDV 05,10,1.0,6.99,6.99,Cartão Débito,5102,0.18,1.26
10438,2026-06-04 08:05:03,PDV 02,10,1.0,6.99,6.99,Cartão Crédito,5102,0.18,1.26
10439,2026-06-04 08:33:30,PDV 01,10,1.0,6.99,6.99,Cartão Débito,5102,0.18,1.26
10440,2026-06-04 17:12:51,PDV 02,10,2.0,6.99,13.98,Cartão Débito,5102,0.18,2.52
10441,2026-06-04 10:58:51,PDV 03,10,1.0,6.99,6.99,Cartão Débito,5102,0.18,1.26
10442,2026-06-05 17:45:58,PDV 02,10,3.0,6.99,20.97,PIX,5102,0.18,3.77
10443,2026-06-05 16:55:23,PDV 01,10,3.0,6.99,20.97,Cartão Débito,5102,0.18,3.77
10444,2026-06-06 17:06:21,PDV 03,10,2.0,6.99,13.98,Cartão Débito,5102,0.18,2.52
10445,2026-06-06 10:46:27,PDV 06,10,1.0,6.99,6.99,Dinheiro,5102,0.18,1.26
10446,2026-06-06 18:20:11,PDV 06,10,2.0,6.99,13.98,Dinheiro,5102,0.18,2.52
10447,2026-06-06 19:56:59,PDV 05,10,1.0,6.99,6.99,PIX,5102,0.18,1.26
10448,2026-06-07 18:37:52,PDV 02,10,2.0,6.99,13.98,Cartão Débito,5102,0.18,2.52
10449,2026-06-07 19:44:18,PDV 02,10,2.0,6.99,13.98,Cartão Débito,5102,0.18,2.52
10450,2026-06-08 19:36:25,PDV 05,10,4.0,6.99,27.96,Cartão Débito,5102,0.18,5.03
10451,2026-06-09 20:39:14,PDV 06,10,1.0,6.99,6.99,Cartão Crédito,5102,0.18,1.26
10452,2026-06-09 15:09:21,PDV 06,10,2.0,6.99,13.98,Cartão Débito,5102,0.18,2.52
10453,2026-06-09 13:20:10,PDV 06,10,1.0,6.99,6.99,PIX,5102,0.18,1.26
10454,2026-06-10 19:42:40,PDV 06,10,4.0,6.99,27.96,PIX,5102,0.18,5.03
10455,2026-06-11 08:16:13,PDV 02,10,1.0,6.99,6.99,Cartão Crédito,5102,0.18,1.26
10456,2026-06-11 13:16:50,PDV 01,10,1.0,6.99,6.99,Cartão Crédito,5102,0.18,1.26
10457,2026-06-11 08:24:28,PDV 06,10,1.0,6.99,6.99,Cartão Crédito,5102,0.18,1.26
10458,2026-06-11 10:56:26,PDV 04,10,1.0,6.99,6.99,PIX,5102,0.18,1.26
10459,2026-06-12 16:24:06,PDV 04,10,2.0,6.99,13.98,PIX,5102,0.18,2.52
10460,2026-06-12 17:41:48,PDV 06,10,2.0,6.99,13.98,Cartão Débito,5102,0.18,2.52
10461,2026-06-12 15:04:51,PDV 01,10,1.0,6.99,6.99,Cartão Débito,5102,0.18,1.26
10462,2026-06-13 12:06:04,PDV 03,10,2.0,6.99,13.98,Cartão Débito,5102,0.18,2.52
10463,2026-06-13 14:10:46,PDV 01,10,2.0,6.99,13.98,Cartão Crédito,5102,0.18,2.52
10464,2026-06-13 09:21:38,PDV 05,10,1.0,6.99,6.99,PIX,5102,0.18,1.26
10465,2026-06-14 08:27:41,PDV 02,10,1.0,6.99,6.99,Cartão Crédito,5102,0.18,1.26
10466,2026-06-14 14:10:03,PDV 01,10,1.0,6.99,6.99,Cartão Débito,5102,0.18,1.26
10467,2026-06-14 11:26:44,PDV 05,10,1.0,6.99,6.99,Cartão Crédito,5102,0.18,1.26
10468,2026-06-15 16:16:42,PDV 03,10,1.0,6.99,6.99,Cartão Débito,5102,0.18,1.26
10469,2026-06-15 09:03:25,PDV 05,10,1.0,6.99,6.99,Cartão Crédito,5102,0.18,1.26
10470,2026-06-15 15:09:03,PDV 03,10,1.0,6.99,6.99,Cartão Débito,5102,0.18,1.26
10471,2026-06-16 12:52:42,PDV 06,10,3.0,6.99,20.97,Cartão Crédito,5102,0.18,3.77
10472,2026-06-17 09:01:13,PDV 02,10,3.0,6.99,20.97,Cartão Crédito,5102,0.18,3.77
10473,2026-06-18 15:54:07,PDV 03,10,4.0,6.99,27.96,PIX,5102,0.18,5.03
10474,2026-06-19 15:57:42,PDV 03,10,1.0,6.99,6.99,Cartão Débito,5102,0.18,1.26
10475,2026-06-19 16:24:11,PDV 03,10,1.0,6.99,6.99,PIX,5102,0.18,1.26
10476,2026-06-19 13:11:28,PDV 01,10,2.0,6.99,13.98,Cartão Débito,5102,0.18,2.52
10477,2026-06-19 15:16:14,PDV 03,10,1.0,6.99,6.99,Cartão Crédito,5102,0.18,1.26
10478,2026-06-20 20:44:42,PDV 01,10,2.0,6.99,13.98,Cartão Débito,5102,0.18,2.52
10479,2026-06-20 13:51:34,PDV 04,10,3.0,6.99,20.97,Dinheiro,5102,0.18,3.77
10480,2026-06-21 16:03:53,PDV 04,10,2.0,6.99,13.98,PIX,5102,0.18,2.52
10481,2026-06-21 14:34:43,PDV 04,10,2.0,6.99,13.98,Cartão Crédito,5102,0.18,2.52
10482,2026-06-22 15:19:05,PDV 04,10,3.0,6.99,20.97,Dinheiro,5102,0.18,3.77
10483,2026-06-23 08:32:36,PDV 05,10,1.0,6.99,6.99,PIX,5102,0.18,1.26
10484,2026-06-23 18:39:09,PDV 01,10,1.0,6.99,6.99,Dinheiro,5102,0.18,1.26
10485,2026-06-23 15:11:10,PDV 02,10,1.0,6.99,6.99,PIX,5102,0.18,1.26
10486,2026-06-24 08:27:05,PDV 06,10,3.0,6.99,20.97,Cartão Crédito,5102,0.18,3.77
10487,2026-06-25 10:53:38,PDV 03,10,1.0,6.99,6.99,Cartão Débito,5102,0.18,1.26
10488,2026-06-25 19:58:51,PDV 01,10,1.0,6.99,6.99,Cartão Débito,5102,0.18,1.26
10489,2026-06-25 16:25:35,PDV 03,10,1.0,6.99,6.99,PIX,5102,0.18,1.26
10490,2026-06-26 08:50:44,PDV 05,10,1.0,6.99,6.99,Cartão Crédito,5102,0.18,1.26
10491,2026-06-26 20:26:07,PDV 04,10,1.0,6.99,6.99,Cartão Débito,5102,0.18,1.26
10492,2026-06-26 17:37:37,PDV 01,10,2.0,6.99,13.98,Dinheiro,5102,0.18,2.52
10493,2026-06-26 17:49:06,PDV 03,10,1.0,6.99,6.99,PIX,5102,0.18,1.26
10494,2026-06-27 14:16:24,PDV 06,10,1.0,6.99,6.99,Cartão Crédito,5102,0.18,1.26
10495,2026-06-27 17:30:02,PDV 02,10,2.0,6.99,13.98,Cartão Débito,5102,0.18,2.52
10496,2026-06-27 10:39:38,PDV 06,10,1.0,6.99,6.99,Cartão Crédito,5102,0.18,1.26
10497,2026-06-28 14:56:56,PDV 03,10,4.0,6.99,27.96,Cartão Crédito,5102,0.18,5.03
10498,2026-06-29 08:47:30,PDV 03,10,2.0,6.99,13.98,PIX,5102,0.18,2.52
10499,2026-04-01 12:19:43,PDV 01,11,1.0,7.99,7.99,Cartão Crédito,5102,0.18,1.44
10500,2026-04-01 13:17:40,PDV 03,11,1.0,7.99,7.99,PIX,5102,0.18,1.44
10501,2026-04-01 12:41:45,PDV 06,11,1.0,7.99,7.99,Cartão Débito,5102,0.18,1.44
10502,2026-04-02 16:48:15,PDV 01,11,2.0,7.99,15.98,PIX,5102,0.18,2.88
10503,2026-04-02 20:51:38,PDV 04,11,3.0,7.99,23.97,Cartão Crédito,5102,0.18,4.31
10504,2026-04-03 19:01:41,PDV 04,11,3.0,7.99,23.97,Dinheiro,5102,0.18,4.31
10505,2026-04-03 12:58:26,PDV 04,11,3.0,7.99,23.97,Cartão Débito,5102,0.18,4.31
10506,2026-04-04 17:45:36,PDV 02,11,6.0,7.99,47.94,Cartão Débito,5102,0.18,8.63
10507,2026-04-05 18:34:40,PDV 04,11,2.0,7.99,15.98,Dinheiro,5102,0.18,2.88
10508,2026-04-05 18:22:32,PDV 03,11,3.0,7.99,23.97,PIX,5102,0.18,4.31
10509,2026-04-06 12:06:30,PDV 02,11,2.0,7.99,15.98,Cartão Crédito,5102,0.18,2.88
10510,2026-04-06 19:51:35,PDV 02,11,2.0,7.99,15.98,Dinheiro,5102,0.18,2.88
10511,2026-04-07 18:05:14,PDV 03,11,2.0,7.99,15.98,Cartão Débito,5102,0.18,2.88
10512,2026-04-07 12:26:50,PDV 03,11,1.0,7.99,7.99,Cartão Débito,5102,0.18,1.44
10513,2026-04-08 15:54:07,PDV 04,11,1.0,7.99,7.99,Cartão Débito,5102,0.18,1.44
10514,2026-04-08 18:37:37,PDV 05,11,2.0,7.99,15.98,Cartão Débito,5102,0.18,2.88
10515,2026-04-08 11:32:07,PDV 06,11,1.0,7.99,7.99,Cartão Débito,5102,0.18,1.44
10516,2026-04-09 14:03:55,PDV 02,11,1.0,7.99,7.99,Cartão Débito,5102,0.18,1.44
10517,2026-04-09 11:21:26,PDV 05,11,2.0,7.99,15.98,PIX,5102,0.18,2.88
10518,2026-04-09 15:09:20,PDV 06,11,1.0,7.99,7.99,Cartão Débito,5102,0.18,1.44
10519,2026-04-10 15:21:40,PDV 02,11,7.0,7.99,55.93,Cartão Débito,5102,0.18,10.07
10520,2026-04-11 08:28:17,PDV 02,11,5.0,7.99,39.95,PIX,5102,0.18,7.19
10521,2026-04-12 17:48:10,PDV 04,11,2.0,7.99,15.98,PIX,5102,0.18,2.88
10522,2026-04-12 20:05:08,PDV 05,11,2.0,7.99,15.98,Cartão Crédito,5102,0.18,2.88
10523,2026-04-13 14:27:30,PDV 04,11,2.0,7.99,15.98,Cartão Débito,5102,0.18,2.88
10524,2026-04-13 16:12:46,PDV 03,11,1.0,7.99,7.99,Dinheiro,5102,0.18,1.44
10525,2026-04-14 20:53:33,PDV 02,11,2.0,7.99,15.98,Cartão Débito,5102,0.18,2.88
10526,2026-04-14 08:40:46,PDV 02,11,1.0,7.99,7.99,Cartão Débito,5102,0.18,1.44
10527,2026-04-15 12:08:06,PDV 04,11,2.0,7.99,15.98,Cartão Crédito,5102,0.18,2.88
10528,2026-04-15 12:10:04,PDV 01,11,1.0,7.99,7.99,Cartão Débito,5102,0.18,1.44
10529,2026-04-16 15:46:33,PDV 05,11,1.0,7.99,7.99,Cartão Crédito,5102,0.18,1.44
10530,2026-04-16 14:56:43,PDV 02,11,2.0,7.99,15.98,Cartão Débito,5102,0.18,2.88
10531,2026-04-16 15:22:48,PDV 02,11,1.0,7.99,7.99,Cartão Débito,5102,0.18,1.44
10532,2026-04-17 08:14:14,PDV 06,11,1.0,7.99,7.99,Dinheiro,5102,0.18,1.44
10533,2026-04-17 11:46:01,PDV 05,11,1.0,7.99,7.99,Cartão Crédito,5102,0.18,1.44
10534,2026-04-17 09:23:45,PDV 06,11,2.0,7.99,15.98,PIX,5102,0.18,2.88
10535,2026-04-17 14:56:40,PDV 03,11,1.0,7.99,7.99,PIX,5102,0.18,1.44
10536,2026-04-18 17:03:42,PDV 01,11,5.0,7.99,39.95,Cartão Crédito,5102,0.18,7.19
10537,2026-04-19 08:44:07,PDV 04,11,4.0,7.99,31.96,Cartão Crédito,5102,0.18,5.75
10538,2026-04-20 16:16:30,PDV 06,11,3.0,7.99,23.97,Cartão Débito,5102,0.18,4.31
10539,2026-04-21 18:40:00,PDV 03,11,1.0,7.99,7.99,Cartão Crédito,5102,0.18,1.44
10540,2026-04-21 09:42:33,PDV 03,11,1.0,7.99,7.99,Cartão Crédito,5102,0.18,1.44
10541,2026-04-21 19:08:26,PDV 01,11,1.0,7.99,7.99,Cartão Crédito,5102,0.18,1.44
10542,2026-04-22 09:18:07,PDV 01,11,1.0,7.99,7.99,Cartão Crédito,5102,0.18,1.44
10543,2026-04-22 17:12:49,PDV 03,11,1.0,7.99,7.99,PIX,5102,0.18,1.44
10544,2026-04-22 11:22:45,PDV 04,11,1.0,7.99,7.99,Cartão Débito,5102,0.18,1.44
10545,2026-04-23 16:31:58,PDV 02,11,4.0,7.99,31.96,Cartão Crédito,5102,0.18,5.75
10546,2026-04-24 13:15:00,PDV 01,11,1.0,7.99,7.99,Cartão Crédito,5102,0.18,1.44
10547,2026-04-24 09:53:36,PDV 06,11,1.0,7.99,7.99,Cartão Crédito,5102,0.18,1.44
10548,2026-04-24 09:49:32,PDV 01,11,1.0,7.99,7.99,Cartão Crédito,5102,0.18,1.44
10549,2026-04-24 09:57:16,PDV 06,11,1.0,7.99,7.99,Cartão Débito,5102,0.18,1.44
10550,2026-04-25 12:29:03,PDV 01,11,2.0,7.99,15.98,PIX,5102,0.18,2.88
10551,2026-04-25 08:54:18,PDV 03,11,2.0,7.99,15.98,PIX,5102,0.18,2.88
10552,2026-04-25 13:27:47,PDV 01,11,1.0,7.99,7.99,Cartão Débito,5102,0.18,1.44
10553,2026-04-26 08:54:08,PDV 06,11,4.0,7.99,31.96,Cartão Crédito,5102,0.18,5.75
10554,2026-04-27 13:57:28,PDV 05,11,2.0,7.99,15.98,Cartão Débito,5102,0.18,2.88
10555,2026-04-27 19:05:23,PDV 03,11,1.0,7.99,7.99,Cartão Débito,5102,0.18,1.44
10556,2026-04-28 14:29:17,PDV 04,11,2.0,7.99,15.98,Cartão Crédito,5102,0.18,2.88
10557,2026-04-28 15:51:26,PDV 06,11,1.0,7.99,7.99,PIX,5102,0.18,1.44
10558,2026-04-29 09:08:44,PDV 06,11,3.0,7.99,23.97,Cartão Débito,5102,0.18,4.31
10559,2026-04-30 09:26:58,PDV 05,11,3.0,7.99,23.97,Cartão Crédito,5102,0.18,4.31
10560,2026-05-01 10:39:24,PDV 03,11,2.0,7.99,15.98,Cartão Crédito,5102,0.18,2.88
10561,2026-05-01 18:56:53,PDV 06,11,1.0,7.99,7.99,Dinheiro,5102,0.18,1.44
10562,2026-05-01 10:30:58,PDV 04,11,2.0,7.99,15.98,Cartão Débito,5102,0.18,2.88
10563,2026-05-01 14:28:02,PDV 01,11,1.0,7.99,7.99,Cartão Débito,5102,0.18,1.44
10564,2026-05-02 08:45:55,PDV 06,11,2.0,7.99,15.98,Cartão Crédito,5102,0.18,2.88
10565,2026-05-02 19:36:46,PDV 05,11,2.0,7.99,15.98,Cartão Débito,5102,0.18,2.88
10566,2026-05-02 18:55:21,PDV 05,11,3.0,7.99,23.97,Cartão Crédito,5102,0.18,4.31
10567,2026-05-03 14:42:46,PDV 02,11,5.0,7.99,39.95,Cartão Crédito,5102,0.18,7.19
10568,2026-05-04 18:41:24,PDV 02,11,1.0,7.99,7.99,PIX,5102,0.18,1.44
10569,2026-05-04 16:57:39,PDV 01,11,1.0,7.99,7.99,Cartão Débito,5102,0.18,1.44
10570,2026-05-04 10:32:54,PDV 04,11,1.0,7.99,7.99,PIX,5102,0.18,1.44
10571,2026-05-05 09:48:31,PDV 03,11,2.0,7.99,15.98,Cartão Débito,5102,0.18,2.88
10572,2026-05-05 12:03:32,PDV 02,11,2.0,7.99,15.98,Cartão Crédito,5102,0.18,2.88
10573,2026-05-06 14:52:15,PDV 01,11,1.0,7.99,7.99,Cartão Crédito,5102,0.18,1.44
10574,2026-05-06 20:36:28,PDV 01,11,1.0,7.99,7.99,PIX,5102,0.18,1.44
10575,2026-05-06 15:20:07,PDV 04,11,1.0,7.99,7.99,Cartão Crédito,5102,0.18,1.44
10576,2026-05-06 08:06:25,PDV 04,11,1.0,7.99,7.99,Cartão Débito,5102,0.18,1.44
10577,2026-05-07 09:50:38,PDV 05,11,5.0,7.99,39.95,Cartão Crédito,5102,0.18,7.19
10578,2026-05-08 18:42:29,PDV 03,11,3.0,7.99,23.97,Cartão Débito,5102,0.18,4.31
10579,2026-05-08 08:52:14,PDV 04,11,3.0,7.99,23.97,Cartão Débito,5102,0.18,4.31
10580,2026-05-09 19:42:23,PDV 06,11,2.0,7.99,15.98,Cartão Crédito,5102,0.18,2.88
10581,2026-05-09 09:48:42,PDV 02,11,2.0,7.99,15.98,Cartão Débito,5102,0.18,2.88
10582,2026-05-09 13:53:40,PDV 03,11,2.0,7.99,15.98,Cartão Crédito,5102,0.18,2.88
10583,2026-05-09 13:44:06,PDV 01,11,1.0,7.99,7.99,PIX,5102,0.18,1.44
10584,2026-05-10 10:52:45,PDV 06,11,1.0,7.99,7.99,Cartão Crédito,5102,0.18,1.44
10585,2026-05-10 09:16:39,PDV 02,11,1.0,7.99,7.99,Cartão Débito,5102,0.18,1.44
10586,2026-05-10 14:13:29,PDV 02,11,2.0,7.99,15.98,Cartão Crédito,5102,0.18,2.88
10587,2026-05-10 09:48:26,PDV 01,11,1.0,7.99,7.99,Dinheiro,5102,0.18,1.44
10588,2026-05-11 17:07:49,PDV 04,11,1.0,7.99,7.99,Cartão Crédito,5102,0.18,1.44
10589,2026-05-11 17:32:08,PDV 04,11,1.0,7.99,7.99,Cartão Débito,5102,0.18,1.44
10590,2026-05-11 19:03:35,PDV 04,11,1.0,7.99,7.99,PIX,5102,0.18,1.44
10591,2026-05-12 16:49:58,PDV 02,11,2.0,7.99,15.98,Cartão Crédito,5102,0.18,2.88
10592,2026-05-12 10:46:52,PDV 02,11,1.0,7.99,7.99,Cartão Débito,5102,0.18,1.44
10593,2026-05-13 17:38:56,PDV 03,11,1.0,7.99,7.99,Cartão Crédito,5102,0.18,1.44
10594,2026-05-13 14:26:38,PDV 06,11,1.0,7.99,7.99,PIX,5102,0.18,1.44
10595,2026-05-13 12:25:21,PDV 03,11,1.0,7.99,7.99,Cartão Crédito,5102,0.18,1.44
10596,2026-05-14 10:26:38,PDV 06,11,2.0,7.99,15.98,PIX,5102,0.18,2.88
10597,2026-05-14 16:19:53,PDV 06,11,2.0,7.99,15.98,Cartão Crédito,5102,0.18,2.88
10598,2026-05-15 19:47:59,PDV 05,11,2.0,7.99,15.98,Cartão Crédito,5102,0.18,2.88
10599,2026-05-15 11:13:39,PDV 06,11,2.0,7.99,15.98,Cartão Débito,5102,0.18,2.88
10600,2026-05-15 13:58:43,PDV 02,11,1.0,7.99,7.99,Dinheiro,5102,0.18,1.44
10601,2026-05-16 16:34:44,PDV 06,11,2.0,7.99,15.98,Cartão Débito,5102,0.18,2.88
10602,2026-05-16 09:48:22,PDV 05,11,2.0,7.99,15.98,Cartão Crédito,5102,0.18,2.88
10603,2026-05-17 18:47:57,PDV 05,11,1.0,7.99,7.99,Cartão Débito,5102,0.18,1.44
10604,2026-05-17 14:51:00,PDV 05,11,1.0,7.99,7.99,Cartão Débito,5102,0.18,1.44
10605,2026-05-17 14:09:03,PDV 06,11,1.0,7.99,7.99,Cartão Débito,5102,0.18,1.44
10606,2026-05-17 12:48:50,PDV 02,11,1.0,7.99,7.99,Dinheiro,5102,0.18,1.44
10607,2026-05-18 12:09:53,PDV 01,11,1.0,7.99,7.99,Cartão Crédito,5102,0.18,1.44
10608,2026-05-18 12:13:48,PDV 05,11,1.0,7.99,7.99,Cartão Débito,5102,0.18,1.44
10609,2026-05-18 15:06:39,PDV 06,11,1.0,7.99,7.99,Cartão Crédito,5102,0.18,1.44
10610,2026-05-19 19:41:35,PDV 04,11,3.0,7.99,23.97,Cartão Débito,5102,0.18,4.31
10611,2026-05-20 12:44:42,PDV 01,11,1.0,7.99,7.99,Dinheiro,5102,0.18,1.44
10612,2026-05-20 14:26:50,PDV 06,11,1.0,7.99,7.99,Cartão Débito,5102,0.18,1.44
10613,2026-05-20 16:03:00,PDV 06,11,1.0,7.99,7.99,Cartão Débito,5102,0.18,1.44
10614,2026-05-21 11:58:40,PDV 06,11,1.0,7.99,7.99,Cartão Crédito,5102,0.18,1.44
10615,2026-05-21 13:48:37,PDV 05,11,1.0,7.99,7.99,Cartão Crédito,5102,0.18,1.44
10616,2026-05-21 11:49:46,PDV 02,11,1.0,7.99,7.99,Cartão Débito,5102,0.18,1.44
10617,2026-05-21 10:43:04,PDV 02,11,1.0,7.99,7.99,Dinheiro,5102,0.18,1.44
10618,2026-05-22 14:02:27,PDV 03,11,5.0,7.99,39.95,Cartão Crédito,5102,0.18,7.19
10619,2026-05-23 10:37:54,PDV 03,11,2.0,7.99,15.98,Cartão Débito,5102,0.18,2.88
10620,2026-05-23 15:45:59,PDV 02,11,3.0,7.99,23.97,Cartão Débito,5102,0.18,4.31
10621,2026-05-24 17:03:49,PDV 06,11,1.0,7.99,7.99,Cartão Crédito,5102,0.18,1.44
10622,2026-05-24 18:19:31,PDV 05,11,2.0,7.99,15.98,Cartão Crédito,5102,0.18,2.88
10623,2026-05-24 09:50:45,PDV 03,11,1.0,7.99,7.99,Cartão Crédito,5102,0.18,1.44
10624,2026-05-25 16:04:50,PDV 05,11,3.0,7.99,23.97,Cartão Débito,5102,0.18,4.31
10625,2026-05-26 16:25:05,PDV 03,11,1.0,7.99,7.99,Cartão Débito,5102,0.18,1.44
10626,2026-05-26 11:42:21,PDV 03,11,1.0,7.99,7.99,Cartão Débito,5102,0.18,1.44
10627,2026-05-26 11:48:39,PDV 05,11,1.0,7.99,7.99,Cartão Crédito,5102,0.18,1.44
10628,2026-05-27 20:41:00,PDV 01,11,1.0,7.99,7.99,Cartão Crédito,5102,0.18,1.44
10629,2026-05-27 15:15:57,PDV 06,11,1.0,7.99,7.99,Cartão Crédito,5102,0.18,1.44
10630,2026-05-27 17:15:02,PDV 06,11,1.0,7.99,7.99,PIX,5102,0.18,1.44
10631,2026-05-28 20:07:24,PDV 03,11,1.0,7.99,7.99,Cartão Crédito,5102,0.18,1.44
10632,2026-05-28 12:01:58,PDV 05,11,1.0,7.99,7.99,PIX,5102,0.18,1.44
10633,2026-05-28 13:32:51,PDV 05,11,1.0,7.99,7.99,Cartão Crédito,5102,0.18,1.44
10634,2026-05-28 08:18:57,PDV 06,11,1.0,7.99,7.99,Cartão Débito,5102,0.18,1.44
10635,2026-05-29 09:10:49,PDV 05,11,6.0,7.99,47.94,Cartão Crédito,5102,0.18,8.63
10636,2026-05-30 11:42:40,PDV 02,11,5.0,7.99,39.95,PIX,5102,0.18,7.19
10637,2026-05-31 09:13:34,PDV 06,11,1.0,7.99,7.99,PIX,5102,0.18,1.44
10638,2026-05-31 19:49:27,PDV 06,11,1.0,7.99,7.99,PIX,5102,0.18,1.44
10639,2026-05-31 09:47:43,PDV 02,11,1.0,7.99,7.99,Cartão Débito,5102,0.18,1.44
10640,2026-05-31 19:21:02,PDV 01,11,1.0,7.99,7.99,Cartão Débito,5102,0.18,1.44
10641,2026-06-01 20:16:35,PDV 01,11,3.0,7.99,23.97,Cartão Crédito,5102,0.18,4.31
10642,2026-06-02 12:26:24,PDV 04,11,2.0,7.99,15.98,Cartão Crédito,5102,0.18,2.88
10643,2026-06-02 14:20:01,PDV 04,11,2.0,7.99,15.98,Cartão Crédito,5102,0.18,2.88
10644,2026-06-03 08:41:46,PDV 05,11,1.0,7.99,7.99,Cartão Débito,5102,0.18,1.44
10645,2026-06-03 19:37:02,PDV 06,11,1.0,7.99,7.99,PIX,5102,0.18,1.44
10646,2026-06-03 13:59:32,PDV 01,11,1.0,7.99,7.99,Cartão Débito,5102,0.18,1.44
10647,2026-06-04 17:05:18,PDV 04,11,2.0,7.99,15.98,Cartão Débito,5102,0.18,2.88
10648,2026-06-04 18:01:30,PDV 02,11,2.0,7.99,15.98,Cartão Crédito,5102,0.18,2.88
10649,2026-06-04 10:47:25,PDV 05,11,1.0,7.99,7.99,Cartão Débito,5102,0.18,1.44
10650,2026-06-05 12:43:56,PDV 06,11,4.0,7.99,31.96,Cartão Crédito,5102,0.18,5.75
10651,2026-06-05 08:35:55,PDV 05,11,3.0,7.99,23.97,Cartão Débito,5102,0.18,4.31
10652,2026-06-06 08:36:38,PDV 04,11,5.0,7.99,39.95,Cartão Crédito,5102,0.18,7.19
10653,2026-06-07 12:13:47,PDV 06,11,6.0,7.99,47.94,Dinheiro,5102,0.18,8.63
10654,2026-06-08 11:26:57,PDV 06,11,1.0,7.99,7.99,PIX,5102,0.18,1.44
10655,2026-06-08 10:10:11,PDV 02,11,2.0,7.99,15.98,Cartão Crédito,5102,0.18,2.88
10656,2026-06-08 12:12:07,PDV 02,11,1.0,7.99,7.99,Cartão Crédito,5102,0.18,1.44
10657,2026-06-09 20:59:35,PDV 04,11,4.0,7.99,31.96,Cartão Crédito,5102,0.18,5.75
10658,2026-06-10 12:42:04,PDV 03,11,3.0,7.99,23.97,Cartão Débito,5102,0.18,4.31
10659,2026-06-11 13:22:08,PDV 06,11,1.0,7.99,7.99,Cartão Crédito,5102,0.18,1.44
10660,2026-06-11 09:18:39,PDV 01,11,1.0,7.99,7.99,Dinheiro,5102,0.18,1.44
10661,2026-06-11 13:31:28,PDV 03,11,1.0,7.99,7.99,Cartão Crédito,5102,0.18,1.44
10662,2026-06-11 12:44:37,PDV 02,11,1.0,7.99,7.99,Cartão Crédito,5102,0.18,1.44
10663,2026-06-12 20:20:27,PDV 02,11,2.0,7.99,15.98,Cartão Débito,5102,0.18,2.88
10664,2026-06-12 11:50:14,PDV 06,11,2.0,7.99,15.98,Cartão Crédito,5102,0.18,2.88
10665,2026-06-12 14:17:53,PDV 03,11,1.0,7.99,7.99,Cartão Débito,5102,0.18,1.44
10666,2026-06-13 15:29:28,PDV 03,11,2.0,7.99,15.98,PIX,5102,0.18,2.88
10667,2026-06-13 15:35:06,PDV 02,11,2.0,7.99,15.98,Cartão Crédito,5102,0.18,2.88
10668,2026-06-13 09:53:17,PDV 02,11,1.0,7.99,7.99,PIX,5102,0.18,1.44
10669,2026-06-14 12:46:56,PDV 06,11,2.0,7.99,15.98,Cartão Débito,5102,0.18,2.88
10670,2026-06-14 09:57:01,PDV 05,11,2.0,7.99,15.98,Cartão Crédito,5102,0.18,2.88
10671,2026-06-15 17:25:49,PDV 05,11,1.0,7.99,7.99,Cartão Débito,5102,0.18,1.44
10672,2026-06-15 08:35:16,PDV 05,11,1.0,7.99,7.99,PIX,5102,0.18,1.44
10673,2026-06-15 16:30:41,PDV 02,11,1.0,7.99,7.99,Cartão Débito,5102,0.18,1.44
10674,2026-06-16 20:37:46,PDV 03,11,3.0,7.99,23.97,Cartão Débito,5102,0.18,4.31
10675,2026-06-17 16:05:25,PDV 03,11,1.0,7.99,7.99,Cartão Crédito,5102,0.18,1.44
10676,2026-06-17 18:15:54,PDV 05,11,1.0,7.99,7.99,Cartão Crédito,5102,0.18,1.44
10677,2026-06-17 20:32:08,PDV 04,11,1.0,7.99,7.99,Cartão Débito,5102,0.18,1.44
10678,2026-06-18 19:46:30,PDV 03,11,2.0,7.99,15.98,Cartão Débito,5102,0.18,2.88
10679,2026-06-18 20:31:14,PDV 01,11,2.0,7.99,15.98,Cartão Débito,5102,0.18,2.88
10680,2026-06-19 08:42:13,PDV 05,11,2.0,7.99,15.98,Dinheiro,5102,0.18,2.88
10681,2026-06-19 13:24:30,PDV 04,11,3.0,7.99,23.97,PIX,5102,0.18,4.31
10682,2026-06-20 18:20:06,PDV 06,11,5.0,7.99,39.95,Dinheiro,5102,0.18,7.19
10683,2026-06-21 19:16:37,PDV 05,11,1.0,7.99,7.99,Cartão Crédito,5102,0.18,1.44
10684,2026-06-21 14:41:24,PDV 03,11,2.0,7.99,15.98,Cartão Crédito,5102,0.18,2.88
10685,2026-06-21 09:33:16,PDV 04,11,1.0,7.99,7.99,Dinheiro,5102,0.18,1.44
10686,2026-06-22 16:25:22,PDV 03,11,3.0,7.99,23.97,Cartão Crédito,5102,0.18,4.31
10687,2026-06-23 17:00:32,PDV 02,11,2.0,7.99,15.98,Cartão Crédito,5102,0.18,2.88
10688,2026-06-23 11:04:32,PDV 06,11,1.0,7.99,7.99,Cartão Débito,5102,0.18,1.44
10689,2026-06-24 10:10:23,PDV 05,11,3.0,7.99,23.97,Cartão Crédito,5102,0.18,4.31
10690,2026-06-25 18:14:26,PDV 03,11,4.0,7.99,31.96,Cartão Crédito,5102,0.18,5.75
10691,2026-06-26 18:30:30,PDV 02,11,1.0,7.99,7.99,Cartão Crédito,5102,0.18,1.44
10692,2026-06-26 18:53:26,PDV 01,11,1.0,7.99,7.99,Cartão Débito,5102,0.18,1.44
10693,2026-06-26 10:36:37,PDV 02,11,2.0,7.99,15.98,Cartão Débito,5102,0.18,2.88
10694,2026-06-26 16:02:57,PDV 05,11,1.0,7.99,7.99,Cartão Débito,5102,0.18,1.44
10695,2026-06-27 12:59:11,PDV 05,11,2.0,7.99,15.98,Dinheiro,5102,0.18,2.88
10696,2026-06-27 17:36:40,PDV 01,11,3.0,7.99,23.97,PIX,5102,0.18,4.31
10697,2026-06-28 09:13:28,PDV 05,11,1.0,7.99,7.99,Dinheiro,5102,0.18,1.44
10698,2026-06-28 15:10:14,PDV 04,11,2.0,7.99,15.98,Cartão Crédito,5102,0.18,2.88
10699,2026-06-28 20:37:52,PDV 02,11,1.0,7.99,7.99,Cartão Crédito,5102,0.18,1.44
10700,2026-06-29 12:10:46,PDV 06,11,1.0,7.99,7.99,Cartão Débito,5102,0.18,1.44
10701,2026-06-29 15:38:37,PDV 01,11,1.0,7.99,7.99,Cartão Débito,5102,0.18,1.44
10702,2026-06-29 14:08:06,PDV 01,11,1.0,7.99,7.99,Cartão Débito,5102,0.18,1.44
10703,2026-04-01 14:39:41,PDV 05,12,2.0,4.49,8.98,Cartão Débito,5102,0.18,1.62
10704,2026-04-01 17:03:49,PDV 02,12,2.0,4.49,8.98,Cartão Crédito,5102,0.18,1.62
10705,2026-04-01 15:00:12,PDV 06,12,2.0,4.49,8.98,Dinheiro,5102,0.18,1.62
10706,2026-04-01 16:18:12,PDV 01,12,2.0,4.49,8.98,PIX,5102,0.18,1.62
10707,2026-04-02 17:10:43,PDV 01,12,5.0,4.49,22.45,Cartão Débito,5102,0.18,4.04
10708,2026-04-02 18:00:10,PDV 01,12,5.0,4.49,22.45,Dinheiro,5102,0.18,4.04
10709,2026-04-03 13:42:25,PDV 04,12,3.0,4.49,13.47,Cartão Crédito,5102,0.18,2.42
10710,2026-04-03 16:00:47,PDV 06,12,3.0,4.49,13.47,Cartão Débito,5102,0.18,2.42
10711,2026-04-03 09:35:18,PDV 06,12,3.0,4.49,13.47,PIX,5102,0.18,2.42
10712,2026-04-03 17:22:22,PDV 03,12,3.0,4.49,13.47,Cartão Débito,5102,0.18,2.42
10713,2026-04-04 15:59:25,PDV 05,12,6.0,4.49,26.94,Cartão Débito,5102,0.18,4.85
10714,2026-04-04 10:26:32,PDV 01,12,5.0,4.49,22.45,Cartão Crédito,5102,0.18,4.04
10715,2026-04-05 13:07:51,PDV 05,12,3.0,4.49,13.47,Dinheiro,5102,0.18,2.42
10716,2026-04-05 16:52:50,PDV 05,12,3.0,4.49,13.47,Cartão Débito,5102,0.18,2.42
10717,2026-04-05 15:24:36,PDV 04,12,3.0,4.49,13.47,PIX,5102,0.18,2.42
10718,2026-04-06 20:29:43,PDV 04,12,2.0,4.49,8.98,PIX,5102,0.18,1.62
10719,2026-04-06 08:30:07,PDV 03,12,2.0,4.49,8.98,Cartão Débito,5102,0.18,1.62
10720,2026-04-06 18:50:14,PDV 06,12,3.0,4.49,13.47,Cartão Crédito,5102,0.18,2.42
10721,2026-04-07 14:22:33,PDV 05,12,3.0,4.49,13.47,Cartão Débito,5102,0.18,2.42
10722,2026-04-07 12:15:18,PDV 01,12,2.0,4.49,8.98,Cartão Débito,5102,0.18,1.62
10723,2026-04-07 19:52:21,PDV 01,12,3.0,4.49,13.47,Cartão Crédito,5102,0.18,2.42
10724,2026-04-08 15:20:22,PDV 02,12,3.0,4.49,13.47,PIX,5102,0.18,2.42
10725,2026-04-08 12:11:47,PDV 06,12,3.0,4.49,13.47,Dinheiro,5102,0.18,2.42
10726,2026-04-09 15:47:12,PDV 02,12,6.0,4.49,26.94,Cartão Crédito,5102,0.18,4.85
10727,2026-04-09 12:13:14,PDV 02,12,5.0,4.49,22.45,PIX,5102,0.18,4.04
10728,2026-04-10 10:49:06,PDV 01,12,4.0,4.49,17.96,Dinheiro,5102,0.18,3.23
10729,2026-04-10 18:42:31,PDV 05,12,4.0,4.49,17.96,Cartão Débito,5102,0.18,3.23
10730,2026-04-10 16:02:54,PDV 04,12,4.0,4.49,17.96,Cartão Débito,5102,0.18,3.23
10731,2026-04-11 15:57:56,PDV 05,12,3.0,4.49,13.47,PIX,5102,0.18,2.42
10732,2026-04-11 15:11:48,PDV 05,12,3.0,4.49,13.47,Cartão Débito,5102,0.18,2.42
10733,2026-04-11 11:48:36,PDV 02,12,3.0,4.49,13.47,Cartão Débito,5102,0.18,2.42
10734,2026-04-12 15:34:02,PDV 05,12,2.0,4.49,8.98,Cartão Débito,5102,0.18,1.62
10735,2026-04-12 18:49:11,PDV 04,12,2.0,4.49,8.98,Dinheiro,5102,0.18,1.62
10736,2026-04-12 19:33:29,PDV 03,12,2.0,4.49,8.98,Cartão Crédito,5102,0.18,1.62
10737,2026-04-12 08:43:13,PDV 04,12,2.0,4.49,8.98,Cartão Crédito,5102,0.18,1.62
10738,2026-04-13 13:39:55,PDV 03,12,2.0,4.49,8.98,Cartão Débito,5102,0.18,1.62
10739,2026-04-13 12:15:17,PDV 04,12,2.0,4.49,8.98,Dinheiro,5102,0.18,1.62
10740,2026-04-13 13:23:11,PDV 04,12,1.0,4.49,4.49,Cartão Crédito,5102,0.18,0.81
10741,2026-04-14 19:48:23,PDV 03,12,2.0,4.49,8.98,PIX,5102,0.18,1.62
10742,2026-04-14 12:28:11,PDV 05,12,1.0,4.49,4.49,Cartão Débito,5102,0.18,0.81
10743,2026-04-14 17:43:14,PDV 01,12,2.0,4.49,8.98,Cartão Crédito,5102,0.18,1.62
10744,2026-04-14 20:15:35,PDV 04,12,1.0,4.49,4.49,PIX,5102,0.18,0.81
10745,2026-04-15 10:51:47,PDV 02,12,3.0,4.49,13.47,Cartão Crédito,5102,0.18,2.42
10746,2026-04-15 08:11:26,PDV 04,12,3.0,4.49,13.47,Cartão Débito,5102,0.18,2.42
10747,2026-04-16 20:31:19,PDV 03,12,3.0,4.49,13.47,Cartão Crédito,5102,0.18,2.42
10748,2026-04-16 17:03:25,PDV 01,12,3.0,4.49,13.47,Cartão Crédito,5102,0.18,2.42
10749,2026-04-16 08:13:52,PDV 03,12,3.0,4.49,13.47,Cartão Crédito,5102,0.18,2.42
10750,2026-04-17 15:47:21,PDV 03,12,11.0,4.49,49.39,Cartão Débito,5102,0.18,8.89
10751,2026-04-18 13:01:26,PDV 01,12,3.0,4.49,13.47,Cartão Débito,5102,0.18,2.42
10752,2026-04-18 18:38:12,PDV 05,12,4.0,4.49,17.96,Cartão Crédito,5102,0.18,3.23
10753,2026-04-18 18:34:11,PDV 03,12,3.0,4.49,13.47,Cartão Débito,5102,0.18,2.42
10754,2026-04-19 20:47:28,PDV 01,12,2.0,4.49,8.98,Cartão Débito,5102,0.18,1.62
10755,2026-04-19 12:29:40,PDV 02,12,2.0,4.49,8.98,PIX,5102,0.18,1.62
10756,2026-04-19 18:51:59,PDV 03,12,2.0,4.49,8.98,Cartão Crédito,5102,0.18,1.62
10757,2026-04-19 17:36:25,PDV 01,12,2.0,4.49,8.98,Cartão Débito,5102,0.18,1.62
10758,2026-04-20 11:20:20,PDV 06,12,2.0,4.49,8.98,Cartão Débito,5102,0.18,1.62
10759,2026-04-20 12:38:41,PDV 04,12,2.0,4.49,8.98,Cartão Débito,5102,0.18,1.62
10760,2026-04-20 15:49:55,PDV 03,12,2.0,4.49,8.98,Cartão Crédito,5102,0.18,1.62
10761,2026-04-21 14:10:11,PDV 01,12,1.0,4.49,4.49,Cartão Débito,5102,0.18,0.81
10762,2026-04-21 11:42:16,PDV 06,12,1.0,4.49,4.49,Cartão Crédito,5102,0.18,0.81
10763,2026-04-21 09:13:10,PDV 04,12,2.0,4.49,8.98,Cartão Débito,5102,0.18,1.62
10764,2026-04-21 09:59:56,PDV 04,12,1.0,4.49,4.49,Cartão Crédito,5102,0.18,0.81
10765,2026-04-22 20:25:33,PDV 01,12,6.0,4.49,26.94,Cartão Débito,5102,0.18,4.85
10766,2026-04-23 09:41:59,PDV 04,12,4.0,4.49,17.96,Cartão Débito,5102,0.18,3.23
10767,2026-04-23 11:47:18,PDV 04,12,3.0,4.49,13.47,Cartão Crédito,5102,0.18,2.42
10768,2026-04-24 16:53:10,PDV 01,12,6.0,4.49,26.94,Cartão Débito,5102,0.18,4.85
10769,2026-04-24 13:55:58,PDV 03,12,5.0,4.49,22.45,PIX,5102,0.18,4.04
10770,2026-04-25 16:59:17,PDV 05,12,3.0,4.49,13.47,Cartão Crédito,5102,0.18,2.42
10771,2026-04-25 19:34:11,PDV 05,12,3.0,4.49,13.47,Cartão Crédito,5102,0.18,2.42
10772,2026-04-25 18:47:40,PDV 05,12,2.0,4.49,8.98,Cartão Crédito,5102,0.18,1.62
10773,2026-04-25 18:40:34,PDV 03,12,3.0,4.49,13.47,Dinheiro,5102,0.18,2.42
10774,2026-04-26 16:14:51,PDV 01,12,2.0,4.49,8.98,Cartão Crédito,5102,0.18,1.62
10775,2026-04-26 13:26:16,PDV 02,12,2.0,4.49,8.98,Cartão Débito,5102,0.18,1.62
10776,2026-04-26 08:33:52,PDV 02,12,2.0,4.49,8.98,Cartão Débito,5102,0.18,1.62
10777,2026-04-26 15:34:00,PDV 06,12,2.0,4.49,8.98,Dinheiro,5102,0.18,1.62
10778,2026-04-27 12:00:49,PDV 04,12,2.0,4.49,8.98,PIX,5102,0.18,1.62
10779,2026-04-27 17:14:50,PDV 01,12,1.0,4.49,4.49,Cartão Crédito,5102,0.18,0.81
10780,2026-04-27 11:26:56,PDV 05,12,2.0,4.49,8.98,Cartão Crédito,5102,0.18,1.62
10781,2026-04-27 11:10:45,PDV 06,12,1.0,4.49,4.49,Cartão Crédito,5102,0.18,0.81
10782,2026-04-28 11:16:05,PDV 04,12,2.0,4.49,8.98,Cartão Crédito,5102,0.18,1.62
10783,2026-04-28 16:48:51,PDV 05,12,1.0,4.49,4.49,PIX,5102,0.18,0.81
10784,2026-04-28 18:17:18,PDV 06,12,2.0,4.49,8.98,Cartão Crédito,5102,0.18,1.62
10785,2026-04-28 20:17:26,PDV 02,12,1.0,4.49,4.49,PIX,5102,0.18,0.81
10786,2026-04-29 10:18:07,PDV 06,12,3.0,4.49,13.47,Cartão Crédito,5102,0.18,2.42
10787,2026-04-29 15:17:44,PDV 05,12,3.0,4.49,13.47,Cartão Crédito,5102,0.18,2.42
10788,2026-04-30 08:09:03,PDV 05,12,3.0,4.49,13.47,Cartão Débito,5102,0.18,2.42
10789,2026-04-30 09:18:17,PDV 02,12,2.0,4.49,8.98,Cartão Crédito,5102,0.18,1.62
10790,2026-04-30 19:00:14,PDV 01,12,3.0,4.49,13.47,Cartão Débito,5102,0.18,2.42
10791,2026-05-01 11:21:26,PDV 03,12,3.0,4.49,13.47,PIX,5102,0.18,2.42
10792,2026-05-01 15:23:29,PDV 06,12,3.0,4.49,13.47,PIX,5102,0.18,2.42
10793,2026-05-01 13:05:53,PDV 02,12,2.0,4.49,8.98,Cartão Débito,5102,0.18,1.62
10794,2026-05-01 20:25:04,PDV 05,12,3.0,4.49,13.47,Cartão Crédito,5102,0.18,2.42
10795,2026-05-02 12:52:24,PDV 01,12,6.0,4.49,26.94,Cartão Débito,5102,0.18,4.85
10796,2026-05-02 20:45:15,PDV 04,12,5.0,4.49,22.45,PIX,5102,0.18,4.04
10797,2026-05-03 11:47:02,PDV 02,12,2.0,4.49,8.98,Cartão Crédito,5102,0.18,1.62
10798,2026-05-03 20:06:33,PDV 06,12,3.0,4.49,13.47,Dinheiro,5102,0.18,2.42
10799,2026-05-03 15:24:43,PDV 03,12,2.0,4.49,8.98,Dinheiro,5102,0.18,1.62
10800,2026-05-03 10:40:46,PDV 01,12,3.0,4.49,13.47,Cartão Crédito,5102,0.18,2.42
10801,2026-05-04 12:30:40,PDV 03,12,7.0,4.49,31.43,Cartão Débito,5102,0.18,5.66
10802,2026-05-05 18:13:07,PDV 02,12,8.0,4.49,35.92,Cartão Crédito,5102,0.18,6.47
10803,2026-05-06 08:10:50,PDV 03,12,2.0,4.49,8.98,Cartão Crédito,5102,0.18,1.62
10804,2026-05-06 14:50:15,PDV 01,12,2.0,4.49,8.98,Dinheiro,5102,0.18,1.62
10805,2026-05-06 17:50:44,PDV 04,12,3.0,4.49,13.47,Cartão Crédito,5102,0.18,2.42
10806,2026-05-07 13:49:05,PDV 02,12,6.0,4.49,26.94,Cartão Débito,5102,0.18,4.85
10807,2026-05-07 09:43:39,PDV 03,12,5.0,4.49,22.45,Dinheiro,5102,0.18,4.04
10808,2026-05-08 08:22:41,PDV 02,12,12.0,4.49,53.88,Cartão Crédito,5102,0.18,9.7
10809,2026-05-09 10:31:14,PDV 03,12,11.0,4.49,49.39,Dinheiro,5102,0.18,8.89
10810,2026-05-10 20:57:28,PDV 06,12,3.0,4.49,13.47,Cartão Débito,5102,0.18,2.42
10811,2026-05-10 19:24:22,PDV 06,12,4.0,4.49,17.96,Cartão Débito,5102,0.18,3.23
10812,2026-05-10 08:31:45,PDV 04,12,3.0,4.49,13.47,Cartão Crédito,5102,0.18,2.42
10813,2026-05-11 11:36:11,PDV 05,12,2.0,4.49,8.98,Cartão Débito,5102,0.18,1.62
10814,2026-05-11 19:29:17,PDV 05,12,1.0,4.49,4.49,Dinheiro,5102,0.18,0.81
10815,2026-05-11 16:10:04,PDV 05,12,2.0,4.49,8.98,Cartão Débito,5102,0.18,1.62
10816,2026-05-11 12:52:16,PDV 05,12,1.0,4.49,4.49,Cartão Débito,5102,0.18,0.81
10817,2026-05-12 20:40:32,PDV 04,12,6.0,4.49,26.94,Cartão Crédito,5102,0.18,4.85
10818,2026-05-13 17:54:23,PDV 05,12,5.0,4.49,22.45,Cartão Débito,5102,0.18,4.04
10819,2026-05-14 18:34:52,PDV 04,12,7.0,4.49,31.43,Cartão Débito,5102,0.18,5.66
10820,2026-05-15 20:35:09,PDV 05,12,2.0,4.49,8.98,Cartão Débito,5102,0.18,1.62
10821,2026-05-15 14:41:20,PDV 01,12,3.0,4.49,13.47,Cartão Débito,5102,0.18,2.42
10822,2026-05-15 18:04:02,PDV 02,12,2.0,4.49,8.98,Cartão Débito,5102,0.18,1.62
10823,2026-05-15 08:12:06,PDV 04,12,3.0,4.49,13.47,Cartão Débito,5102,0.18,2.42
10824,2026-05-16 17:41:53,PDV 04,12,11.0,4.49,49.39,Cartão Crédito,5102,0.18,8.89
10825,2026-05-17 08:23:14,PDV 05,12,2.0,4.49,8.98,Cartão Crédito,5102,0.18,1.62
10826,2026-05-17 08:59:58,PDV 02,12,2.0,4.49,8.98,Cartão Crédito,5102,0.18,1.62
10827,2026-05-17 09:29:51,PDV 06,12,3.0,4.49,13.47,Cartão Débito,5102,0.18,2.42
10828,2026-05-18 13:50:45,PDV 01,12,2.0,4.49,8.98,PIX,5102,0.18,1.62
10829,2026-05-18 12:33:02,PDV 06,12,1.0,4.49,4.49,Cartão Débito,5102,0.18,0.81
10830,2026-05-18 12:04:13,PDV 05,12,2.0,4.49,8.98,Cartão Débito,5102,0.18,1.62
10831,2026-05-18 19:14:34,PDV 04,12,1.0,4.49,4.49,Cartão Débito,5102,0.18,0.81
10832,2026-05-19 17:40:11,PDV 05,12,2.0,4.49,8.98,Cartão Crédito,5102,0.18,1.62
10833,2026-05-19 14:47:06,PDV 06,12,3.0,4.49,13.47,Cartão Crédito,5102,0.18,2.42
10834,2026-05-20 19:42:27,PDV 01,12,2.0,4.49,8.98,Cartão Débito,5102,0.18,1.62
10835,2026-05-20 10:35:25,PDV 05,12,1.0,4.49,4.49,Cartão Débito,5102,0.18,0.81
10836,2026-05-20 10:34:38,PDV 04,12,2.0,4.49,8.98,Dinheiro,5102,0.18,1.62
10837,2026-05-20 13:35:20,PDV 03,12,1.0,4.49,4.49,Cartão Crédito,5102,0.18,0.81
10838,2026-05-21 19:20:38,PDV 02,12,2.0,4.49,8.98,Cartão Crédito,5102,0.18,1.62
10839,2026-05-21 11:24:49,PDV 05,12,2.0,4.49,8.98,Dinheiro,5102,0.18,1.62
10840,2026-05-21 12:23:28,PDV 04,12,2.0,4.49,8.98,Dinheiro,5102,0.18,1.62
10841,2026-05-21 08:46:02,PDV 03,12,1.0,4.49,4.49,Cartão Crédito,5102,0.18,0.81
10842,2026-05-22 12:00:19,PDV 02,12,6.0,4.49,26.94,Cartão Débito,5102,0.18,4.85
10843,2026-05-22 13:01:49,PDV 06,12,5.0,4.49,22.45,PIX,5102,0.18,4.04
10844,2026-05-23 09:02:29,PDV 03,12,5.0,4.49,22.45,Cartão Débito,5102,0.18,4.04
10845,2026-05-23 12:23:56,PDV 05,12,5.0,4.49,22.45,Cartão Débito,5102,0.18,4.04
10846,2026-05-24 20:19:05,PDV 05,12,3.0,4.49,13.47,Cartão Débito,5102,0.18,2.42
10847,2026-05-24 11:46:04,PDV 06,12,2.0,4.49,8.98,Cartão Débito,5102,0.18,1.62
10848,2026-05-24 15:11:31,PDV 06,12,3.0,4.49,13.47,Cartão Crédito,5102,0.18,2.42
10849,2026-05-25 17:41:19,PDV 01,12,5.0,4.49,22.45,Cartão Crédito,5102,0.18,4.04
10850,2026-05-26 09:49:03,PDV 03,12,2.0,4.49,8.98,Cartão Débito,5102,0.18,1.62
10851,2026-05-26 14:26:59,PDV 01,12,1.0,4.49,4.49,PIX,5102,0.18,0.81
10852,2026-05-26 11:47:41,PDV 05,12,2.0,4.49,8.98,Dinheiro,5102,0.18,1.62
10853,2026-05-26 18:49:40,PDV 04,12,1.0,4.49,4.49,Cartão Débito,5102,0.18,0.81
10854,2026-05-27 13:34:36,PDV 02,12,6.0,4.49,26.94,Cartão Débito,5102,0.18,4.85
10855,2026-05-28 10:03:43,PDV 06,12,4.0,4.49,17.96,Dinheiro,5102,0.18,3.23
10856,2026-05-28 15:48:38,PDV 05,12,4.0,4.49,17.96,Cartão Crédito,5102,0.18,3.23
10857,2026-05-29 14:18:50,PDV 04,12,6.0,4.49,26.94,Cartão Débito,5102,0.18,4.85
10858,2026-05-29 13:05:30,PDV 05,12,5.0,4.49,22.45,Cartão Crédito,5102,0.18,4.04
10859,2026-05-30 12:05:25,PDV 05,12,2.0,4.49,8.98,Cartão Crédito,5102,0.18,1.62
10860,2026-05-30 19:08:48,PDV 02,12,3.0,4.49,13.47,Cartão Crédito,5102,0.18,2.42
10861,2026-05-30 11:31:25,PDV 06,12,2.0,4.49,8.98,Cartão Crédito,5102,0.18,1.62
10862,2026-05-30 16:39:47,PDV 05,12,3.0,4.49,13.47,Cartão Débito,5102,0.18,2.42
10863,2026-05-31 12:49:27,PDV 03,12,8.0,4.49,35.92,Cartão Crédito,5102,0.18,6.47
10864,2026-06-01 09:42:26,PDV 04,12,7.0,4.49,31.43,Cartão Débito,5102,0.18,5.66
10865,2026-06-02 13:22:38,PDV 06,12,4.0,4.49,17.96,Cartão Débito,5102,0.18,3.23
10866,2026-06-02 12:10:22,PDV 05,12,3.0,4.49,13.47,PIX,5102,0.18,2.42
10867,2026-06-03 17:09:28,PDV 01,12,2.0,4.49,8.98,Dinheiro,5102,0.18,1.62
10868,2026-06-03 11:12:43,PDV 03,12,2.0,4.49,8.98,Cartão Débito,5102,0.18,1.62
10869,2026-06-03 19:54:05,PDV 01,12,2.0,4.49,8.98,Cartão Crédito,5102,0.18,1.62
10870,2026-06-03 11:39:59,PDV 02,12,1.0,4.49,4.49,PIX,5102,0.18,0.81
10871,2026-06-04 08:21:44,PDV 01,12,3.0,4.49,13.47,Cartão Débito,5102,0.18,2.42
10872,2026-06-04 15:01:21,PDV 02,12,3.0,4.49,13.47,Cartão Crédito,5102,0.18,2.42
10873,2026-06-04 11:13:34,PDV 05,12,3.0,4.49,13.47,PIX,5102,0.18,2.42
10874,2026-06-05 17:46:09,PDV 06,12,3.0,4.49,13.47,Cartão Crédito,5102,0.18,2.42
10875,2026-06-05 08:24:37,PDV 06,12,3.0,4.49,13.47,Cartão Crédito,5102,0.18,2.42
10876,2026-06-05 12:10:03,PDV 03,12,4.0,4.49,17.96,Cartão Débito,5102,0.18,3.23
10877,2026-06-05 19:39:17,PDV 01,12,3.0,4.49,13.47,Cartão Crédito,5102,0.18,2.42
10878,2026-06-06 09:24:42,PDV 03,12,13.0,4.49,58.37,Cartão Crédito,5102,0.18,10.51
10879,2026-06-07 09:01:18,PDV 06,12,4.0,4.49,17.96,Cartão Débito,5102,0.18,3.23
10880,2026-06-07 14:32:45,PDV 01,12,4.0,4.49,17.96,Dinheiro,5102,0.18,3.23
10881,2026-06-07 15:55:38,PDV 05,12,3.0,4.49,13.47,Cartão Débito,5102,0.18,2.42
10882,2026-06-08 16:29:35,PDV 06,12,4.0,4.49,17.96,Cartão Débito,5102,0.18,3.23
10883,2026-06-08 11:59:33,PDV 03,12,4.0,4.49,17.96,Cartão Débito,5102,0.18,3.23
10884,2026-06-09 19:10:01,PDV 03,12,2.0,4.49,8.98,Cartão Crédito,5102,0.18,1.62
10885,2026-06-09 13:40:19,PDV 02,12,2.0,4.49,8.98,Dinheiro,5102,0.18,1.62
10886,2026-06-09 16:17:51,PDV 01,12,2.0,4.49,8.98,Cartão Crédito,5102,0.18,1.62
10887,2026-06-09 14:56:52,PDV 01,12,2.0,4.49,8.98,Dinheiro,5102,0.18,1.62
10888,2026-06-10 11:09:21,PDV 04,12,2.0,4.49,8.98,Cartão Crédito,5102,0.18,1.62
10889,2026-06-10 09:46:24,PDV 05,12,2.0,4.49,8.98,Dinheiro,5102,0.18,1.62
10890,2026-06-10 17:55:40,PDV 06,12,3.0,4.49,13.47,Cartão Débito,5102,0.18,2.42
10891,2026-06-11 17:09:27,PDV 03,12,4.0,4.49,17.96,Dinheiro,5102,0.18,3.23
10892,2026-06-11 13:28:34,PDV 02,12,4.0,4.49,17.96,Cartão Débito,5102,0.18,3.23
10893,2026-06-12 17:34:43,PDV 02,12,4.0,4.49,17.96,PIX,5102,0.18,3.23
10894,2026-06-12 12:44:45,PDV 05,12,5.0,4.49,22.45,Dinheiro,5102,0.18,4.04
10895,2026-06-13 20:09:41,PDV 05,12,2.0,4.49,8.98,Dinheiro,5102,0.18,1.62
10896,2026-06-13 13:04:35,PDV 05,12,2.0,4.49,8.98,Dinheiro,5102,0.18,1.62
10897,2026-06-13 09:11:20,PDV 02,12,2.0,4.49,8.98,Cartão Crédito,5102,0.18,1.62
10898,2026-06-13 20:20:56,PDV 04,12,3.0,4.49,13.47,Dinheiro,5102,0.18,2.42
10899,2026-06-14 15:47:59,PDV 06,12,3.0,4.49,13.47,Dinheiro,5102,0.18,2.42
10900,2026-06-14 12:09:49,PDV 02,12,2.0,4.49,8.98,Cartão Débito,5102,0.18,1.62
10901,2026-06-14 10:01:48,PDV 05,12,3.0,4.49,13.47,Cartão Crédito,5102,0.18,2.42
10902,2026-06-15 17:14:14,PDV 06,12,3.0,4.49,13.47,Cartão Débito,5102,0.18,2.42
10903,2026-06-15 09:44:49,PDV 04,12,3.0,4.49,13.47,Cartão Débito,5102,0.18,2.42
10904,2026-06-16 19:41:23,PDV 02,12,2.0,4.49,8.98,PIX,5102,0.18,1.62
10905,2026-06-16 15:30:08,PDV 02,12,1.0,4.49,4.49,Cartão Débito,5102,0.18,0.81
10906,2026-06-16 08:26:48,PDV 01,12,2.0,4.49,8.98,Dinheiro,5102,0.18,1.62
10907,2026-06-16 14:14:47,PDV 06,12,1.0,4.49,4.49,Dinheiro,5102,0.18,0.81
10908,2026-06-17 09:11:59,PDV 04,12,3.0,4.49,13.47,PIX,5102,0.18,2.42
10909,2026-06-17 15:44:20,PDV 04,12,3.0,4.49,13.47,PIX,5102,0.18,2.42
10910,2026-06-18 14:49:02,PDV 05,12,2.0,4.49,8.98,Cartão Crédito,5102,0.18,1.62
10911,2026-06-18 14:46:20,PDV 04,12,2.0,4.49,8.98,Cartão Crédito,5102,0.18,1.62
10912,2026-06-18 19:36:38,PDV 05,12,2.0,4.49,8.98,Cartão Crédito,5102,0.18,1.62
10913,2026-06-18 19:50:02,PDV 05,12,2.0,4.49,8.98,Cartão Débito,5102,0.18,1.62
10914,2026-06-19 08:56:15,PDV 05,12,2.0,4.49,8.98,Cartão Crédito,5102,0.18,1.62
10915,2026-06-19 19:02:35,PDV 04,12,2.0,4.49,8.98,Cartão Crédito,5102,0.18,1.62
10916,2026-06-19 18:03:12,PDV 03,12,2.0,4.49,8.98,Cartão Crédito,5102,0.18,1.62
10917,2026-06-19 12:49:52,PDV 03,12,3.0,4.49,13.47,Cartão Crédito,5102,0.18,2.42
10918,2026-06-20 12:39:58,PDV 01,12,3.0,4.49,13.47,Cartão Crédito,5102,0.18,2.42
10919,2026-06-20 10:29:53,PDV 06,12,3.0,4.49,13.47,Cartão Crédito,5102,0.18,2.42
10920,2026-06-20 19:32:07,PDV 02,12,2.0,4.49,8.98,PIX,5102,0.18,1.62
10921,2026-06-20 19:34:08,PDV 04,12,3.0,4.49,13.47,Cartão Crédito,5102,0.18,2.42
10922,2026-06-21 08:11:29,PDV 05,12,2.0,4.49,8.98,PIX,5102,0.18,1.62
10923,2026-06-21 11:56:29,PDV 01,12,2.0,4.49,8.98,Cartão Débito,5102,0.18,1.62
10924,2026-06-21 19:41:58,PDV 06,12,2.0,4.49,8.98,PIX,5102,0.18,1.62
10925,2026-06-21 19:46:07,PDV 01,12,1.0,4.49,4.49,Cartão Débito,5102,0.18,0.81
10926,2026-06-22 18:23:05,PDV 05,12,1.0,4.49,4.49,Cartão Crédito,5102,0.18,0.81
10927,2026-06-22 19:50:32,PDV 05,12,1.0,4.49,4.49,Dinheiro,5102,0.18,0.81
10928,2026-06-22 14:35:24,PDV 01,12,2.0,4.49,8.98,PIX,5102,0.18,1.62
10929,2026-06-22 13:36:55,PDV 06,12,1.0,4.49,4.49,PIX,5102,0.18,0.81
10930,2026-06-23 10:11:49,PDV 06,12,2.0,4.49,8.98,Cartão Débito,5102,0.18,1.62
10931,2026-06-23 12:19:46,PDV 04,12,3.0,4.49,13.47,Cartão Débito,5102,0.18,2.42
10932,2026-06-24 09:57:08,PDV 02,12,4.0,4.49,17.96,Cartão Débito,5102,0.18,3.23
10933,2026-06-24 20:16:00,PDV 04,12,3.0,4.49,13.47,Cartão Crédito,5102,0.18,2.42
10934,2026-06-25 16:51:00,PDV 05,12,2.0,4.49,8.98,PIX,5102,0.18,1.62
10935,2026-06-25 11:13:37,PDV 06,12,2.0,4.49,8.98,Cartão Crédito,5102,0.18,1.62
10936,2026-06-25 14:28:05,PDV 05,12,2.0,4.49,8.98,Cartão Crédito,5102,0.18,1.62
10937,2026-06-25 11:56:35,PDV 03,12,2.0,4.49,8.98,Cartão Crédito,5102,0.18,1.62
10938,2026-06-26 08:11:09,PDV 01,12,4.0,4.49,17.96,Cartão Crédito,5102,0.18,3.23
10939,2026-06-26 08:09:54,PDV 01,12,5.0,4.49,22.45,Cartão Crédito,5102,0.18,4.04
10940,2026-06-27 13:58:05,PDV 01,12,3.0,4.49,13.47,Cartão Débito,5102,0.18,2.42
10941,2026-06-27 10:10:43,PDV 03,12,3.0,4.49,13.47,Cartão Crédito,5102,0.18,2.42
10942,2026-06-27 19:44:38,PDV 05,12,3.0,4.49,13.47,PIX,5102,0.18,2.42
10943,2026-06-28 15:47:37,PDV 03,12,4.0,4.49,17.96,Dinheiro,5102,0.18,3.23
10944,2026-06-28 09:49:19,PDV 03,12,3.0,4.49,13.47,Cartão Débito,5102,0.18,2.42
10945,2026-06-29 09:48:27,PDV 05,12,2.0,4.49,8.98,Cartão Débito,5102,0.18,1.62
10946,2026-06-29 15:08:07,PDV 06,12,1.0,4.49,4.49,PIX,5102,0.18,0.81
10947,2026-06-29 13:33:26,PDV 05,12,2.0,4.49,8.98,Cartão Débito,5102,0.18,1.62
10948,2026-06-29 11:39:03,PDV 01,12,1.0,4.49,4.49,Cartão Crédito,5102,0.18,0.81
10949,2026-04-01 16:19:11,PDV 01,13,1.0,3.99,3.99,Cartão Débito,5102,0.18,0.72
10950,2026-04-02 08:49:12,PDV 01,13,1.0,3.99,3.99,Cartão Crédito,5102,0.18,0.72
10951,2026-04-03 08:51:30,PDV 05,13,1.0,3.99,3.99,Cartão Débito,5102,0.18,0.72
10952,2026-04-04 13:59:30,PDV 06,13,1.0,3.99,3.99,PIX,5102,0.18,0.72
10953,2026-04-05 12:49:20,PDV 02,13,1.0,3.99,3.99,PIX,5102,0.18,0.72
10954,2026-04-06 09:52:33,PDV 06,13,1.0,3.99,3.99,Dinheiro,5102,0.18,0.72
10955,2026-04-07 11:46:02,PDV 04,13,1.0,3.99,3.99,Cartão Débito,5102,0.18,0.72
10956,2026-04-08 16:07:00,PDV 03,13,1.0,3.99,3.99,Dinheiro,5102,0.18,0.72
10957,2026-04-09 18:54:38,PDV 01,13,1.0,3.99,3.99,Cartão Débito,5102,0.18,0.72
10958,2026-04-10 08:06:33,PDV 06,13,1.0,3.99,3.99,Cartão Crédito,5102,0.18,0.72
10959,2026-04-11 08:36:48,PDV 03,13,1.0,3.99,3.99,Cartão Crédito,5102,0.18,0.72
10960,2026-04-12 11:20:12,PDV 02,13,1.0,3.99,3.99,Cartão Débito,5102,0.18,0.72
10961,2026-04-13 16:20:49,PDV 04,13,1.0,3.99,3.99,Cartão Crédito,5102,0.18,0.72
10962,2026-04-14 12:09:10,PDV 03,13,1.0,3.99,3.99,Cartão Débito,5102,0.18,0.72
10963,2026-04-15 17:35:32,PDV 01,13,1.0,3.99,3.99,Cartão Débito,5102,0.18,0.72
10964,2026-04-16 13:35:20,PDV 03,13,1.0,3.99,3.99,Cartão Débito,5102,0.18,0.72
10965,2026-04-17 19:51:18,PDV 05,13,1.0,3.99,3.99,Cartão Débito,5102,0.18,0.72
10966,2026-04-18 09:19:39,PDV 03,13,1.0,3.99,3.99,Cartão Crédito,5102,0.18,0.72
10967,2026-04-19 08:08:01,PDV 04,13,1.0,3.99,3.99,Dinheiro,5102,0.18,0.72
10968,2026-04-20 08:06:24,PDV 01,13,1.0,3.99,3.99,Cartão Débito,5102,0.18,0.72
10969,2026-04-21 14:11:45,PDV 05,13,1.0,3.99,3.99,PIX,5102,0.18,0.72
10970,2026-04-22 18:53:44,PDV 06,13,1.0,3.99,3.99,Cartão Crédito,5102,0.18,0.72
10971,2026-04-23 13:19:21,PDV 02,13,1.0,3.99,3.99,Cartão Crédito,5102,0.18,0.72
10972,2026-04-24 18:51:34,PDV 01,13,1.0,3.99,3.99,Dinheiro,5102,0.18,0.72
10973,2026-04-25 20:48:29,PDV 05,13,1.0,3.99,3.99,Cartão Débito,5102,0.18,0.72
10974,2026-04-26 20:58:44,PDV 04,13,1.0,3.99,3.99,Cartão Débito,5102,0.18,0.72
10975,2026-04-27 12:43:41,PDV 06,13,1.0,3.99,3.99,PIX,5102,0.18,0.72
10976,2026-04-28 15:14:14,PDV 02,13,1.0,3.99,3.99,PIX,5102,0.18,0.72
10977,2026-04-29 17:16:58,PDV 03,13,1.0,3.99,3.99,Cartão Débito,5102,0.18,0.72
10978,2026-04-30 19:58:42,PDV 03,13,1.0,3.99,3.99,PIX,5102,0.18,0.72
10979,2026-05-01 13:29:31,PDV 01,13,1.0,3.99,3.99,Cartão Débito,5102,0.18,0.72
10980,2026-05-02 09:22:30,PDV 04,13,1.0,3.99,3.99,PIX,5102,0.18,0.72
10981,2026-05-03 12:49:22,PDV 05,13,1.0,3.99,3.99,Cartão Crédito,5102,0.18,0.72
10982,2026-05-04 16:06:25,PDV 06,13,1.0,3.99,3.99,PIX,5102,0.18,0.72
10983,2026-05-05 13:35:41,PDV 01,13,1.0,3.99,3.99,PIX,5102,0.18,0.72
10984,2026-05-06 16:29:25,PDV 05,13,1.0,3.99,3.99,Cartão Crédito,5102,0.18,0.72
10985,2026-05-07 17:15:35,PDV 02,13,1.0,3.99,3.99,Dinheiro,5102,0.18,0.72
10986,2026-05-08 14:04:21,PDV 02,13,1.0,3.99,3.99,PIX,5102,0.18,0.72
10987,2026-05-09 17:27:50,PDV 04,13,1.0,3.99,3.99,Cartão Crédito,5102,0.18,0.72
10988,2026-05-10 13:34:44,PDV 02,13,1.0,3.99,3.99,Cartão Débito,5102,0.18,0.72
10989,2026-05-11 18:04:47,PDV 06,13,1.0,3.99,3.99,Cartão Crédito,5102,0.18,0.72
10990,2026-05-12 15:07:37,PDV 05,13,1.0,3.99,3.99,Cartão Crédito,5102,0.18,0.72
10991,2026-05-13 16:06:52,PDV 04,13,1.0,3.99,3.99,Cartão Débito,5102,0.18,0.72
10992,2026-05-14 14:04:38,PDV 01,13,1.0,3.99,3.99,Cartão Crédito,5102,0.18,0.72
10993,2026-05-15 17:49:52,PDV 04,13,1.0,3.99,3.99,Cartão Débito,5102,0.18,0.72
10994,2026-05-16 18:42:03,PDV 01,13,1.0,3.99,3.99,Cartão Débito,5102,0.18,0.72
10995,2026-05-17 10:56:37,PDV 06,13,1.0,3.99,3.99,PIX,5102,0.18,0.72
10996,2026-05-18 20:09:42,PDV 02,13,1.0,3.99,3.99,Cartão Crédito,5102,0.18,0.72
10997,2026-05-19 12:24:39,PDV 05,13,1.0,3.99,3.99,Cartão Crédito,5102,0.18,0.72
10998,2026-05-20 11:43:56,PDV 03,13,1.0,3.99,3.99,Cartão Débito,5102,0.18,0.72
10999,2026-05-21 20:58:43,PDV 03,13,1.0,3.99,3.99,Dinheiro,5102,0.18,0.72
11000,2026-05-22 14:45:58,PDV 03,13,1.0,3.99,3.99,Dinheiro,5102,0.18,0.72
11001,2026-05-23 17:00:39,PDV 05,13,1.0,3.99,3.99,Cartão Crédito,5102,0.18,0.72
11002,2026-05-24 10:54:18,PDV 01,13,1.0,3.99,3.99,Cartão Débito,5102,0.18,0.72
11003,2026-05-25 16:03:00,PDV 06,13,1.0,3.99,3.99,Cartão Crédito,5102,0.18,0.72
11004,2026-05-26 13:07:55,PDV 03,13,1.0,3.99,3.99,PIX,5102,0.18,0.72
11005,2026-05-27 11:27:44,PDV 05,13,1.0,3.99,3.99,Cartão Débito,5102,0.18,0.72
11006,2026-05-28 13:45:24,PDV 04,13,1.0,3.99,3.99,Cartão Débito,5102,0.18,0.72
11007,2026-05-29 16:13:42,PDV 02,13,1.0,3.99,3.99,Cartão Crédito,5102,0.18,0.72
11008,2026-05-30 11:35:24,PDV 03,13,1.0,3.99,3.99,PIX,5102,0.18,0.72
11009,2026-05-31 10:18:55,PDV 06,13,1.0,3.99,3.99,Cartão Débito,5102,0.18,0.72
11010,2026-06-01 08:04:41,PDV 01,13,1.0,3.99,3.99,Cartão Débito,5102,0.18,0.72
11011,2026-06-02 15:42:27,PDV 02,13,1.0,3.99,3.99,Cartão Débito,5102,0.18,0.72
11012,2026-06-03 18:51:26,PDV 04,13,1.0,3.99,3.99,PIX,5102,0.18,0.72
11013,2026-06-04 19:38:59,PDV 04,13,1.0,3.99,3.99,Cartão Crédito,5102,0.18,0.72
11014,2026-06-05 15:32:27,PDV 05,13,1.0,3.99,3.99,PIX,5102,0.18,0.72
11015,2026-06-06 14:22:14,PDV 02,13,1.0,3.99,3.99,Cartão Crédito,5102,0.18,0.72
11016,2026-06-07 08:36:31,PDV 06,13,1.0,3.99,3.99,Cartão Débito,5102,0.18,0.72
11017,2026-06-08 16:17:26,PDV 05,13,1.0,3.99,3.99,Cartão Crédito,5102,0.18,0.72
11018,2026-06-09 08:02:36,PDV 04,13,1.0,3.99,3.99,Cartão Crédito,5102,0.18,0.72
11019,2026-06-10 09:37:30,PDV 06,13,1.0,3.99,3.99,Cartão Débito,5102,0.18,0.72
11020,2026-06-11 19:46:33,PDV 03,13,1.0,3.99,3.99,Cartão Crédito,5102,0.18,0.72
11021,2026-06-12 09:33:56,PDV 05,13,1.0,3.99,3.99,Cartão Débito,5102,0.18,0.72
11022,2026-06-13 15:40:47,PDV 06,13,1.0,3.99,3.99,Dinheiro,5102,0.18,0.72
11023,2026-06-14 09:43:40,PDV 05,13,1.0,3.99,3.99,PIX,5102,0.18,0.72
11024,2026-06-15 12:39:03,PDV 03,13,1.0,3.99,3.99,Cartão Crédito,5102,0.18,0.72
11025,2026-06-16 08:30:29,PDV 05,13,1.0,3.99,3.99,Dinheiro,5102,0.18,0.72
11026,2026-06-17 17:46:21,PDV 04,13,1.0,3.99,3.99,Cartão Débito,5102,0.18,0.72
11027,2026-06-18 20:18:18,PDV 02,13,1.0,3.99,3.99,Cartão Débito,5102,0.18,0.72
11028,2026-06-19 17:47:19,PDV 06,13,1.0,3.99,3.99,PIX,5102,0.18,0.72
11029,2026-06-20 12:03:40,PDV 04,13,1.0,3.99,3.99,Cartão Crédito,5102,0.18,0.72
11030,2026-06-21 17:03:42,PDV 03,13,1.0,3.99,3.99,PIX,5102,0.18,0.72
11031,2026-06-22 17:01:18,PDV 04,13,1.0,3.99,3.99,Cartão Débito,5102,0.18,0.72
11032,2026-06-23 16:04:54,PDV 03,13,1.0,3.99,3.99,Cartão Débito,5102,0.18,0.72
11033,2026-06-24 17:17:17,PDV 03,13,1.0,3.99,3.99,Cartão Débito,5102,0.18,0.72
11034,2026-06-25 09:38:11,PDV 05,13,1.0,3.99,3.99,Cartão Crédito,5102,0.18,0.72
11035,2026-06-26 18:28:23,PDV 02,13,1.0,3.99,3.99,Cartão Débito,5102,0.18,0.72
11036,2026-06-27 19:15:31,PDV 02,13,1.0,3.99,3.99,PIX,5102,0.18,0.72
11037,2026-06-28 08:21:05,PDV 02,13,1.0,3.99,3.99,Cartão Crédito,5102,0.18,0.72
11038,2026-04-01 14:24:21,PDV 01,14,5.0,4.89,24.45,Cartão Débito,5102,0.18,4.4
11039,2026-04-02 10:28:04,PDV 04,14,2.0,4.89,9.78,Dinheiro,5102,0.18,1.76
11040,2026-04-02 11:39:25,PDV 02,14,2.0,4.89,9.78,Cartão Crédito,5102,0.18,1.76
11041,2026-04-02 09:09:34,PDV 04,14,3.0,4.89,14.67,Cartão Débito,5102,0.18,2.64
11042,2026-04-03 15:45:16,PDV 01,14,8.0,4.89,39.12,Cartão Débito,5102,0.18,7.04
11043,2026-04-04 17:46:16,PDV 04,14,7.0,4.89,34.23,Cartão Débito,5102,0.18,6.16
11044,2026-04-05 10:41:40,PDV 01,14,2.0,4.89,9.78,Dinheiro,5102,0.18,1.76
11045,2026-04-05 18:24:17,PDV 02,14,1.0,4.89,4.89,Cartão Crédito,5102,0.18,0.88
11046,2026-04-05 14:36:00,PDV 05,14,2.0,4.89,9.78,Cartão Crédito,5102,0.18,1.76
11047,2026-04-05 20:31:30,PDV 04,14,1.0,4.89,4.89,Cartão Crédito,5102,0.18,0.88
11048,2026-04-06 16:14:00,PDV 04,14,5.0,4.89,24.45,Dinheiro,5102,0.18,4.4
11049,2026-04-07 09:36:34,PDV 03,14,1.0,4.89,4.89,Cartão Débito,5102,0.18,0.88
11050,2026-04-07 12:25:03,PDV 06,14,1.0,4.89,4.89,Dinheiro,5102,0.18,0.88
11051,2026-04-07 18:05:23,PDV 05,14,2.0,4.89,9.78,PIX,5102,0.18,1.76
11052,2026-04-07 13:05:53,PDV 04,14,1.0,4.89,4.89,PIX,5102,0.18,0.88
11053,2026-04-08 18:12:11,PDV 05,14,1.0,4.89,4.89,Cartão Débito,5102,0.18,0.88
11054,2026-04-08 14:42:12,PDV 03,14,2.0,4.89,9.78,Cartão Crédito,5102,0.18,1.76
11055,2026-04-08 09:40:44,PDV 03,14,1.0,4.89,4.89,Cartão Crédito,5102,0.18,0.88
11056,2026-04-09 19:12:08,PDV 01,14,2.0,4.89,9.78,Cartão Débito,5102,0.18,1.76
11057,2026-04-09 19:37:15,PDV 04,14,1.0,4.89,4.89,Cartão Débito,5102,0.18,0.88
11058,2026-04-09 20:34:41,PDV 03,14,2.0,4.89,9.78,Cartão Crédito,5102,0.18,1.76
11059,2026-04-09 20:28:01,PDV 01,14,1.0,4.89,4.89,Cartão Débito,5102,0.18,0.88
11060,2026-04-10 20:46:02,PDV 04,14,3.0,4.89,14.67,Cartão Débito,5102,0.18,2.64
11061,2026-04-10 20:41:42,PDV 05,14,2.0,4.89,9.78,Cartão Crédito,5102,0.18,1.76
11062,2026-04-10 18:55:55,PDV 05,14,3.0,4.89,14.67,Cartão Débito,5102,0.18,2.64
11063,2026-04-11 09:02:47,PDV 02,14,2.0,4.89,9.78,Cartão Crédito,5102,0.18,1.76
11064,2026-04-11 08:30:58,PDV 05,14,3.0,4.89,14.67,Cartão Débito,5102,0.18,2.64
11065,2026-04-12 08:11:40,PDV 01,14,2.0,4.89,9.78,Dinheiro,5102,0.18,1.76
11066,2026-04-12 20:06:29,PDV 05,14,2.0,4.89,9.78,Cartão Débito,5102,0.18,1.76
11067,2026-04-13 09:07:31,PDV 05,14,4.0,4.89,19.56,PIX,5102,0.18,3.52
11068,2026-04-14 09:51:12,PDV 04,14,3.0,4.89,14.67,Cartão Débito,5102,0.18,2.64
11069,2026-04-15 18:25:20,PDV 01,14,1.0,4.89,4.89,Dinheiro,5102,0.18,0.88
11070,2026-04-15 17:34:08,PDV 03,14,1.0,4.89,4.89,PIX,5102,0.18,0.88
11071,2026-04-15 20:13:48,PDV 01,14,1.0,4.89,4.89,Cartão Crédito,5102,0.18,0.88
11072,2026-04-16 09:07:17,PDV 02,14,2.0,4.89,9.78,PIX,5102,0.18,1.76
11073,2026-04-16 10:44:23,PDV 05,14,2.0,4.89,9.78,Cartão Débito,5102,0.18,1.76
11074,2026-04-16 11:59:37,PDV 01,14,1.0,4.89,4.89,Cartão Débito,5102,0.18,0.88
11075,2026-04-17 20:10:01,PDV 04,14,2.0,4.89,9.78,Cartão Débito,5102,0.18,1.76
11076,2026-04-17 08:11:59,PDV 01,14,1.0,4.89,4.89,Cartão Crédito,5102,0.18,0.88
11077,2026-04-17 17:56:18,PDV 04,14,2.0,4.89,9.78,Cartão Crédito,5102,0.18,1.76
11078,2026-04-17 20:49:30,PDV 06,14,1.0,4.89,4.89,Cartão Débito,5102,0.18,0.88
11079,2026-04-18 18:17:33,PDV 04,14,4.0,4.89,19.56,Cartão Crédito,5102,0.18,3.52
11080,2026-04-18 10:39:44,PDV 01,14,3.0,4.89,14.67,Cartão Crédito,5102,0.18,2.64
11081,2026-04-19 17:05:40,PDV 03,14,1.0,4.89,4.89,Cartão Débito,5102,0.18,0.88
11082,2026-04-19 08:35:15,PDV 02,14,1.0,4.89,4.89,Cartão Débito,5102,0.18,0.88
11083,2026-04-19 16:06:39,PDV 03,14,2.0,4.89,9.78,PIX,5102,0.18,1.76
11084,2026-04-19 16:32:14,PDV 04,14,1.0,4.89,4.89,PIX,5102,0.18,0.88
11085,2026-04-20 11:17:03,PDV 02,14,1.0,4.89,4.89,Cartão Débito,5102,0.18,0.88
11086,2026-04-20 10:43:54,PDV 04,14,1.0,4.89,4.89,Cartão Crédito,5102,0.18,0.88
11087,2026-04-20 10:42:59,PDV 01,14,1.0,4.89,4.89,Cartão Débito,5102,0.18,0.88
11088,2026-04-21 12:13:27,PDV 03,14,1.0,4.89,4.89,Cartão Débito,5102,0.18,0.88
11089,2026-04-21 20:56:48,PDV 04,14,2.0,4.89,9.78,Cartão Débito,5102,0.18,1.76
11090,2026-04-21 19:03:59,PDV 05,14,1.0,4.89,4.89,Cartão Débito,5102,0.18,0.88
11091,2026-04-22 15:32:07,PDV 01,14,3.0,4.89,14.67,PIX,5102,0.18,2.64
11092,2026-04-23 17:37:20,PDV 04,14,1.0,4.89,4.89,Cartão Débito,5102,0.18,0.88
11093,2026-04-23 18:57:20,PDV 02,14,1.0,4.89,4.89,PIX,5102,0.18,0.88
11094,2026-04-23 13:14:06,PDV 02,14,1.0,4.89,4.89,Cartão Crédito,5102,0.18,0.88
11095,2026-04-23 11:24:57,PDV 02,14,1.0,4.89,4.89,Cartão Débito,5102,0.18,0.88
11096,2026-04-24 08:56:27,PDV 02,14,2.0,4.89,9.78,Cartão Débito,5102,0.18,1.76
11097,2026-04-24 17:29:11,PDV 04,14,1.0,4.89,4.89,Cartão Débito,5102,0.18,0.88
11098,2026-04-24 15:46:12,PDV 06,14,2.0,4.89,9.78,Cartão Débito,5102,0.18,1.76
11099,2026-04-24 12:12:21,PDV 02,14,1.0,4.89,4.89,Cartão Débito,5102,0.18,0.88
11100,2026-04-25 12:08:07,PDV 04,14,6.0,4.89,29.34,Cartão Crédito,5102,0.18,5.28
11101,2026-04-26 20:21:14,PDV 03,14,2.0,4.89,9.78,Cartão Crédito,5102,0.18,1.76
11102,2026-04-26 20:50:40,PDV 05,14,2.0,4.89,9.78,Dinheiro,5102,0.18,1.76
11103,2026-04-27 09:26:54,PDV 05,14,2.0,4.89,9.78,Cartão Crédito,5102,0.18,1.76
11104,2026-04-27 11:37:30,PDV 04,14,2.0,4.89,9.78,Cartão Débito,5102,0.18,1.76
11105,2026-04-28 14:47:55,PDV 02,14,1.0,4.89,4.89,Cartão Débito,5102,0.18,0.88
11106,2026-04-28 14:37:14,PDV 05,14,1.0,4.89,4.89,Dinheiro,5102,0.18,0.88
11107,2026-04-28 17:57:00,PDV 04,14,1.0,4.89,4.89,Dinheiro,5102,0.18,0.88
11108,2026-04-29 15:46:49,PDV 05,14,3.0,4.89,14.67,Cartão Débito,5102,0.18,2.64
11109,2026-04-30 15:51:51,PDV 06,14,1.0,4.89,4.89,PIX,5102,0.18,0.88
11110,2026-04-30 15:31:15,PDV 01,14,1.0,4.89,4.89,Cartão Crédito,5102,0.18,0.88
11111,2026-04-30 08:44:46,PDV 04,14,2.0,4.89,9.78,Dinheiro,5102,0.18,1.76
11112,2026-04-30 10:22:18,PDV 02,14,1.0,4.89,4.89,Cartão Crédito,5102,0.18,0.88
11113,2026-05-01 08:30:42,PDV 03,14,9.0,4.89,44.01,Cartão Débito,5102,0.18,7.92
11114,2026-05-02 17:47:37,PDV 01,14,2.0,4.89,9.78,Dinheiro,5102,0.18,1.76
11115,2026-05-02 15:49:08,PDV 06,14,2.0,4.89,9.78,Cartão Crédito,5102,0.18,1.76
11116,2026-05-02 20:55:23,PDV 06,14,2.0,4.89,9.78,Cartão Crédito,5102,0.18,1.76
11117,2026-05-02 18:00:55,PDV 06,14,1.0,4.89,4.89,Cartão Débito,5102,0.18,0.88
11118,2026-05-03 16:02:18,PDV 04,14,2.0,4.89,9.78,PIX,5102,0.18,1.76
11119,2026-05-03 19:39:34,PDV 05,14,2.0,4.89,9.78,PIX,5102,0.18,1.76
11120,2026-05-03 20:43:05,PDV 05,14,2.0,4.89,9.78,PIX,5102,0.18,1.76
11121,2026-05-04 16:58:43,PDV 03,14,4.0,4.89,19.56,PIX,5102,0.18,3.52
11122,2026-05-05 14:23:29,PDV 05,14,5.0,4.89,24.45,Cartão Débito,5102,0.18,4.4
11123,2026-05-06 10:41:35,PDV 06,14,2.0,4.89,9.78,Cartão Débito,5102,0.18,1.76
11124,2026-05-06 19:49:13,PDV 02,14,2.0,4.89,9.78,Dinheiro,5102,0.18,1.76
11125,2026-05-06 11:34:07,PDV 06,14,1.0,4.89,4.89,Cartão Crédito,5102,0.18,0.88
11126,2026-05-07 20:47:48,PDV 02,14,3.0,4.89,14.67,Cartão Débito,5102,0.18,2.64
11127,2026-05-07 12:32:43,PDV 04,14,3.0,4.89,14.67,Cartão Débito,5102,0.18,2.64
11128,2026-05-08 13:22:28,PDV 04,14,7.0,4.89,34.23,Cartão Crédito,5102,0.18,6.16
11129,2026-05-09 15:45:34,PDV 06,14,7.0,4.89,34.23,PIX,5102,0.18,6.16
11130,2026-05-10 15:39:23,PDV 06,14,2.0,4.89,9.78,Dinheiro,5102,0.18,1.76
11131,2026-05-10 20:56:04,PDV 02,14,2.0,4.89,9.78,PIX,5102,0.18,1.76
11132,2026-05-10 15:05:05,PDV 04,14,3.0,4.89,14.67,PIX,5102,0.18,2.64
11133,2026-05-11 09:06:10,PDV 03,14,2.0,4.89,9.78,Cartão Débito,5102,0.18,1.76
11134,2026-05-11 10:31:09,PDV 02,14,1.0,4.89,4.89,Cartão Crédito,5102,0.18,0.88
11135,2026-05-12 12:26:43,PDV 05,14,4.0,4.89,19.56,Dinheiro,5102,0.18,3.52
11136,2026-05-13 13:26:28,PDV 06,14,2.0,4.89,9.78,Cartão Crédito,5102,0.18,1.76
11137,2026-05-13 12:12:04,PDV 01,14,1.0,4.89,4.89,PIX,5102,0.18,0.88
11138,2026-05-14 16:41:21,PDV 04,14,2.0,4.89,9.78,Cartão Crédito,5102,0.18,1.76
11139,2026-05-14 18:41:50,PDV 03,14,3.0,4.89,14.67,Cartão Crédito,5102,0.18,2.64
11140,2026-05-15 15:19:36,PDV 02,14,2.0,4.89,9.78,PIX,5102,0.18,1.76
11141,2026-05-15 12:10:50,PDV 03,14,1.0,4.89,4.89,Cartão Débito,5102,0.18,0.88
11142,2026-05-15 13:18:49,PDV 01,14,2.0,4.89,9.78,Cartão Débito,5102,0.18,1.76
11143,2026-05-15 12:29:10,PDV 05,14,1.0,4.89,4.89,Dinheiro,5102,0.18,0.88
11144,2026-05-16 10:11:53,PDV 06,14,2.0,4.89,9.78,Cartão Crédito,5102,0.18,1.76
11145,2026-05-16 18:50:09,PDV 02,14,2.0,4.89,9.78,Cartão Débito,5102,0.18,1.76
11146,2026-05-16 08:20:36,PDV 02,14,2.0,4.89,9.78,Cartão Crédito,5102,0.18,1.76
11147,2026-05-17 10:13:35,PDV 06,14,2.0,4.89,9.78,Cartão Débito,5102,0.18,1.76
11148,2026-05-17 13:22:09,PDV 03,14,2.0,4.89,9.78,Cartão Crédito,5102,0.18,1.76
11149,2026-05-17 10:34:19,PDV 01,14,1.0,4.89,4.89,Dinheiro,5102,0.18,0.88
11150,2026-05-18 15:49:09,PDV 04,14,1.0,4.89,4.89,Dinheiro,5102,0.18,0.88
11151,2026-05-18 10:00:47,PDV 05,14,1.0,4.89,4.89,Dinheiro,5102,0.18,0.88
11152,2026-05-18 13:41:45,PDV 03,14,1.0,4.89,4.89,Cartão Crédito,5102,0.18,0.88
11153,2026-05-18 12:48:36,PDV 06,14,1.0,4.89,4.89,Cartão Débito,5102,0.18,0.88
11154,2026-05-19 13:44:07,PDV 06,14,1.0,4.89,4.89,Cartão Crédito,5102,0.18,0.88
11155,2026-05-19 08:08:43,PDV 05,14,1.0,4.89,4.89,Cartão Débito,5102,0.18,0.88
11156,2026-05-19 08:25:39,PDV 02,14,1.0,4.89,4.89,Cartão Crédito,5102,0.18,0.88
11157,2026-05-19 09:20:03,PDV 05,14,1.0,4.89,4.89,Cartão Crédito,5102,0.18,0.88
11158,2026-05-20 20:59:49,PDV 03,14,2.0,4.89,9.78,Cartão Débito,5102,0.18,1.76
11159,2026-05-20 09:34:54,PDV 04,14,2.0,4.89,9.78,Cartão Crédito,5102,0.18,1.76
11160,2026-05-21 16:25:12,PDV 04,14,5.0,4.89,24.45,Cartão Débito,5102,0.18,4.4
11161,2026-05-22 18:23:25,PDV 02,14,5.0,4.89,24.45,Cartão Crédito,5102,0.18,4.4
11162,2026-05-23 13:24:23,PDV 01,14,1.0,4.89,4.89,Cartão Débito,5102,0.18,0.88
11163,2026-05-23 13:19:28,PDV 05,14,1.0,4.89,4.89,Cartão Débito,5102,0.18,0.88
11164,2026-05-23 19:56:28,PDV 06,14,2.0,4.89,9.78,Dinheiro,5102,0.18,1.76
11165,2026-05-23 20:28:18,PDV 02,14,1.0,4.89,4.89,PIX,5102,0.18,0.88
11166,2026-05-24 19:57:26,PDV 02,14,1.0,4.89,4.89,PIX,5102,0.18,0.88
11167,2026-05-24 17:05:09,PDV 02,14,1.0,4.89,4.89,Cartão Débito,5102,0.18,0.88
11168,2026-05-24 16:21:04,PDV 05,14,1.0,4.89,4.89,PIX,5102,0.18,0.88
11169,2026-05-24 09:00:26,PDV 06,14,1.0,4.89,4.89,Dinheiro,5102,0.18,0.88
11170,2026-05-25 10:35:29,PDV 06,14,2.0,4.89,9.78,Cartão Crédito,5102,0.18,1.76
11171,2026-05-25 10:12:11,PDV 04,14,1.0,4.89,4.89,Cartão Débito,5102,0.18,0.88
11172,2026-05-26 08:52:52,PDV 03,14,1.0,4.89,4.89,PIX,5102,0.18,0.88
11173,2026-05-26 12:31:35,PDV 06,14,1.0,4.89,4.89,Cartão Crédito,5102,0.18,0.88
11174,2026-05-26 08:50:00,PDV 02,14,1.0,4.89,4.89,Cartão Débito,5102,0.18,0.88
11175,2026-05-26 18:53:40,PDV 04,14,1.0,4.89,4.89,Cartão Débito,5102,0.18,0.88
11176,2026-05-27 14:11:31,PDV 06,14,1.0,4.89,4.89,Cartão Crédito,5102,0.18,0.88
11177,2026-05-27 08:07:48,PDV 03,14,2.0,4.89,9.78,Cartão Crédito,5102,0.18,1.76
11178,2026-05-27 09:38:47,PDV 03,14,1.0,4.89,4.89,Cartão Crédito,5102,0.18,0.88
11179,2026-05-28 12:40:43,PDV 04,14,1.0,4.89,4.89,Dinheiro,5102,0.18,0.88
11180,2026-05-28 09:23:32,PDV 06,14,1.0,4.89,4.89,Cartão Crédito,5102,0.18,0.88
11181,2026-05-28 12:10:37,PDV 01,14,2.0,4.89,9.78,Cartão Débito,5102,0.18,1.76
11182,2026-05-28 15:56:44,PDV 02,14,1.0,4.89,4.89,Cartão Débito,5102,0.18,0.88
11183,2026-05-29 12:23:26,PDV 06,14,6.0,4.89,29.34,Dinheiro,5102,0.18,5.28
11184,2026-05-30 08:18:18,PDV 05,14,2.0,4.89,9.78,Cartão Crédito,5102,0.18,1.76
11185,2026-05-30 09:32:12,PDV 06,14,2.0,4.89,9.78,Cartão Débito,5102,0.18,1.76
11186,2026-05-30 09:38:48,PDV 02,14,2.0,4.89,9.78,Cartão Crédito,5102,0.18,1.76
11187,2026-05-31 18:51:19,PDV 03,14,1.0,4.89,4.89,Cartão Crédito,5102,0.18,0.88
11188,2026-05-31 19:23:06,PDV 05,14,2.0,4.89,9.78,Cartão Crédito,5102,0.18,1.76
11189,2026-05-31 10:00:08,PDV 05,14,1.0,4.89,4.89,Cartão Débito,5102,0.18,0.88
11190,2026-06-01 14:21:58,PDV 02,14,1.0,4.89,4.89,Cartão Débito,5102,0.18,0.88
11191,2026-06-01 10:32:14,PDV 02,14,1.0,4.89,4.89,PIX,5102,0.18,0.88
11192,2026-06-01 16:39:44,PDV 05,14,2.0,4.89,9.78,PIX,5102,0.18,1.76
11193,2026-06-01 19:35:44,PDV 01,14,1.0,4.89,4.89,Cartão Crédito,5102,0.18,0.88
11194,2026-06-02 09:52:08,PDV 01,14,4.0,4.89,19.56,Cartão Crédito,5102,0.18,3.52
11195,2026-06-03 19:23:08,PDV 04,14,2.0,4.89,9.78,PIX,5102,0.18,1.76
11196,2026-06-03 17:33:48,PDV 03,14,2.0,4.89,9.78,Cartão Débito,5102,0.18,1.76
11197,2026-06-03 12:01:47,PDV 01,14,1.0,4.89,4.89,Cartão Débito,5102,0.18,0.88
11198,2026-06-04 19:14:19,PDV 02,14,4.0,4.89,19.56,Cartão Débito,5102,0.18,3.52
11199,2026-06-04 09:27:44,PDV 01,14,3.0,4.89,14.67,Cartão Débito,5102,0.18,2.64
11200,2026-06-05 20:27:02,PDV 02,14,2.0,4.89,9.78,Cartão Débito,5102,0.18,1.76
11201,2026-06-05 20:42:32,PDV 05,14,2.0,4.89,9.78,Cartão Débito,5102,0.18,1.76
11202,2026-06-05 09:58:16,PDV 01,14,2.0,4.89,9.78,Cartão Débito,5102,0.18,1.76
11203,2026-06-05 18:00:48,PDV 01,14,1.0,4.89,4.89,PIX,5102,0.18,0.88
11204,2026-06-06 17:57:12,PDV 02,14,4.0,4.89,19.56,Cartão Crédito,5102,0.18,3.52
11205,2026-06-06 08:05:09,PDV 06,14,4.0,4.89,19.56,Dinheiro,5102,0.18,3.52
11206,2026-06-07 13:10:54,PDV 05,14,2.0,4.89,9.78,PIX,5102,0.18,1.76
11207,2026-06-07 17:15:32,PDV 05,14,2.0,4.89,9.78,Cartão Débito,5102,0.18,1.76
11208,2026-06-07 17:48:00,PDV 05,14,1.0,4.89,4.89,Cartão Débito,5102,0.18,0.88
11209,2026-06-08 12:10:57,PDV 05,14,2.0,4.89,9.78,Cartão Débito,5102,0.18,1.76
11210,2026-06-08 19:06:59,PDV 02,14,3.0,4.89,14.67,Dinheiro,5102,0.18,2.64
11211,2026-06-09 13:44:37,PDV 02,14,1.0,4.89,4.89,Cartão Crédito,5102,0.18,0.88
11212,2026-06-09 09:11:53,PDV 03,14,1.0,4.89,4.89,Dinheiro,5102,0.18,0.88
11213,2026-06-09 14:13:32,PDV 02,14,1.0,4.89,4.89,Cartão Crédito,5102,0.18,0.88
11214,2026-06-09 20:20:07,PDV 04,14,1.0,4.89,4.89,Cartão Débito,5102,0.18,0.88
11215,2026-06-10 15:48:23,PDV 06,14,2.0,4.89,9.78,Cartão Débito,5102,0.18,1.76
11216,2026-06-10 19:02:05,PDV 03,14,3.0,4.89,14.67,Cartão Crédito,5102,0.18,2.64
11217,2026-06-11 12:29:38,PDV 06,14,1.0,4.89,4.89,Cartão Débito,5102,0.18,0.88
11218,2026-06-11 15:14:35,PDV 04,14,1.0,4.89,4.89,Cartão Débito,5102,0.18,0.88
11219,2026-06-11 14:12:54,PDV 01,14,2.0,4.89,9.78,PIX,5102,0.18,1.76
11220,2026-06-11 20:30:43,PDV 03,14,1.0,4.89,4.89,Cartão Débito,5102,0.18,0.88
11221,2026-06-12 18:06:25,PDV 04,14,2.0,4.89,9.78,Cartão Crédito,5102,0.18,1.76
11222,2026-06-12 18:05:07,PDV 02,14,2.0,4.89,9.78,Cartão Débito,5102,0.18,1.76
11223,2026-06-12 19:37:06,PDV 06,14,2.0,4.89,9.78,Dinheiro,5102,0.18,1.76
11224,2026-06-12 10:04:23,PDV 02,14,1.0,4.89,4.89,Cartão Débito,5102,0.18,0.88
11225,2026-06-13 09:14:53,PDV 04,14,2.0,4.89,9.78,Cartão Crédito,5102,0.18,1.76
11226,2026-06-13 12:48:45,PDV 05,14,1.0,4.89,4.89,Cartão Crédito,5102,0.18,0.88
11227,2026-06-13 20:50:51,PDV 06,14,2.0,4.89,9.78,Dinheiro,5102,0.18,1.76
11228,2026-06-13 13:30:42,PDV 05,14,1.0,4.89,4.89,Dinheiro,5102,0.18,0.88
11229,2026-06-14 16:17:09,PDV 04,14,1.0,4.89,4.89,Cartão Débito,5102,0.18,0.88
11230,2026-06-14 12:31:31,PDV 02,14,1.0,4.89,4.89,Cartão Crédito,5102,0.18,0.88
11231,2026-06-14 10:01:06,PDV 06,14,2.0,4.89,9.78,Cartão Débito,5102,0.18,1.76
11232,2026-06-14 09:31:43,PDV 01,14,1.0,4.89,4.89,Dinheiro,5102,0.18,0.88
11233,2026-06-15 17:43:20,PDV 02,14,2.0,4.89,9.78,Cartão Débito,5102,0.18,1.76
11234,2026-06-15 17:06:48,PDV 01,14,1.0,4.89,4.89,Cartão Crédito,5102,0.18,0.88
11235,2026-06-16 20:31:50,PDV 04,14,1.0,4.89,4.89,Cartão Débito,5102,0.18,0.88
11236,2026-06-16 18:31:31,PDV 05,14,1.0,4.89,4.89,Cartão Débito,5102,0.18,0.88
11237,2026-06-16 13:51:55,PDV 05,14,1.0,4.89,4.89,Cartão Crédito,5102,0.18,0.88
11238,2026-06-17 14:56:58,PDV 01,14,3.0,4.89,14.67,Cartão Débito,5102,0.18,2.64
11239,2026-06-18 14:28:29,PDV 01,14,1.0,4.89,4.89,Cartão Débito,5102,0.18,0.88
11240,2026-06-18 16:42:55,PDV 03,14,2.0,4.89,9.78,PIX,5102,0.18,1.76
11241,2026-06-18 10:31:27,PDV 02,14,1.0,4.89,4.89,Cartão Débito,5102,0.18,0.88
11242,2026-06-19 15:48:07,PDV 05,14,2.0,4.89,9.78,Cartão Crédito,5102,0.18,1.76
11243,2026-06-19 18:35:43,PDV 05,14,1.0,4.89,4.89,Cartão Crédito,5102,0.18,0.88
11244,2026-06-19 15:35:54,PDV 02,14,2.0,4.89,9.78,Cartão Crédito,5102,0.18,1.76
11245,2026-06-19 14:16:31,PDV 05,14,1.0,4.89,4.89,Dinheiro,5102,0.18,0.88
11246,2026-06-20 20:18:20,PDV 01,14,2.0,4.89,9.78,Cartão Débito,5102,0.18,1.76
11247,2026-06-20 08:08:53,PDV 03,14,2.0,4.89,9.78,Cartão Débito,5102,0.18,1.76
11248,2026-06-20 19:37:01,PDV 06,14,1.0,4.89,4.89,Cartão Débito,5102,0.18,0.88
11249,2026-06-21 14:22:22,PDV 04,14,5.0,4.89,24.45,Cartão Débito,5102,0.18,4.4
11250,2026-06-22 11:15:41,PDV 03,14,2.0,4.89,9.78,Cartão Crédito,5102,0.18,1.76
11251,2026-06-22 19:04:55,PDV 03,14,2.0,4.89,9.78,Cartão Débito,5102,0.18,1.76
11252,2026-06-23 08:34:20,PDV 01,14,2.0,4.89,9.78,Cartão Crédito,5102,0.18,1.76
11253,2026-06-23 14:36:32,PDV 04,14,2.0,4.89,9.78,Cartão Débito,5102,0.18,1.76
11254,2026-06-24 17:01:20,PDV 04,14,1.0,4.89,4.89,Cartão Crédito,5102,0.18,0.88
11255,2026-06-24 13:36:06,PDV 04,14,1.0,4.89,4.89,Cartão Débito,5102,0.18,0.88
11256,2026-06-24 18:13:21,PDV 04,14,1.0,4.89,4.89,Cartão Crédito,5102,0.18,0.88
11257,2026-06-24 20:42:21,PDV 02,14,1.0,4.89,4.89,Cartão Crédito,5102,0.18,0.88
11258,2026-06-25 14:12:31,PDV 06,14,2.0,4.89,9.78,PIX,5102,0.18,1.76
11259,2026-06-25 20:04:53,PDV 05,14,2.0,4.89,9.78,Cartão Débito,5102,0.18,1.76
11260,2026-06-25 12:03:19,PDV 05,14,1.0,4.89,4.89,Cartão Crédito,5102,0.18,0.88
11261,2026-06-26 17:47:05,PDV 06,14,4.0,4.89,19.56,PIX,5102,0.18,3.52
11262,2026-06-26 09:37:21,PDV 03,14,3.0,4.89,14.67,Cartão Débito,5102,0.18,2.64
11263,2026-06-27 14:13:22,PDV 01,14,2.0,4.89,9.78,Cartão Crédito,5102,0.18,1.76
11264,2026-06-27 12:32:51,PDV 03,14,1.0,4.89,4.89,Cartão Crédito,5102,0.18,0.88
11265,2026-06-27 16:20:12,PDV 04,14,2.0,4.89,9.78,Cartão Crédito,5102,0.18,1.76
11266,2026-06-27 17:32:29,PDV 06,14,1.0,4.89,4.89,PIX,5102,0.18,0.88
11267,2026-06-28 08:40:45,PDV 05,14,2.0,4.89,9.78,PIX,5102,0.18,1.76
11268,2026-06-28 17:31:13,PDV 06,14,3.0,4.89,14.67,Dinheiro,5102,0.18,2.64
11269,2026-06-29 19:29:17,PDV 06,14,1.0,4.89,4.89,Cartão Crédito,5102,0.18,0.88
11270,2026-04-01 08:53:47,PDV 06,15,1.0,2.29,2.29,PIX,5102,0.18,0.41
11271,2026-04-01 08:44:58,PDV 06,15,1.0,2.29,2.29,Cartão Débito,5102,0.18,0.41
11272,2026-04-01 16:24:19,PDV 06,15,1.0,2.29,2.29,Dinheiro,5102,0.18,0.41
11273,2026-04-02 20:43:07,PDV 05,15,1.0,2.29,2.29,PIX,5102,0.18,0.41
11274,2026-04-02 15:24:00,PDV 04,15,2.0,2.29,4.58,Dinheiro,5102,0.18,0.82
11275,2026-04-02 12:19:05,PDV 02,15,1.0,2.29,2.29,Cartão Débito,5102,0.18,0.41
11276,2026-04-03 15:40:20,PDV 06,15,2.0,2.29,4.58,Cartão Crédito,5102,0.18,0.82
11277,2026-04-03 08:17:55,PDV 01,15,2.0,2.29,4.58,PIX,5102,0.18,0.82
11278,2026-04-04 15:47:26,PDV 03,15,1.0,2.29,2.29,Cartão Crédito,5102,0.18,0.41
11279,2026-04-04 09:52:10,PDV 06,15,1.0,2.29,2.29,Cartão Débito,5102,0.18,0.41
11280,2026-04-04 09:22:26,PDV 05,15,1.0,2.29,2.29,Cartão Crédito,5102,0.18,0.41
11281,2026-04-04 16:47:20,PDV 04,15,1.0,2.29,2.29,Cartão Crédito,5102,0.18,0.41
11282,2026-04-05 18:41:11,PDV 06,15,4.0,2.29,9.16,Cartão Crédito,5102,0.18,1.65
11283,2026-04-06 10:00:25,PDV 02,15,1.0,2.29,2.29,Cartão Crédito,5102,0.18,0.41
11284,2026-04-06 13:36:05,PDV 01,15,1.0,2.29,2.29,Cartão Débito,5102,0.18,0.41
11285,2026-04-06 16:45:49,PDV 06,15,1.0,2.29,2.29,PIX,5102,0.18,0.41
11286,2026-04-07 17:43:26,PDV 03,15,2.0,2.29,4.58,Cartão Crédito,5102,0.18,0.82
11287,2026-04-08 19:08:16,PDV 02,15,2.0,2.29,4.58,Cartão Crédito,5102,0.18,0.82
11288,2026-04-09 20:18:12,PDV 01,15,2.0,2.29,4.58,Cartão Crédito,5102,0.18,0.82
11289,2026-04-09 10:25:56,PDV 04,15,1.0,2.29,2.29,Dinheiro,5102,0.18,0.41
11290,2026-04-10 08:01:59,PDV 05,15,2.0,2.29,4.58,Cartão Crédito,5102,0.18,0.82
11291,2026-04-10 18:14:58,PDV 01,15,3.0,2.29,6.87,Dinheiro,5102,0.18,1.24
11292,2026-04-11 12:44:54,PDV 02,15,3.0,2.29,6.87,Cartão Débito,5102,0.18,1.24
11293,2026-04-12 14:38:16,PDV 02,15,1.0,2.29,2.29,Cartão Débito,5102,0.18,0.41
11294,2026-04-12 13:10:36,PDV 01,15,1.0,2.29,2.29,Cartão Débito,5102,0.18,0.41
11295,2026-04-12 16:27:49,PDV 04,15,1.0,2.29,2.29,PIX,5102,0.18,0.41
11296,2026-04-13 15:07:14,PDV 06,15,2.0,2.29,4.58,Cartão Débito,5102,0.18,0.82
11297,2026-04-14 20:17:18,PDV 06,15,2.0,2.29,4.58,Cartão Crédito,5102,0.18,0.82
11298,2026-04-15 10:27:54,PDV 02,15,2.0,2.29,4.58,Cartão Crédito,5102,0.18,0.82
11299,2026-04-16 12:46:43,PDV 02,15,2.0,2.29,4.58,Cartão Crédito,5102,0.18,0.82
11300,2026-04-17 20:09:01,PDV 03,15,2.0,2.29,4.58,Dinheiro,5102,0.18,0.82
11301,2026-04-17 11:39:28,PDV 02,15,1.0,2.29,2.29,Cartão Débito,5102,0.18,0.41
11302,2026-04-18 09:00:30,PDV 02,15,1.0,2.29,2.29,PIX,5102,0.18,0.41
11303,2026-04-18 19:25:43,PDV 02,15,1.0,2.29,2.29,Cartão Crédito,5102,0.18,0.41
11304,2026-04-18 19:27:47,PDV 05,15,1.0,2.29,2.29,Cartão Débito,5102,0.18,0.41
11305,2026-04-18 09:35:03,PDV 01,15,1.0,2.29,2.29,Cartão Débito,5102,0.18,0.41
11306,2026-04-19 15:58:22,PDV 05,15,3.0,2.29,6.87,Dinheiro,5102,0.18,1.24
11307,2026-04-20 20:38:45,PDV 06,15,2.0,2.29,4.58,PIX,5102,0.18,0.82
11308,2026-04-21 08:16:32,PDV 05,15,2.0,2.29,4.58,Cartão Débito,5102,0.18,0.82
11309,2026-04-22 14:42:23,PDV 02,15,2.0,2.29,4.58,Dinheiro,5102,0.18,0.82
11310,2026-04-23 16:02:37,PDV 02,15,2.0,2.29,4.58,Cartão Débito,5102,0.18,0.82
11311,2026-04-24 15:59:21,PDV 04,15,1.0,2.29,2.29,Cartão Débito,5102,0.18,0.41
11312,2026-04-24 13:45:33,PDV 04,15,1.0,2.29,2.29,Cartão Débito,5102,0.18,0.41
11313,2026-04-24 09:20:02,PDV 02,15,1.0,2.29,2.29,Cartão Crédito,5102,0.18,0.41
11314,2026-04-25 19:23:59,PDV 04,15,2.0,2.29,4.58,Cartão Débito,5102,0.18,0.82
11315,2026-04-25 12:39:53,PDV 03,15,1.0,2.29,2.29,Cartão Crédito,5102,0.18,0.41
11316,2026-04-26 10:20:47,PDV 04,15,2.0,2.29,4.58,PIX,5102,0.18,0.82
11317,2026-04-26 10:35:54,PDV 06,15,1.0,2.29,2.29,Cartão Crédito,5102,0.18,0.41
11318,2026-04-27 15:03:12,PDV 02,15,2.0,2.29,4.58,Cartão Débito,5102,0.18,0.82
11319,2026-04-28 10:02:30,PDV 03,15,2.0,2.29,4.58,Cartão Débito,5102,0.18,0.82
11320,2026-04-29 15:27:07,PDV 04,15,2.0,2.29,4.58,Cartão Débito,5102,0.18,0.82
11321,2026-04-30 19:35:31,PDV 04,15,2.0,2.29,4.58,Cartão Crédito,5102,0.18,0.82
11322,2026-04-30 19:55:09,PDV 01,15,1.0,2.29,2.29,Cartão Débito,5102,0.18,0.41
11323,2026-05-01 12:11:53,PDV 02,15,2.0,2.29,4.58,Cartão Crédito,5102,0.18,0.82
11324,2026-05-01 12:36:57,PDV 06,15,2.0,2.29,4.58,Cartão Crédito,5102,0.18,0.82
11325,2026-05-02 16:49:36,PDV 02,15,4.0,2.29,9.16,Cartão Crédito,5102,0.18,1.65
11326,2026-05-03 11:49:31,PDV 06,15,3.0,2.29,6.87,Cartão Débito,5102,0.18,1.24
11327,2026-05-04 13:01:18,PDV 06,15,2.0,2.29,4.58,Dinheiro,5102,0.18,0.82
11328,2026-05-05 14:23:37,PDV 01,15,3.0,2.29,6.87,PIX,5102,0.18,1.24
11329,2026-05-06 08:05:29,PDV 06,15,3.0,2.29,6.87,Cartão Crédito,5102,0.18,1.24
11330,2026-05-07 18:17:38,PDV 06,15,2.0,2.29,4.58,Cartão Débito,5102,0.18,0.82
11331,2026-05-07 08:41:39,PDV 04,15,1.0,2.29,2.29,Cartão Débito,5102,0.18,0.41
11332,2026-05-08 11:55:03,PDV 06,15,2.0,2.29,4.58,Cartão Débito,5102,0.18,0.82
11333,2026-05-08 20:03:47,PDV 01,15,3.0,2.29,6.87,Cartão Crédito,5102,0.18,1.24
11334,2026-05-09 09:25:16,PDV 02,15,1.0,2.29,2.29,Cartão Débito,5102,0.18,0.41
11335,2026-05-09 20:55:25,PDV 01,15,1.0,2.29,2.29,Cartão Débito,5102,0.18,0.41
11336,2026-05-09 11:10:24,PDV 04,15,2.0,2.29,4.58,Cartão Débito,5102,0.18,0.82
11337,2026-05-09 20:41:09,PDV 01,15,1.0,2.29,2.29,Cartão Débito,5102,0.18,0.41
11338,2026-05-10 19:51:58,PDV 03,15,2.0,2.29,4.58,Dinheiro,5102,0.18,0.82
11339,2026-05-10 17:08:22,PDV 06,15,1.0,2.29,2.29,Cartão Débito,5102,0.18,0.41
11340,2026-05-11 13:32:12,PDV 04,15,2.0,2.29,4.58,Cartão Crédito,5102,0.18,0.82
11341,2026-05-12 14:30:17,PDV 05,15,2.0,2.29,4.58,Cartão Crédito,5102,0.18,0.82
11342,2026-05-13 09:48:27,PDV 03,15,2.0,2.29,4.58,Cartão Crédito,5102,0.18,0.82
11343,2026-05-14 18:27:05,PDV 01,15,2.0,2.29,4.58,Cartão Crédito,5102,0.18,0.82
11344,2026-05-14 15:43:14,PDV 06,15,1.0,2.29,2.29,Cartão Crédito,5102,0.18,0.41
11345,2026-05-15 15:33:40,PDV 06,15,2.0,2.29,4.58,Cartão Crédito,5102,0.18,0.82
11346,2026-05-15 12:29:27,PDV 01,15,2.0,2.29,4.58,Dinheiro,5102,0.18,0.82
11347,2026-05-16 12:09:08,PDV 06,15,1.0,2.29,2.29,Dinheiro,5102,0.18,0.41
11348,2026-05-16 11:33:27,PDV 03,15,1.0,2.29,2.29,Cartão Crédito,5102,0.18,0.41
11349,2026-05-16 16:04:58,PDV 01,15,1.0,2.29,2.29,Cartão Crédito,5102,0.18,0.41
11350,2026-05-16 16:27:26,PDV 01,15,1.0,2.29,2.29,Cartão Crédito,5102,0.18,0.41
11351,2026-05-17 17:52:16,PDV 03,15,1.0,2.29,2.29,Cartão Débito,5102,0.18,0.41
11352,2026-05-17 09:49:32,PDV 01,15,1.0,2.29,2.29,Cartão Débito,5102,0.18,0.41
11353,2026-05-17 18:29:11,PDV 02,15,1.0,2.29,2.29,PIX,5102,0.18,0.41
11354,2026-05-18 08:05:26,PDV 06,15,2.0,2.29,4.58,Cartão Débito,5102,0.18,0.82
11355,2026-05-19 17:46:29,PDV 06,15,2.0,2.29,4.58,Cartão Crédito,5102,0.18,0.82
11356,2026-05-20 20:16:21,PDV 02,15,2.0,2.29,4.58,Cartão Débito,5102,0.18,0.82
11357,2026-05-21 19:38:16,PDV 06,15,3.0,2.29,6.87,Cartão Débito,5102,0.18,1.24
11358,2026-05-22 08:25:07,PDV 01,15,4.0,2.29,9.16,Cartão Débito,5102,0.18,1.65
11359,2026-05-23 15:44:25,PDV 06,15,2.0,2.29,4.58,Dinheiro,5102,0.18,0.82
11360,2026-05-23 17:46:31,PDV 03,15,1.0,2.29,2.29,Cartão Crédito,5102,0.18,0.41
11361,2026-05-24 17:23:44,PDV 06,15,2.0,2.29,4.58,Dinheiro,5102,0.18,0.82
11362,2026-05-25 18:25:51,PDV 03,15,2.0,2.29,4.58,Cartão Débito,5102,0.18,0.82
11363,2026-05-26 10:00:12,PDV 01,15,2.0,2.29,4.58,PIX,5102,0.18,0.82
11364,2026-05-27 19:12:54,PDV 01,15,2.0,2.29,4.58,Cartão Débito,5102,0.18,0.82
11365,2026-05-28 10:41:15,PDV 04,15,1.0,2.29,2.29,PIX,5102,0.18,0.41
11366,2026-05-28 20:34:12,PDV 01,15,1.0,2.29,2.29,Cartão Débito,5102,0.18,0.41
11367,2026-05-28 15:09:30,PDV 04,15,1.0,2.29,2.29,Cartão Débito,5102,0.18,0.41
11368,2026-05-29 10:47:44,PDV 04,15,2.0,2.29,4.58,Dinheiro,5102,0.18,0.82
11369,2026-05-29 15:01:55,PDV 04,15,2.0,2.29,4.58,Cartão Crédito,5102,0.18,0.82
11370,2026-05-30 12:36:53,PDV 04,15,2.0,2.29,4.58,Cartão Débito,5102,0.18,0.82
11371,2026-05-30 08:06:40,PDV 06,15,2.0,2.29,4.58,Cartão Crédito,5102,0.18,0.82
11372,2026-05-31 15:47:37,PDV 05,15,2.0,2.29,4.58,Cartão Crédito,5102,0.18,0.82
11373,2026-05-31 12:02:31,PDV 04,15,1.0,2.29,2.29,Cartão Crédito,5102,0.18,0.41
11374,2026-06-01 19:39:59,PDV 06,15,1.0,2.29,2.29,Dinheiro,5102,0.18,0.41
11375,2026-06-01 15:14:45,PDV 01,15,1.0,2.29,2.29,Cartão Crédito,5102,0.18,0.41
11376,2026-06-01 14:36:20,PDV 05,15,1.0,2.29,2.29,Cartão Débito,5102,0.18,0.41
11377,2026-06-02 18:26:56,PDV 04,15,2.0,2.29,4.58,Cartão Débito,5102,0.18,0.82
11378,2026-06-03 17:41:22,PDV 04,15,2.0,2.29,4.58,Cartão Crédito,5102,0.18,0.82
11379,2026-06-04 10:18:46,PDV 02,15,4.0,2.29,9.16,Cartão Crédito,5102,0.18,1.65
11380,2026-06-05 11:32:14,PDV 05,15,1.0,2.29,2.29,Dinheiro,5102,0.18,0.41
11381,2026-06-05 13:58:38,PDV 06,15,1.0,2.29,2.29,Cartão Crédito,5102,0.18,0.41
11382,2026-06-05 10:56:18,PDV 06,15,1.0,2.29,2.29,Cartão Crédito,5102,0.18,0.41
11383,2026-06-05 14:53:43,PDV 06,15,1.0,2.29,2.29,Cartão Crédito,5102,0.18,0.41
11384,2026-06-06 20:54:10,PDV 05,15,1.0,2.29,2.29,Cartão Débito,5102,0.18,0.41
11385,2026-06-06 19:47:05,PDV 06,15,1.0,2.29,2.29,Cartão Crédito,5102,0.18,0.41
11386,2026-06-06 10:12:10,PDV 05,15,1.0,2.29,2.29,Cartão Crédito,5102,0.18,0.41
11387,2026-06-06 20:26:31,PDV 03,15,1.0,2.29,2.29,Cartão Débito,5102,0.18,0.41
11388,2026-06-07 08:01:22,PDV 03,15,1.0,2.29,2.29,Cartão Débito,5102,0.18,0.41
11389,2026-06-07 10:11:52,PDV 05,15,1.0,2.29,2.29,Cartão Débito,5102,0.18,0.41
11390,2026-06-07 09:21:27,PDV 01,15,1.0,2.29,2.29,Cartão Crédito,5102,0.18,0.41
11391,2026-06-08 16:14:31,PDV 03,15,3.0,2.29,6.87,Dinheiro,5102,0.18,1.24
11392,2026-06-09 20:22:49,PDV 01,15,2.0,2.29,4.58,PIX,5102,0.18,0.82
11393,2026-06-10 16:17:57,PDV 02,15,2.0,2.29,4.58,PIX,5102,0.18,0.82
11394,2026-06-11 16:38:42,PDV 01,15,2.0,2.29,4.58,Cartão Crédito,5102,0.18,0.82
11395,2026-06-12 20:29:53,PDV 01,15,2.0,2.29,4.58,Dinheiro,5102,0.18,0.82
11396,2026-06-12 20:39:39,PDV 01,15,1.0,2.29,2.29,PIX,5102,0.18,0.41
11397,2026-06-13 16:06:10,PDV 06,15,4.0,2.29,9.16,Cartão Débito,5102,0.18,1.65
11398,2026-06-14 13:10:46,PDV 03,15,3.0,2.29,6.87,Cartão Crédito,5102,0.18,1.24
11399,2026-06-15 20:32:31,PDV 06,15,2.0,2.29,4.58,PIX,5102,0.18,0.82
11400,2026-06-16 10:41:23,PDV 03,15,2.0,2.29,4.58,PIX,5102,0.18,0.82
11401,2026-06-17 09:54:12,PDV 04,15,2.0,2.29,4.58,Dinheiro,5102,0.18,0.82
11402,2026-06-18 11:53:51,PDV 04,15,3.0,2.29,6.87,Cartão Débito,5102,0.18,1.24
11403,2026-06-19 09:17:23,PDV 06,15,2.0,2.29,4.58,PIX,5102,0.18,0.82
11404,2026-06-19 13:40:42,PDV 02,15,2.0,2.29,4.58,Cartão Débito,5102,0.18,0.82
11405,2026-06-20 14:50:14,PDV 02,15,1.0,2.29,2.29,PIX,5102,0.18,0.41
11406,2026-06-20 14:58:26,PDV 04,15,1.0,2.29,2.29,Dinheiro,5102,0.18,0.41
11407,2026-06-20 16:50:43,PDV 03,15,1.0,2.29,2.29,Dinheiro,5102,0.18,0.41
11408,2026-06-21 10:49:00,PDV 06,15,2.0,2.29,4.58,PIX,5102,0.18,0.82
11409,2026-06-21 09:05:21,PDV 03,15,1.0,2.29,2.29,Cartão Crédito,5102,0.18,0.41
11410,2026-06-22 20:10:27,PDV 01,15,2.0,2.29,4.58,Cartão Débito,5102,0.18,0.82
11411,2026-06-23 08:42:59,PDV 06,15,2.0,2.29,4.58,Cartão Débito,5102,0.18,0.82
11412,2026-06-24 17:03:40,PDV 06,15,2.0,2.29,4.58,PIX,5102,0.18,0.82
11413,2026-06-25 12:26:25,PDV 06,15,1.0,2.29,2.29,Cartão Crédito,5102,0.18,0.41
11414,2026-06-25 12:46:47,PDV 03,15,1.0,2.29,2.29,Dinheiro,5102,0.18,0.41
11415,2026-06-25 08:52:17,PDV 05,15,1.0,2.29,2.29,Cartão Crédito,5102,0.18,0.41
11416,2026-06-26 19:25:28,PDV 06,15,3.0,2.29,6.87,Cartão Débito,5102,0.18,1.24
11417,2026-06-27 19:22:56,PDV 06,15,1.0,2.29,2.29,Cartão Crédito,5102,0.18,0.41
11418,2026-06-27 11:56:19,PDV 01,15,1.0,2.29,2.29,Cartão Débito,5102,0.18,0.41
11419,2026-06-27 13:24:46,PDV 06,15,1.0,2.29,2.29,Cartão Crédito,5102,0.18,0.41
11420,2026-06-27 10:33:34,PDV 03,15,1.0,2.29,2.29,Cartão Débito,5102,0.18,0.41
11421,2026-06-28 16:19:33,PDV 03,15,1.0,2.29,2.29,PIX,5102,0.18,0.41
11422,2026-06-28 10:01:01,PDV 05,15,1.0,2.29,2.29,Cartão Crédito,5102,0.18,0.41
11423,2026-06-28 11:53:49,PDV 03,15,1.0,2.29,2.29,Cartão Crédito,5102,0.18,0.41
11424,2026-06-29 16:07:46,PDV 01,15,1.0,2.29,2.29,PIX,5102,0.18,0.41
11425,2026-04-01 20:08:32,PDV 06,1,6.0,5.49,32.94,Cartão Crédito,5102,0.18,5.93
11426,2026-04-01 15:42:28,PDV 02,1,5.0,5.49,27.45,PIX,5102,0.18,4.94
11427,2026-04-02 09:51:39,PDV 06,1,5.0,5.49,27.45,Cartão Crédito,5102,0.18,4.94
11428,2026-04-02 14:14:57,PDV 04,1,6.0,5.49,32.94,Cartão Débito,5102,0.18,5.93
11429,2026-04-02 08:42:56,PDV 04,1,5.0,5.49,27.45,Cartão Crédito,5102,0.18,4.94
11430,2026-04-03 10:45:01,PDV 05,1,17.0,5.49,93.33,Cartão Crédito,5102,0.18,16.8
11431,2026-04-04 16:41:07,PDV 06,1,7.0,5.49,38.43,Cartão Crédito,5102,0.18,6.92
11432,2026-04-04 11:39:34,PDV 05,1,7.0,5.49,38.43,PIX,5102,0.18,6.92
11433,2026-04-04 17:33:12,PDV 04,1,7.0,5.49,38.43,Cartão Crédito,5102,0.18,6.92
11434,2026-04-05 09:42:59,PDV 05,1,18.0,5.49,98.82,Cartão Débito,5102,0.18,17.79
11435,2026-04-06 12:50:13,PDV 02,1,11.0,5.49,60.39,PIX,5102,0.18,10.87
11436,2026-04-07 09:51:34,PDV 05,1,3.0,5.49,16.47,Cartão Débito,5102,0.18,2.96
11437,2026-04-07 17:02:31,PDV 01,1,3.0,5.49,16.47,Cartão Débito,5102,0.18,2.96
11438,2026-04-07 10:26:01,PDV 05,1,3.0,5.49,16.47,Cartão Débito,5102,0.18,2.96
11439,2026-04-07 12:05:07,PDV 01,1,3.0,5.49,16.47,Cartão Crédito,5102,0.18,2.96
11440,2026-04-08 10:11:16,PDV 01,1,3.0,5.49,16.47,Cartão Débito,5102,0.18,2.96
11441,2026-04-08 14:43:10,PDV 01,1,4.0,5.49,21.96,Cartão Crédito,5102,0.18,3.95
11442,2026-04-08 13:11:01,PDV 06,1,3.0,5.49,16.47,Cartão Débito,5102,0.18,2.96
11443,2026-04-09 09:20:09,PDV 04,1,4.0,5.49,21.96,PIX,5102,0.18,3.95
11444,2026-04-09 12:24:52,PDV 01,1,4.0,5.49,21.96,Cartão Débito,5102,0.18,3.95
11445,2026-04-09 11:48:38,PDV 05,1,4.0,5.49,21.96,Cartão Débito,5102,0.18,3.95
11446,2026-04-09 16:48:32,PDV 04,1,3.0,5.49,16.47,Dinheiro,5102,0.18,2.96
11447,2026-04-10 08:20:29,PDV 05,1,6.0,5.49,32.94,Cartão Crédito,5102,0.18,5.93
11448,2026-04-10 15:01:26,PDV 06,1,6.0,5.49,32.94,Cartão Débito,5102,0.18,5.93
11449,2026-04-10 08:17:35,PDV 05,1,6.0,5.49,32.94,Cartão Crédito,5102,0.18,5.93
11450,2026-04-11 20:35:41,PDV 02,1,8.0,5.49,43.92,Cartão Débito,5102,0.18,7.91
11451,2026-04-11 14:28:05,PDV 06,1,9.0,5.49,49.41,Cartão Crédito,5102,0.18,8.89
11452,2026-04-12 13:34:10,PDV 02,1,6.0,5.49,32.94,Cartão Crédito,5102,0.18,5.93
11453,2026-04-12 14:58:35,PDV 04,1,7.0,5.49,38.43,Cartão Débito,5102,0.18,6.92
11454,2026-04-13 17:18:41,PDV 02,1,2.0,5.49,10.98,Cartão Débito,5102,0.18,1.98
11455,2026-04-13 15:17:38,PDV 03,1,3.0,5.49,16.47,PIX,5102,0.18,2.96
11456,2026-04-13 14:22:53,PDV 06,1,2.0,5.49,10.98,Cartão Débito,5102,0.18,1.98
11457,2026-04-13 16:18:02,PDV 02,1,3.0,5.49,16.47,Cartão Crédito,5102,0.18,2.96
11458,2026-04-14 12:05:25,PDV 06,1,10.0,5.49,54.9,Cartão Débito,5102,0.18,9.88
11459,2026-04-15 19:35:17,PDV 04,1,5.0,5.49,27.45,Cartão Débito,5102,0.18,4.94
11460,2026-04-15 16:51:20,PDV 06,1,5.0,5.49,27.45,Dinheiro,5102,0.18,4.94
11461,2026-04-16 20:45:28,PDV 03,1,5.0,5.49,27.45,Cartão Débito,5102,0.18,4.94
11462,2026-04-16 13:21:13,PDV 04,1,4.0,5.49,21.96,Dinheiro,5102,0.18,3.95
11463,2026-04-16 13:01:58,PDV 06,1,5.0,5.49,27.45,Cartão Débito,5102,0.18,4.94
11464,2026-04-17 17:30:00,PDV 01,1,14.0,5.49,76.86,Cartão Crédito,5102,0.18,13.83
11465,2026-04-18 16:57:44,PDV 06,1,4.0,5.49,21.96,Cartão Crédito,5102,0.18,3.95
11466,2026-04-18 14:34:05,PDV 06,1,4.0,5.49,21.96,Cartão Crédito,5102,0.18,3.95
11467,2026-04-18 16:01:57,PDV 06,1,4.0,5.49,21.96,Cartão Crédito,5102,0.18,3.95
11468,2026-04-18 09:22:52,PDV 04,1,3.0,5.49,16.47,PIX,5102,0.18,2.96
11469,2026-04-19 14:11:53,PDV 06,1,4.0,5.49,21.96,Dinheiro,5102,0.18,3.95
11470,2026-04-19 09:29:23,PDV 02,1,4.0,5.49,21.96,Cartão Crédito,5102,0.18,3.95
11471,2026-04-19 11:47:01,PDV 03,1,5.0,5.49,27.45,Cartão Crédito,5102,0.18,4.94
11472,2026-04-20 11:05:52,PDV 05,1,3.0,5.49,16.47,Cartão Crédito,5102,0.18,2.96
11473,2026-04-20 20:45:14,PDV 02,1,4.0,5.49,21.96,Dinheiro,5102,0.18,3.95
11474,2026-04-20 13:02:17,PDV 04,1,3.0,5.49,16.47,Dinheiro,5102,0.18,2.96
11475,2026-04-21 08:12:52,PDV 06,1,4.0,5.49,21.96,Cartão Débito,5102,0.18,3.95
11476,2026-04-21 12:36:32,PDV 04,1,5.0,5.49,27.45,Cartão Débito,5102,0.18,4.94
11477,2026-04-22 18:47:36,PDV 06,1,4.0,5.49,21.96,Cartão Crédito,5102,0.18,3.95
11478,2026-04-22 17:11:04,PDV 05,1,4.0,5.49,21.96,Cartão Débito,5102,0.18,3.95
11479,2026-04-23 10:16:59,PDV 05,1,12.0,5.49,65.88,PIX,5102,0.18,11.86
11480,2026-04-24 11:54:43,PDV 01,1,6.0,5.49,32.94,Dinheiro,5102,0.18,5.93
11481,2026-04-24 19:43:34,PDV 05,1,6.0,5.49,32.94,Cartão Débito,5102,0.18,5.93
11482,2026-04-24 16:56:29,PDV 01,1,5.0,5.49,27.45,Dinheiro,5102,0.18,4.94
11483,2026-04-25 13:27:54,PDV 04,1,14.0,5.49,76.86,Cartão Débito,5102,0.18,13.83
11484,2026-04-26 15:23:33,PDV 01,1,3.0,5.49,16.47,PIX,5102,0.18,2.96
11485,2026-04-26 11:03:17,PDV 04,1,3.0,5.49,16.47,Cartão Crédito,5102,0.18,2.96
11486,2026-04-26 13:00:25,PDV 02,1,4.0,5.49,21.96,Cartão Débito,5102,0.18,3.95
11487,2026-04-26 17:51:01,PDV 06,1,3.0,5.49,16.47,Cartão Débito,5102,0.18,2.96
11488,2026-04-27 09:58:15,PDV 02,1,2.0,5.49,10.98,Cartão Débito,5102,0.18,1.98
11489,2026-04-27 12:04:40,PDV 06,1,2.0,5.49,10.98,Cartão Débito,5102,0.18,1.98
11490,2026-04-27 15:27:51,PDV 01,1,2.0,5.49,10.98,Cartão Crédito,5102,0.18,1.98
11491,2026-04-27 18:59:21,PDV 03,1,2.0,5.49,10.98,Cartão Débito,5102,0.18,1.98
11492,2026-04-28 11:21:53,PDV 01,1,2.0,5.49,10.98,PIX,5102,0.18,1.98
11493,2026-04-28 16:50:15,PDV 01,1,3.0,5.49,16.47,PIX,5102,0.18,2.96
11494,2026-04-28 17:28:48,PDV 01,1,2.0,5.49,10.98,Cartão Crédito,5102,0.18,1.98
11495,2026-04-28 17:07:05,PDV 01,1,3.0,5.49,16.47,Dinheiro,5102,0.18,2.96
11496,2026-04-29 13:56:54,PDV 06,1,2.0,5.49,10.98,Cartão Débito,5102,0.18,1.98
11497,2026-04-29 10:03:58,PDV 04,1,2.0,5.49,10.98,Cartão Débito,5102,0.18,1.98
11498,2026-04-29 17:40:27,PDV 01,1,2.0,5.49,10.98,Cartão Débito,5102,0.18,1.98
11499,2026-04-29 08:35:03,PDV 03,1,3.0,5.49,16.47,PIX,5102,0.18,2.96
11500,2026-04-30 09:39:48,PDV 04,1,3.0,5.49,16.47,Cartão Débito,5102,0.18,2.96
11501,2026-04-30 17:50:42,PDV 05,1,3.0,5.49,16.47,Cartão Débito,5102,0.18,2.96
11502,2026-04-30 14:29:50,PDV 04,1,2.0,5.49,10.98,PIX,5102,0.18,1.98
11503,2026-04-30 17:06:21,PDV 06,1,3.0,5.49,16.47,Dinheiro,5102,0.18,2.96
11504,2026-05-01 15:33:21,PDV 05,1,19.0,5.49,104.31,Cartão Débito,5102,0.18,18.78
11505,2026-05-02 08:38:45,PDV 01,1,19.0,5.49,104.31,Cartão Crédito,5102,0.18,18.78
11506,2026-05-03 17:08:40,PDV 05,1,7.0,5.49,38.43,Cartão Débito,5102,0.18,6.92
11507,2026-05-03 14:30:46,PDV 05,1,7.0,5.49,38.43,Cartão Crédito,5102,0.18,6.92
11508,2026-05-04 10:51:02,PDV 01,1,6.0,5.49,32.94,Cartão Débito,5102,0.18,5.93
11509,2026-05-04 17:27:32,PDV 06,1,5.0,5.49,27.45,PIX,5102,0.18,4.94
11510,2026-05-05 17:56:34,PDV 02,1,3.0,5.49,16.47,Cartão Débito,5102,0.18,2.96
11511,2026-05-05 12:38:21,PDV 03,1,4.0,5.49,21.96,Cartão Débito,5102,0.18,3.95
11512,2026-05-05 08:33:37,PDV 06,1,3.0,5.49,16.47,Cartão Crédito,5102,0.18,2.96
11513,2026-05-06 11:32:52,PDV 05,1,11.0,5.49,60.39,PIX,5102,0.18,10.87
11514,2026-05-07 13:12:12,PDV 06,1,4.0,5.49,21.96,Dinheiro,5102,0.18,3.95
11515,2026-05-07 20:04:21,PDV 02,1,3.0,5.49,16.47,Cartão Crédito,5102,0.18,2.96
11516,2026-05-07 19:44:29,PDV 05,1,4.0,5.49,21.96,Cartão Crédito,5102,0.18,3.95
11517,2026-05-07 17:36:21,PDV 05,1,3.0,5.49,16.47,Cartão Débito,5102,0.18,2.96
11518,2026-05-08 10:06:29,PDV 01,1,7.0,5.49,38.43,Cartão Crédito,5102,0.18,6.92
11519,2026-05-08 08:40:14,PDV 06,1,7.0,5.49,38.43,Cartão Débito,5102,0.18,6.92
11520,2026-05-08 17:13:15,PDV 04,1,7.0,5.49,38.43,Cartão Crédito,5102,0.18,6.92
11521,2026-05-09 20:47:24,PDV 02,1,6.0,5.49,32.94,Cartão Crédito,5102,0.18,5.93
11522,2026-05-09 08:23:00,PDV 01,1,6.0,5.49,32.94,Cartão Débito,5102,0.18,5.93
11523,2026-05-09 16:07:09,PDV 03,1,7.0,5.49,38.43,Cartão Crédito,5102,0.18,6.92
11524,2026-05-10 08:01:12,PDV 02,1,5.0,5.49,27.45,Cartão Débito,5102,0.18,4.94
11525,2026-05-10 11:56:16,PDV 06,1,6.0,5.49,32.94,Cartão Débito,5102,0.18,5.93
11526,2026-05-10 16:15:11,PDV 02,1,5.0,5.49,27.45,Cartão Débito,5102,0.18,4.94
11527,2026-05-11 09:01:53,PDV 06,1,3.0,5.49,16.47,Cartão Débito,5102,0.18,2.96
11528,2026-05-11 18:50:56,PDV 01,1,4.0,5.49,21.96,Cartão Débito,5102,0.18,3.95
11529,2026-05-11 11:19:29,PDV 02,1,3.0,5.49,16.47,Cartão Débito,5102,0.18,2.96
11530,2026-05-12 18:10:33,PDV 05,1,3.0,5.49,16.47,PIX,5102,0.18,2.96
11531,2026-05-12 19:04:07,PDV 02,1,4.0,5.49,21.96,PIX,5102,0.18,3.95
11532,2026-05-12 10:50:12,PDV 02,1,3.0,5.49,16.47,Cartão Crédito,5102,0.18,2.96
11533,2026-05-13 13:38:27,PDV 06,1,3.0,5.49,16.47,Cartão Débito,5102,0.18,2.96
11534,2026-05-13 08:48:39,PDV 05,1,3.0,5.49,16.47,Cartão Débito,5102,0.18,2.96
11535,2026-05-13 16:18:50,PDV 02,1,3.0,5.49,16.47,Cartão Débito,5102,0.18,2.96
11536,2026-05-14 18:50:17,PDV 02,1,13.0,5.49,71.37,PIX,5102,0.18,12.85
11537,2026-05-15 11:46:05,PDV 04,1,4.0,5.49,21.96,PIX,5102,0.18,3.95
11538,2026-05-15 17:04:10,PDV 05,1,5.0,5.49,27.45,Cartão Débito,5102,0.18,4.94
11539,2026-05-15 18:48:32,PDV 03,1,4.0,5.49,21.96,Cartão Crédito,5102,0.18,3.95
11540,2026-05-15 15:11:20,PDV 06,1,5.0,5.49,27.45,Cartão Débito,5102,0.18,4.94
11541,2026-05-16 19:31:30,PDV 03,1,4.0,5.49,21.96,Cartão Crédito,5102,0.18,3.95
11542,2026-05-16 18:58:50,PDV 05,1,4.0,5.49,21.96,Cartão Crédito,5102,0.18,3.95
11543,2026-05-16 11:14:57,PDV 02,1,4.0,5.49,21.96,Cartão Crédito,5102,0.18,3.95
11544,2026-05-16 11:25:13,PDV 03,1,5.0,5.49,27.45,Cartão Crédito,5102,0.18,4.94
11545,2026-05-17 17:10:59,PDV 03,1,4.0,5.49,21.96,Cartão Débito,5102,0.18,3.95
11546,2026-05-17 09:08:48,PDV 01,1,3.0,5.49,16.47,Cartão Débito,5102,0.18,2.96
11547,2026-05-17 16:22:14,PDV 05,1,4.0,5.49,21.96,Cartão Débito,5102,0.18,3.95
11548,2026-05-17 16:39:21,PDV 04,1,3.0,5.49,16.47,Cartão Crédito,5102,0.18,2.96
11549,2026-05-18 14:23:51,PDV 04,1,2.0,5.49,10.98,Cartão Débito,5102,0.18,1.98
11550,2026-05-18 14:01:11,PDV 04,1,3.0,5.49,16.47,Cartão Débito,5102,0.18,2.96
11551,2026-05-18 18:04:22,PDV 01,1,2.0,5.49,10.98,Cartão Débito,5102,0.18,1.98
11552,2026-05-18 16:32:34,PDV 06,1,3.0,5.49,16.47,Cartão Débito,5102,0.18,2.96
11553,2026-05-19 11:06:07,PDV 01,1,3.0,5.49,16.47,Cartão Débito,5102,0.18,2.96
11554,2026-05-19 16:12:21,PDV 02,1,3.0,5.49,16.47,Cartão Crédito,5102,0.18,2.96
11555,2026-05-19 12:19:47,PDV 06,1,3.0,5.49,16.47,PIX,5102,0.18,2.96
11556,2026-05-20 19:38:08,PDV 06,1,4.0,5.49,21.96,Cartão Crédito,5102,0.18,3.95
11557,2026-05-20 12:00:49,PDV 03,1,4.0,5.49,21.96,Cartão Débito,5102,0.18,3.95
11558,2026-05-21 20:25:25,PDV 05,1,4.0,5.49,21.96,PIX,5102,0.18,3.95
11559,2026-05-21 08:30:41,PDV 05,1,4.0,5.49,21.96,Dinheiro,5102,0.18,3.95
11560,2026-05-21 10:55:25,PDV 02,1,5.0,5.49,27.45,Cartão Débito,5102,0.18,4.94
11561,2026-05-22 15:14:33,PDV 05,1,8.0,5.49,43.92,PIX,5102,0.18,7.91
11562,2026-05-22 20:29:46,PDV 04,1,8.0,5.49,43.92,Cartão Débito,5102,0.18,7.91
11563,2026-05-23 13:54:12,PDV 04,1,16.0,5.49,87.84,PIX,5102,0.18,15.81
11564,2026-05-24 11:28:28,PDV 05,1,4.0,5.49,21.96,Cartão Débito,5102,0.18,3.95
11565,2026-05-24 10:36:55,PDV 02,1,3.0,5.49,16.47,Cartão Débito,5102,0.18,2.96
11566,2026-05-24 19:00:31,PDV 06,1,4.0,5.49,21.96,PIX,5102,0.18,3.95
11567,2026-05-24 13:14:26,PDV 04,1,3.0,5.49,16.47,Cartão Crédito,5102,0.18,2.96
11568,2026-05-25 20:49:44,PDV 05,1,2.0,5.49,10.98,Cartão Débito,5102,0.18,1.98
11569,2026-05-25 17:01:36,PDV 01,1,2.0,5.49,10.98,Dinheiro,5102,0.18,1.98
11570,2026-05-25 10:21:36,PDV 06,1,2.0,5.49,10.98,PIX,5102,0.18,1.98
11571,2026-05-25 17:36:55,PDV 04,1,3.0,5.49,16.47,Dinheiro,5102,0.18,2.96
11572,2026-05-26 14:04:34,PDV 04,1,4.0,5.49,21.96,Cartão Débito,5102,0.18,3.95
11573,2026-05-26 09:21:36,PDV 04,1,5.0,5.49,27.45,Cartão Crédito,5102,0.18,4.94
11574,2026-05-27 09:10:06,PDV 06,1,3.0,5.49,16.47,Cartão Crédito,5102,0.18,2.96
11575,2026-05-27 08:52:44,PDV 05,1,4.0,5.49,21.96,Cartão Crédito,5102,0.18,3.95
11576,2026-05-27 10:12:04,PDV 04,1,3.0,5.49,16.47,Cartão Débito,5102,0.18,2.96
11577,2026-05-28 12:42:33,PDV 01,1,6.0,5.49,32.94,Cartão Crédito,5102,0.18,5.93
11578,2026-05-28 13:33:00,PDV 02,1,6.0,5.49,32.94,Cartão Débito,5102,0.18,5.93
11579,2026-05-29 14:10:07,PDV 02,1,4.0,5.49,21.96,Cartão Crédito,5102,0.18,3.95
11580,2026-05-29 15:47:04,PDV 04,1,3.0,5.49,16.47,Dinheiro,5102,0.18,2.96
11581,2026-05-29 11:08:55,PDV 02,1,4.0,5.49,21.96,Cartão Débito,5102,0.18,3.95
11582,2026-05-29 19:42:30,PDV 02,1,3.0,5.49,16.47,Cartão Crédito,5102,0.18,2.96
11583,2026-05-30 17:12:32,PDV 06,1,5.0,5.49,27.45,Cartão Crédito,5102,0.18,4.94
11584,2026-05-30 12:12:00,PDV 02,1,4.0,5.49,21.96,Cartão Crédito,5102,0.18,3.95
11585,2026-05-30 14:38:51,PDV 02,1,5.0,5.49,27.45,Cartão Crédito,5102,0.18,4.94
11586,2026-05-31 15:29:36,PDV 01,1,3.0,5.49,16.47,Cartão Crédito,5102,0.18,2.96
11587,2026-05-31 12:41:56,PDV 04,1,3.0,5.49,16.47,Cartão Débito,5102,0.18,2.96
11588,2026-05-31 19:50:19,PDV 04,1,4.0,5.49,21.96,Cartão Crédito,5102,0.18,3.95
11589,2026-05-31 20:54:11,PDV 04,1,3.0,5.49,16.47,Cartão Débito,5102,0.18,2.96
11590,2026-06-01 15:24:58,PDV 06,1,3.0,5.49,16.47,Cartão Débito,5102,0.18,2.96
11591,2026-06-01 17:06:25,PDV 06,1,3.0,5.49,16.47,Dinheiro,5102,0.18,2.96
11592,2026-06-01 11:56:55,PDV 02,1,4.0,5.49,21.96,Cartão Débito,5102,0.18,3.95
11593,2026-06-01 18:34:18,PDV 06,1,3.0,5.49,16.47,Dinheiro,5102,0.18,2.96
11594,2026-06-02 15:26:48,PDV 05,1,5.0,5.49,27.45,Cartão Débito,5102,0.18,4.94
11595,2026-06-02 13:04:48,PDV 01,1,5.0,5.49,27.45,Cartão Crédito,5102,0.18,4.94
11596,2026-06-03 14:28:10,PDV 03,1,4.0,5.49,21.96,Cartão Débito,5102,0.18,3.95
11597,2026-06-03 08:29:01,PDV 01,1,4.0,5.49,21.96,Cartão Crédito,5102,0.18,3.95
11598,2026-06-03 18:47:29,PDV 04,1,5.0,5.49,27.45,Cartão Débito,5102,0.18,4.94
11599,2026-06-04 11:25:02,PDV 01,1,4.0,5.49,21.96,Cartão Débito,5102,0.18,3.95
11600,2026-06-04 19:58:08,PDV 03,1,3.0,5.49,16.47,Cartão Crédito,5102,0.18,2.96
11601,2026-06-04 15:31:29,PDV 01,1,4.0,5.49,21.96,Cartão Débito,5102,0.18,3.95
11602,2026-06-04 18:15:45,PDV 04,1,3.0,5.49,16.47,Cartão Débito,5102,0.18,2.96
11603,2026-06-05 10:10:53,PDV 01,1,6.0,5.49,32.94,Cartão Crédito,5102,0.18,5.93
11604,2026-06-05 10:18:07,PDV 05,1,6.0,5.49,32.94,Cartão Crédito,5102,0.18,5.93
11605,2026-06-05 10:04:42,PDV 01,1,7.0,5.49,38.43,Cartão Crédito,5102,0.18,6.92
11606,2026-06-06 15:22:11,PDV 02,1,9.0,5.49,49.41,Cartão Crédito,5102,0.18,8.89
11607,2026-06-06 18:34:13,PDV 04,1,9.0,5.49,49.41,Cartão Crédito,5102,0.18,8.89
11608,2026-06-07 14:44:19,PDV 04,1,16.0,5.49,87.84,Cartão Débito,5102,0.18,15.81
11609,2026-06-08 08:49:24,PDV 02,1,10.0,5.49,54.9,Dinheiro,5102,0.18,9.88
11610,2026-06-09 11:12:05,PDV 01,1,4.0,5.49,21.96,Cartão Crédito,5102,0.18,3.95
11611,2026-06-09 08:21:52,PDV 02,1,4.0,5.49,21.96,Cartão Crédito,5102,0.18,3.95
11612,2026-06-09 09:14:56,PDV 01,1,3.0,5.49,16.47,PIX,5102,0.18,2.96
11613,2026-06-10 19:10:02,PDV 04,1,6.0,5.49,32.94,Cartão Crédito,5102,0.18,5.93
11614,2026-06-10 13:20:35,PDV 06,1,5.0,5.49,27.45,Cartão Débito,5102,0.18,4.94
11615,2026-06-11 16:25:27,PDV 01,1,6.0,5.49,32.94,Cartão Débito,5102,0.18,5.93
11616,2026-06-11 09:22:20,PDV 02,1,6.0,5.49,32.94,Cartão Débito,5102,0.18,5.93
11617,2026-06-12 08:24:13,PDV 04,1,5.0,5.49,27.45,Cartão Débito,5102,0.18,4.94
11618,2026-06-12 18:52:17,PDV 06,1,4.0,5.49,21.96,Cartão Crédito,5102,0.18,3.95
11619,2026-06-12 08:04:56,PDV 02,1,5.0,5.49,27.45,Cartão Crédito,5102,0.18,4.94
11620,2026-06-13 09:45:34,PDV 05,1,4.0,5.49,21.96,Cartão Débito,5102,0.18,3.95
11621,2026-06-13 09:38:20,PDV 06,1,3.0,5.49,16.47,Cartão Crédito,5102,0.18,2.96
11622,2026-06-13 18:59:49,PDV 06,1,4.0,5.49,21.96,Cartão Débito,5102,0.18,3.95
11623,2026-06-13 10:40:48,PDV 06,1,3.0,5.49,16.47,Cartão Débito,5102,0.18,2.96
11624,2026-06-14 09:21:01,PDV 05,1,4.0,5.49,21.96,Dinheiro,5102,0.18,3.95
11625,2026-06-14 15:24:32,PDV 06,1,3.0,5.49,16.47,Cartão Crédito,5102,0.18,2.96
11626,2026-06-14 16:37:45,PDV 01,1,4.0,5.49,21.96,Cartão Débito,5102,0.18,3.95
11627,2026-06-14 17:48:57,PDV 01,1,3.0,5.49,16.47,Cartão Débito,5102,0.18,2.96
11628,2026-06-15 20:15:39,PDV 01,1,2.0,5.49,10.98,Cartão Débito,5102,0.18,1.98
11629,2026-06-15 13:31:18,PDV 02,1,2.0,5.49,10.98,Cartão Débito,5102,0.18,1.98
11630,2026-06-15 11:41:02,PDV 02,1,2.0,5.49,10.98,Dinheiro,5102,0.18,1.98
11631,2026-06-15 17:28:47,PDV 03,1,3.0,5.49,16.47,Cartão Débito,5102,0.18,2.96
11632,2026-06-16 18:50:48,PDV 01,1,3.0,5.49,16.47,Cartão Crédito,5102,0.18,2.96
11633,2026-06-16 14:41:52,PDV 03,1,4.0,5.49,21.96,PIX,5102,0.18,3.95
11634,2026-06-16 11:54:46,PDV 03,1,3.0,5.49,16.47,Cartão Débito,5102,0.18,2.96
11635,2026-06-17 16:03:58,PDV 06,1,4.0,5.49,21.96,Dinheiro,5102,0.18,3.95
11636,2026-06-17 20:43:44,PDV 06,1,5.0,5.49,27.45,Cartão Débito,5102,0.18,4.94
11637,2026-06-18 16:20:11,PDV 04,1,3.0,5.49,16.47,Cartão Crédito,5102,0.18,2.96
11638,2026-06-18 09:55:31,PDV 01,1,3.0,5.49,16.47,Dinheiro,5102,0.18,2.96
11639,2026-06-18 08:40:09,PDV 02,1,3.0,5.49,16.47,Cartão Débito,5102,0.18,2.96
11640,2026-06-18 10:37:35,PDV 02,1,3.0,5.49,16.47,Cartão Débito,5102,0.18,2.96
11641,2026-06-19 14:46:29,PDV 03,1,14.0,5.49,76.86,Cartão Débito,5102,0.18,13.83
11642,2026-06-20 11:27:11,PDV 05,1,8.0,5.49,43.92,Cartão Débito,5102,0.18,7.91
11643,2026-06-20 12:36:28,PDV 06,1,9.0,5.49,49.41,Cartão Débito,5102,0.18,8.89
11644,2026-06-21 09:23:25,PDV 04,1,3.0,5.49,16.47,Cartão Débito,5102,0.18,2.96
11645,2026-06-21 15:27:32,PDV 05,1,3.0,5.49,16.47,Cartão Crédito,5102,0.18,2.96
11646,2026-06-21 20:09:52,PDV 04,1,2.0,5.49,10.98,Cartão Débito,5102,0.18,1.98
11647,2026-06-21 14:27:54,PDV 01,1,3.0,5.49,16.47,PIX,5102,0.18,2.96
11648,2026-06-22 17:34:09,PDV 05,1,3.0,5.49,16.47,Cartão Crédito,5102,0.18,2.96
11649,2026-06-22 12:24:29,PDV 03,1,3.0,5.49,16.47,Cartão Crédito,5102,0.18,2.96
11650,2026-06-22 14:35:38,PDV 04,1,3.0,5.49,16.47,Cartão Débito,5102,0.18,2.96
11651,2026-06-23 19:30:12,PDV 02,1,4.0,5.49,21.96,Dinheiro,5102,0.18,3.95
11652,2026-06-23 08:00:55,PDV 05,1,4.0,5.49,21.96,Cartão Crédito,5102,0.18,3.95
11653,2026-06-24 15:25:59,PDV 04,1,3.0,5.49,16.47,Dinheiro,5102,0.18,2.96
11654,2026-06-24 19:23:24,PDV 04,1,2.0,5.49,10.98,Cartão Débito,5102,0.18,1.98
11655,2026-06-24 17:04:26,PDV 01,1,3.0,5.49,16.47,Dinheiro,5102,0.18,2.96
11656,2026-06-25 14:59:36,PDV 02,1,12.0,5.49,65.88,Cartão Débito,5102,0.18,11.86
11657,2026-06-26 12:49:58,PDV 06,1,4.0,5.49,21.96,Cartão Débito,5102,0.18,3.95
11658,2026-06-26 19:31:40,PDV 06,1,4.0,5.49,21.96,Cartão Débito,5102,0.18,3.95
11659,2026-06-26 08:41:24,PDV 04,1,4.0,5.49,21.96,Cartão Crédito,5102,0.18,3.95
11660,2026-06-26 11:30:02,PDV 03,1,3.0,5.49,16.47,Cartão Crédito,5102,0.18,2.96
11661,2026-06-27 19:42:41,PDV 02,1,16.0,5.49,87.84,Cartão Débito,5102,0.18,15.81
11662,2026-06-28 18:09:16,PDV 02,1,3.0,5.49,16.47,Cartão Crédito,5102,0.18,2.96
11663,2026-06-28 18:53:10,PDV 01,1,3.0,5.49,16.47,Cartão Débito,5102,0.18,2.96
11664,2026-06-28 09:41:45,PDV 04,1,3.0,5.49,16.47,Cartão Débito,5102,0.18,2.96
11665,2026-06-28 17:57:05,PDV 05,1,3.0,5.49,16.47,Dinheiro,5102,0.18,2.96
11666,2026-06-29 10:53:27,PDV 03,1,2.0,5.49,10.98,Cartão Crédito,5102,0.18,1.98
11667,2026-06-29 16:34:42,PDV 04,1,2.0,5.49,10.98,Cartão Crédito,5102,0.18,1.98
11668,2026-06-29 19:26:48,PDV 06,1,2.0,5.49,10.98,PIX,5102,0.18,1.98
11669,2026-06-29 09:40:36,PDV 03,1,1.0,5.49,5.49,PIX,5102,0.18,0.99
11670,2026-04-01 11:38:31,PDV 04,2,2.0,3.89,7.78,Cartão Crédito,5102,0.18,1.4
11671,2026-04-02 13:27:59,PDV 04,2,3.0,3.89,11.67,Dinheiro,5102,0.18,2.1
11672,2026-04-03 19:24:18,PDV 05,2,4.0,3.89,15.56,Cartão Débito,5102,0.18,2.8
11673,2026-04-04 16:56:36,PDV 06,2,2.0,3.89,7.78,Cartão Crédito,5102,0.18,1.4
11674,2026-04-04 10:31:50,PDV 01,2,2.0,3.89,7.78,Cartão Débito,5102,0.18,1.4
11675,2026-04-05 16:55:29,PDV 02,2,1.0,3.89,3.89,PIX,5102,0.18,0.7
11676,2026-04-05 09:30:42,PDV 05,2,1.0,3.89,3.89,Cartão Débito,5102,0.18,0.7
11677,2026-04-05 11:10:48,PDV 06,2,1.0,3.89,3.89,Cartão Crédito,5102,0.18,0.7
11678,2026-04-06 09:27:45,PDV 01,2,2.0,3.89,7.78,Cartão Débito,5102,0.18,1.4
11679,2026-04-07 13:57:24,PDV 03,2,2.0,3.89,7.78,Cartão Débito,5102,0.18,1.4
11680,2026-04-08 12:42:30,PDV 06,2,2.0,3.89,7.78,Cartão Débito,5102,0.18,1.4
11681,2026-04-09 16:40:46,PDV 04,2,2.0,3.89,7.78,Cartão Débito,5102,0.18,1.4
11682,2026-04-09 19:21:55,PDV 02,2,2.0,3.89,7.78,Dinheiro,5102,0.18,1.4
11683,2026-04-10 18:21:24,PDV 06,2,4.0,3.89,15.56,Cartão Crédito,5102,0.18,2.8
11684,2026-04-11 14:41:41,PDV 05,2,1.0,3.89,3.89,Dinheiro,5102,0.18,0.7
11685,2026-04-11 14:51:14,PDV 02,2,1.0,3.89,3.89,Cartão Débito,5102,0.18,0.7
11686,2026-04-11 12:05:07,PDV 01,2,1.0,3.89,3.89,Cartão Débito,5102,0.18,0.7
11687,2026-04-12 17:59:12,PDV 06,2,2.0,3.89,7.78,Dinheiro,5102,0.18,1.4
11688,2026-04-13 17:23:08,PDV 03,2,2.0,3.89,7.78,Dinheiro,5102,0.18,1.4
11689,2026-04-14 17:47:00,PDV 03,2,2.0,3.89,7.78,Cartão Débito,5102,0.18,1.4
11690,2026-04-15 16:12:54,PDV 04,2,2.0,3.89,7.78,Dinheiro,5102,0.18,1.4
11691,2026-04-16 13:49:23,PDV 06,2,2.0,3.89,7.78,Dinheiro,5102,0.18,1.4
11692,2026-04-17 16:42:38,PDV 05,2,3.0,3.89,11.67,Cartão Débito,5102,0.18,2.1
11693,2026-04-18 08:34:54,PDV 04,2,2.0,3.89,7.78,Cartão Débito,5102,0.18,1.4
11694,2026-04-18 12:53:14,PDV 04,2,1.0,3.89,3.89,Cartão Crédito,5102,0.18,0.7
11695,2026-04-19 10:38:18,PDV 02,2,2.0,3.89,7.78,Cartão Crédito,5102,0.18,1.4
11696,2026-04-20 20:52:44,PDV 01,2,2.0,3.89,7.78,Cartão Crédito,5102,0.18,1.4
11697,2026-04-21 12:32:44,PDV 01,2,2.0,3.89,7.78,Cartão Débito,5102,0.18,1.4
11698,2026-04-22 19:36:30,PDV 06,2,2.0,3.89,7.78,PIX,5102,0.18,1.4
11699,2026-04-23 12:45:24,PDV 01,2,2.0,3.89,7.78,Dinheiro,5102,0.18,1.4
11700,2026-04-23 13:09:52,PDV 06,2,1.0,3.89,3.89,Cartão Débito,5102,0.18,0.7
11701,2026-04-24 19:47:03,PDV 02,2,2.0,3.89,7.78,PIX,5102,0.18,1.4
11702,2026-04-24 19:25:19,PDV 06,2,2.0,3.89,7.78,Dinheiro,5102,0.18,1.4
11703,2026-04-25 08:35:25,PDV 03,2,3.0,3.89,11.67,Cartão Crédito,5102,0.18,2.1
11704,2026-04-26 13:48:25,PDV 04,2,2.0,3.89,7.78,Cartão Débito,5102,0.18,1.4
11705,2026-04-26 19:18:18,PDV 06,2,1.0,3.89,3.89,Dinheiro,5102,0.18,0.7
11706,2026-04-27 19:54:35,PDV 04,2,2.0,3.89,7.78,Cartão Débito,5102,0.18,1.4
11707,2026-04-28 13:48:50,PDV 05,2,2.0,3.89,7.78,PIX,5102,0.18,1.4
11708,2026-04-29 08:54:59,PDV 06,2,2.0,3.89,7.78,Cartão Débito,5102,0.18,1.4
11709,2026-04-30 18:10:36,PDV 02,2,2.0,3.89,7.78,Cartão Crédito,5102,0.18,1.4
11710,2026-05-01 12:57:09,PDV 02,2,1.0,3.89,3.89,Cartão Débito,5102,0.18,0.7
11711,2026-05-01 19:12:47,PDV 06,2,1.0,3.89,3.89,Cartão Débito,5102,0.18,0.7
11712,2026-05-01 19:54:36,PDV 01,2,1.0,3.89,3.89,Cartão Crédito,5102,0.18,0.7
11713,2026-05-01 10:24:27,PDV 06,2,1.0,3.89,3.89,PIX,5102,0.18,0.7
11714,2026-05-02 09:22:30,PDV 02,2,4.0,3.89,15.56,Dinheiro,5102,0.18,2.8
11715,2026-05-03 16:41:21,PDV 05,2,3.0,3.89,11.67,Cartão Crédito,5102,0.18,2.1
11716,2026-05-04 10:40:46,PDV 04,2,2.0,3.89,7.78,Cartão Débito,5102,0.18,1.4
11717,2026-05-05 09:15:25,PDV 04,2,2.0,3.89,7.78,Cartão Débito,5102,0.18,1.4
11718,2026-05-06 17:11:41,PDV 06,2,2.0,3.89,7.78,Cartão Débito,5102,0.18,1.4
11719,2026-05-07 20:42:42,PDV 01,2,1.0,3.89,3.89,PIX,5102,0.18,0.7
11720,2026-05-07 18:24:17,PDV 06,2,1.0,3.89,3.89,Cartão Crédito,5102,0.18,0.7
11721,2026-05-07 13:00:07,PDV 01,2,1.0,3.89,3.89,Cartão Débito,5102,0.18,0.7
11722,2026-05-08 18:42:58,PDV 05,2,1.0,3.89,3.89,Cartão Débito,5102,0.18,0.7
11723,2026-05-08 17:36:36,PDV 04,2,1.0,3.89,3.89,Cartão Débito,5102,0.18,0.7
11724,2026-05-08 19:06:50,PDV 05,2,1.0,3.89,3.89,Cartão Débito,5102,0.18,0.7
11725,2026-05-08 15:41:44,PDV 04,2,1.0,3.89,3.89,Cartão Débito,5102,0.18,0.7
11726,2026-05-09 09:20:04,PDV 06,2,2.0,3.89,7.78,Dinheiro,5102,0.18,1.4
11727,2026-05-09 20:34:11,PDV 04,2,2.0,3.89,7.78,PIX,5102,0.18,1.4
11728,2026-05-10 14:35:52,PDV 05,2,3.0,3.89,11.67,PIX,5102,0.18,2.1
11729,2026-05-11 16:31:04,PDV 05,2,2.0,3.89,7.78,PIX,5102,0.18,1.4
11730,2026-05-12 16:45:52,PDV 06,2,2.0,3.89,7.78,Cartão Débito,5102,0.18,1.4
11731,2026-05-13 20:13:42,PDV 01,2,2.0,3.89,7.78,Cartão Débito,5102,0.18,1.4
11732,2026-05-14 19:11:00,PDV 05,2,1.0,3.89,3.89,Cartão Crédito,5102,0.18,0.7
11733,2026-05-14 13:07:02,PDV 02,2,1.0,3.89,3.89,Cartão Crédito,5102,0.18,0.7
11734,2026-05-14 18:10:05,PDV 05,2,1.0,3.89,3.89,Cartão Débito,5102,0.18,0.7
11735,2026-05-15 09:07:32,PDV 03,2,3.0,3.89,11.67,Cartão Débito,5102,0.18,2.1
11736,2026-05-16 10:27:42,PDV 01,2,1.0,3.89,3.89,Cartão Débito,5102,0.18,0.7
11737,2026-05-16 08:33:57,PDV 03,2,1.0,3.89,3.89,Cartão Crédito,5102,0.18,0.7
11738,2026-05-16 15:08:36,PDV 04,2,1.0,3.89,3.89,Cartão Crédito,5102,0.18,0.7
11739,2026-05-17 13:38:34,PDV 05,2,1.0,3.89,3.89,Cartão Débito,5102,0.18,0.7
11740,2026-05-17 09:42:52,PDV 01,2,1.0,3.89,3.89,Cartão Débito,5102,0.18,0.7
11741,2026-05-17 11:09:19,PDV 02,2,1.0,3.89,3.89,Dinheiro,5102,0.18,0.7
11742,2026-05-18 17:35:13,PDV 05,2,2.0,3.89,7.78,Cartão Débito,5102,0.18,1.4
11743,2026-05-19 10:46:39,PDV 04,2,2.0,3.89,7.78,Cartão Débito,5102,0.18,1.4
11744,2026-05-20 12:16:24,PDV 06,2,2.0,3.89,7.78,Dinheiro,5102,0.18,1.4
11745,2026-05-21 14:29:05,PDV 03,2,2.0,3.89,7.78,Cartão Crédito,5102,0.18,1.4
11746,2026-05-22 10:34:13,PDV 01,2,1.0,3.89,3.89,Cartão Crédito,5102,0.18,0.7
11747,2026-05-22 12:40:44,PDV 06,2,1.0,3.89,3.89,Cartão Débito,5102,0.18,0.7
11748,2026-05-22 13:36:42,PDV 06,2,1.0,3.89,3.89,PIX,5102,0.18,0.7
11749,2026-05-23 14:52:09,PDV 03,2,2.0,3.89,7.78,Dinheiro,5102,0.18,1.4
11750,2026-05-23 14:24:01,PDV 05,2,2.0,3.89,7.78,Cartão Débito,5102,0.18,1.4
11751,2026-05-24 09:34:07,PDV 06,2,2.0,3.89,7.78,Cartão Crédito,5102,0.18,1.4
11752,2026-05-24 09:21:40,PDV 01,2,1.0,3.89,3.89,Cartão Débito,5102,0.18,0.7
11753,2026-05-25 13:49:17,PDV 02,2,2.0,3.89,7.78,PIX,5102,0.18,1.4
11754,2026-05-26 11:17:00,PDV 01,2,2.0,3.89,7.78,Cartão Débito,5102,0.18,1.4
11755,2026-05-27 11:24:06,PDV 01,2,2.0,3.89,7.78,Cartão Débito,5102,0.18,1.4
11756,2026-05-28 19:56:19,PDV 05,2,2.0,3.89,7.78,PIX,5102,0.18,1.4
11757,2026-05-29 09:33:22,PDV 06,2,2.0,3.89,7.78,Cartão Crédito,5102,0.18,1.4
11758,2026-05-29 12:35:17,PDV 05,2,1.0,3.89,3.89,Cartão Débito,5102,0.18,0.7
11759,2026-05-30 10:20:48,PDV 04,2,3.0,3.89,11.67,Cartão Débito,5102,0.18,2.1
11760,2026-05-31 18:50:34,PDV 05,2,1.0,3.89,3.89,Cartão Crédito,5102,0.18,0.7
11761,2026-05-31 14:30:37,PDV 02,2,1.0,3.89,3.89,Cartão Débito,5102,0.18,0.7
11762,2026-05-31 18:32:45,PDV 02,2,1.0,3.89,3.89,Cartão Crédito,5102,0.18,0.7
11763,2026-06-01 10:24:36,PDV 06,2,2.0,3.89,7.78,Cartão Débito,5102,0.18,1.4
11764,2026-06-02 18:23:45,PDV 02,2,1.0,3.89,3.89,Cartão Crédito,5102,0.18,0.7
11765,2026-06-02 14:45:29,PDV 02,2,1.0,3.89,3.89,Cartão Crédito,5102,0.18,0.7
11766,2026-06-02 13:51:29,PDV 05,2,1.0,3.89,3.89,Cartão Débito,5102,0.18,0.7
11767,2026-06-03 16:45:56,PDV 02,2,2.0,3.89,7.78,Cartão Débito,5102,0.18,1.4
11768,2026-06-03 09:19:26,PDV 03,2,1.0,3.89,3.89,PIX,5102,0.18,0.7
11769,2026-06-04 09:46:15,PDV 01,2,4.0,3.89,15.56,Cartão Débito,5102,0.18,2.8
11770,2026-06-05 09:47:18,PDV 05,2,3.0,3.89,11.67,Dinheiro,5102,0.18,2.1
11771,2026-06-06 14:43:32,PDV 06,2,5.0,3.89,19.45,Cartão Débito,5102,0.18,3.5
11772,2026-06-07 16:43:43,PDV 05,2,2.0,3.89,7.78,Cartão Crédito,5102,0.18,1.4
11773,2026-06-07 14:00:39,PDV 02,2,1.0,3.89,3.89,Dinheiro,5102,0.18,0.7
11774,2026-06-08 08:45:27,PDV 06,2,1.0,3.89,3.89,Cartão Crédito,5102,0.18,0.7
11775,2026-06-08 13:15:47,PDV 06,2,1.0,3.89,3.89,Dinheiro,5102,0.18,0.7
11776,2026-06-08 16:43:38,PDV 01,2,1.0,3.89,3.89,Cartão Crédito,5102,0.18,0.7
11777,2026-06-09 18:59:56,PDV 05,2,3.0,3.89,11.67,Dinheiro,5102,0.18,2.1
11778,2026-06-10 10:04:23,PDV 02,2,2.0,3.89,7.78,Cartão Crédito,5102,0.18,1.4
11779,2026-06-11 08:27:31,PDV 04,2,2.0,3.89,7.78,Cartão Débito,5102,0.18,1.4
11780,2026-06-12 13:58:43,PDV 02,2,3.0,3.89,11.67,PIX,5102,0.18,2.1
11781,2026-06-13 12:19:30,PDV 03,2,4.0,3.89,15.56,Cartão Débito,5102,0.18,2.8
11782,2026-06-14 19:40:36,PDV 04,2,3.0,3.89,11.67,Cartão Débito,5102,0.18,2.1
11783,2026-06-15 12:59:59,PDV 06,2,2.0,3.89,7.78,Cartão Crédito,5102,0.18,1.4
11784,2026-06-16 08:59:29,PDV 05,2,2.0,3.89,7.78,PIX,5102,0.18,1.4
11785,2026-06-17 08:22:00,PDV 05,2,2.0,3.89,7.78,Cartão Crédito,5102,0.18,1.4
11786,2026-06-18 13:06:00,PDV 03,2,2.0,3.89,7.78,PIX,5102,0.18,1.4
11787,2026-06-18 10:25:22,PDV 01,2,1.0,3.89,3.89,Cartão Débito,5102,0.18,0.7
11788,2026-06-19 11:05:33,PDV 05,2,2.0,3.89,7.78,PIX,5102,0.18,1.4
11789,2026-06-19 14:07:58,PDV 04,2,1.0,3.89,3.89,Cartão Débito,5102,0.18,0.7
11790,2026-06-20 12:14:30,PDV 04,2,1.0,3.89,3.89,Cartão Débito,5102,0.18,0.7
11791,2026-06-20 13:27:57,PDV 02,2,1.0,3.89,3.89,Cartão Crédito,5102,0.18,0.7
11792,2026-06-20 12:06:28,PDV 06,2,1.0,3.89,3.89,PIX,5102,0.18,0.7
11793,2026-06-21 10:08:22,PDV 06,2,2.0,3.89,7.78,Cartão Crédito,5102,0.18,1.4
11794,2026-06-22 13:56:55,PDV 06,2,2.0,3.89,7.78,Cartão Débito,5102,0.18,1.4
11795,2026-06-23 11:18:02,PDV 02,2,2.0,3.89,7.78,Cartão Débito,5102,0.18,1.4
11796,2026-06-24 19:21:57,PDV 01,2,2.0,3.89,7.78,Cartão Débito,5102,0.18,1.4
11797,2026-06-25 15:42:17,PDV 01,2,3.0,3.89,11.67,Cartão Crédito,5102,0.18,2.1
11798,2026-06-26 20:43:45,PDV 02,2,1.0,3.89,3.89,Cartão Débito,5102,0.18,0.7
11799,2026-06-26 20:49:56,PDV 04,2,1.0,3.89,3.89,Cartão Crédito,5102,0.18,0.7
11800,2026-06-26 19:53:52,PDV 04,2,1.0,3.89,3.89,Cartão Débito,5102,0.18,0.7
11801,2026-06-26 09:50:01,PDV 02,2,1.0,3.89,3.89,Cartão Débito,5102,0.18,0.7
11802,2026-06-27 20:43:15,PDV 01,2,4.0,3.89,15.56,Cartão Crédito,5102,0.18,2.8
11803,2026-06-28 14:38:47,PDV 01,2,2.0,3.89,7.78,Cartão Crédito,5102,0.18,1.4
11804,2026-06-28 12:18:31,PDV 01,2,1.0,3.89,3.89,PIX,5102,0.18,0.7
11805,2026-06-29 11:39:09,PDV 06,2,2.0,3.89,7.78,Cartão Crédito,5102,0.18,1.4
11806,2026-04-01 09:58:27,PDV 01,3,1.0,9.9,9.9,Cartão Crédito,5102,0.18,1.78
11807,2026-04-01 16:59:32,PDV 01,3,1.0,9.9,9.9,Cartão Débito,5102,0.18,1.78
11808,2026-04-01 12:44:08,PDV 03,3,1.0,9.9,9.9,Cartão Débito,5102,0.18,1.78
11809,2026-04-02 20:44:12,PDV 06,3,5.0,9.9,49.5,PIX,5102,0.18,8.91
11810,2026-04-03 18:34:55,PDV 05,3,2.0,9.9,19.8,Dinheiro,5102,0.18,3.56
11811,2026-04-03 10:28:48,PDV 05,3,1.0,9.9,9.9,Cartão Débito,5102,0.18,1.78
11812,2026-04-03 20:24:25,PDV 05,3,2.0,9.9,19.8,Cartão Débito,5102,0.18,3.56
11813,2026-04-03 10:00:10,PDV 05,3,1.0,9.9,9.9,Cartão Débito,5102,0.18,1.78
11814,2026-04-04 20:32:29,PDV 05,3,6.0,9.9,59.4,Cartão Crédito,5102,0.18,10.69
11815,2026-04-05 12:54:14,PDV 03,3,1.0,9.9,9.9,Cartão Crédito,5102,0.18,1.78
11816,2026-04-05 16:07:10,PDV 02,3,2.0,9.9,19.8,Cartão Débito,5102,0.18,3.56
11817,2026-04-05 11:18:02,PDV 06,3,1.0,9.9,9.9,Cartão Débito,5102,0.18,1.78
11818,2026-04-06 10:17:55,PDV 01,3,1.0,9.9,9.9,Cartão Crédito,5102,0.18,1.78
11819,2026-04-06 11:52:13,PDV 05,3,2.0,9.9,19.8,Cartão Débito,5102,0.18,3.56
11820,2026-04-06 18:22:40,PDV 05,3,1.0,9.9,9.9,Dinheiro,5102,0.18,1.78
11821,2026-04-07 09:45:56,PDV 05,3,2.0,9.9,19.8,Cartão Débito,5102,0.18,3.56
11822,2026-04-07 10:26:57,PDV 05,3,1.0,9.9,9.9,Cartão Débito,5102,0.18,1.78
11823,2026-04-08 18:52:00,PDV 03,3,4.0,9.9,39.6,Cartão Débito,5102,0.18,7.13
11824,2026-04-09 10:16:01,PDV 05,3,2.0,9.9,19.8,Cartão Crédito,5102,0.18,3.56
11825,2026-04-09 20:49:37,PDV 01,3,2.0,9.9,19.8,Cartão Crédito,5102,0.18,3.56
11826,2026-04-09 19:24:41,PDV 03,3,1.0,9.9,9.9,PIX,5102,0.18,1.78
11827,2026-04-10 15:14:20,PDV 03,3,3.0,9.9,29.7,Cartão Débito,5102,0.18,5.35
11828,2026-04-10 18:51:54,PDV 04,3,3.0,9.9,29.7,Cartão Débito,5102,0.18,5.35
11829,2026-04-11 19:46:27,PDV 03,3,2.0,9.9,19.8,Cartão Débito,5102,0.18,3.56
11830,2026-04-11 15:05:31,PDV 02,3,3.0,9.9,29.7,Cartão Crédito,5102,0.18,5.35
11831,2026-04-12 11:36:31,PDV 06,3,3.0,9.9,29.7,Cartão Débito,5102,0.18,5.35
11832,2026-04-13 08:19:10,PDV 02,3,2.0,9.9,19.8,PIX,5102,0.18,3.56
11833,2026-04-13 18:38:12,PDV 01,3,1.0,9.9,9.9,Cartão Débito,5102,0.18,1.78
11834,2026-04-14 11:29:58,PDV 06,3,2.0,9.9,19.8,Dinheiro,5102,0.18,3.56
11835,2026-04-14 09:46:33,PDV 02,3,1.0,9.9,9.9,Cartão Crédito,5102,0.18,1.78
11836,2026-04-15 17:06:24,PDV 04,3,3.0,9.9,29.7,Cartão Débito,5102,0.18,5.35
11837,2026-04-16 20:53:41,PDV 01,3,3.0,9.9,29.7,Cartão Débito,5102,0.18,5.35
11838,2026-04-17 12:09:40,PDV 05,3,4.0,9.9,39.6,Cartão Débito,5102,0.18,7.13
11839,2026-04-18 20:06:34,PDV 06,3,4.0,9.9,39.6,PIX,5102,0.18,7.13
11840,2026-04-19 11:08:30,PDV 05,3,4.0,9.9,39.6,PIX,5102,0.18,7.13
11841,2026-04-20 12:21:30,PDV 02,3,3.0,9.9,29.7,Cartão Débito,5102,0.18,5.35
11842,2026-04-21 19:17:40,PDV 05,3,1.0,9.9,9.9,Cartão Débito,5102,0.18,1.78
11843,2026-04-21 08:06:34,PDV 03,3,1.0,9.9,9.9,Cartão Débito,5102,0.18,1.78
11844,2026-04-21 14:09:00,PDV 02,3,1.0,9.9,9.9,Cartão Débito,5102,0.18,1.78
11845,2026-04-22 14:09:22,PDV 06,3,2.0,9.9,19.8,Cartão Débito,5102,0.18,3.56
11846,2026-04-22 18:24:43,PDV 06,3,1.0,9.9,9.9,PIX,5102,0.18,1.78
11847,2026-04-23 15:10:07,PDV 02,3,3.0,9.9,29.7,Cartão Débito,5102,0.18,5.35
11848,2026-04-24 13:04:39,PDV 03,3,1.0,9.9,9.9,Cartão Débito,5102,0.18,1.78
11849,2026-04-24 09:57:02,PDV 05,3,2.0,9.9,19.8,Cartão Débito,5102,0.18,3.56
11850,2026-04-24 14:33:21,PDV 05,3,1.0,9.9,9.9,Cartão Débito,5102,0.18,1.78
11851,2026-04-25 10:57:42,PDV 06,3,1.0,9.9,9.9,Cartão Débito,5102,0.18,1.78
11852,2026-04-25 12:22:56,PDV 01,3,1.0,9.9,9.9,Cartão Débito,5102,0.18,1.78
11853,2026-04-25 15:42:23,PDV 03,3,1.0,9.9,9.9,PIX,5102,0.18,1.78
11854,2026-04-25 19:51:04,PDV 01,3,1.0,9.9,9.9,PIX,5102,0.18,1.78
11855,2026-04-26 20:41:09,PDV 03,3,3.0,9.9,29.7,Cartão Débito,5102,0.18,5.35
11856,2026-04-27 19:50:50,PDV 04,3,2.0,9.9,19.8,PIX,5102,0.18,3.56
11857,2026-04-27 09:36:27,PDV 06,3,1.0,9.9,9.9,Cartão Débito,5102,0.18,1.78
11858,2026-04-28 09:20:08,PDV 02,3,2.0,9.9,19.8,PIX,5102,0.18,3.56
11859,2026-04-29 13:31:27,PDV 04,3,2.0,9.9,19.8,Cartão Crédito,5102,0.18,3.56
11860,2026-04-29 14:38:50,PDV 06,3,1.0,9.9,9.9,Cartão Débito,5102,0.18,1.78
11861,2026-04-30 14:26:35,PDV 04,3,2.0,9.9,19.8,Cartão Crédito,5102,0.18,3.56
11862,2026-04-30 15:34:34,PDV 02,3,2.0,9.9,19.8,Cartão Débito,5102,0.18,3.56
11863,2026-05-01 16:36:49,PDV 06,3,2.0,9.9,19.8,PIX,5102,0.18,3.56
11864,2026-05-01 11:44:05,PDV 02,3,1.0,9.9,9.9,Cartão Débito,5102,0.18,1.78
11865,2026-05-01 11:54:01,PDV 03,3,2.0,9.9,19.8,Cartão Crédito,5102,0.18,3.56
11866,2026-05-01 10:58:07,PDV 01,3,1.0,9.9,9.9,Dinheiro,5102,0.18,1.78
11867,2026-05-02 20:52:08,PDV 03,3,2.0,9.9,19.8,Cartão Crédito,5102,0.18,3.56
11868,2026-05-02 16:59:58,PDV 04,3,2.0,9.9,19.8,Cartão Débito,5102,0.18,3.56
11869,2026-05-02 11:03:47,PDV 02,3,2.0,9.9,19.8,Cartão Débito,5102,0.18,3.56
11870,2026-05-03 14:46:01,PDV 06,3,2.0,9.9,19.8,Dinheiro,5102,0.18,3.56
11871,2026-05-03 13:03:44,PDV 01,3,2.0,9.9,19.8,Cartão Crédito,5102,0.18,3.56
11872,2026-05-04 15:53:38,PDV 02,3,3.0,9.9,29.7,Cartão Débito,5102,0.18,5.35
11873,2026-05-05 10:05:15,PDV 01,3,2.0,9.9,19.8,Cartão Débito,5102,0.18,3.56
11874,2026-05-05 14:09:48,PDV 02,3,1.0,9.9,9.9,Cartão Crédito,5102,0.18,1.78
11875,2026-05-06 19:33:44,PDV 03,3,3.0,9.9,29.7,Cartão Crédito,5102,0.18,5.35
11876,2026-05-07 15:50:41,PDV 06,3,1.0,9.9,9.9,Cartão Débito,5102,0.18,1.78
11877,2026-05-07 09:09:03,PDV 06,3,2.0,9.9,19.8,Cartão Débito,5102,0.18,3.56
11878,2026-05-07 20:11:32,PDV 02,3,1.0,9.9,9.9,Cartão Débito,5102,0.18,1.78
11879,2026-05-08 18:56:29,PDV 05,3,1.0,9.9,9.9,Cartão Crédito,5102,0.18,1.78
11880,2026-05-08 12:58:36,PDV 05,3,1.0,9.9,9.9,Cartão Débito,5102,0.18,1.78
11881,2026-05-08 11:27:59,PDV 02,3,2.0,9.9,19.8,Cartão Débito,5102,0.18,3.56
11882,2026-05-08 09:33:24,PDV 02,3,1.0,9.9,9.9,Cartão Crédito,5102,0.18,1.78
11883,2026-05-09 17:03:14,PDV 04,3,1.0,9.9,9.9,Cartão Débito,5102,0.18,1.78
11884,2026-05-09 19:35:38,PDV 01,3,1.0,9.9,9.9,PIX,5102,0.18,1.78
11885,2026-05-09 15:30:20,PDV 06,3,2.0,9.9,19.8,Cartão Crédito,5102,0.18,3.56
11886,2026-05-09 14:10:03,PDV 03,3,1.0,9.9,9.9,Cartão Crédito,5102,0.18,1.78
11887,2026-05-10 12:06:06,PDV 01,3,2.0,9.9,19.8,Cartão Débito,5102,0.18,3.56
11888,2026-05-10 20:54:21,PDV 01,3,2.0,9.9,19.8,Cartão Débito,5102,0.18,3.56
11889,2026-05-11 10:34:06,PDV 01,3,2.0,9.9,19.8,Cartão Débito,5102,0.18,3.56
11890,2026-05-12 20:58:19,PDV 02,3,3.0,9.9,29.7,Cartão Crédito,5102,0.18,5.35
11891,2026-05-13 18:59:02,PDV 02,3,2.0,9.9,19.8,Cartão Débito,5102,0.18,3.56
11892,2026-05-14 17:50:30,PDV 01,3,4.0,9.9,39.6,Cartão Débito,5102,0.18,7.13
11893,2026-05-15 12:00:22,PDV 03,3,5.0,9.9,49.5,Dinheiro,5102,0.18,8.91
11894,2026-05-16 13:48:25,PDV 06,3,2.0,9.9,19.8,Cartão Débito,5102,0.18,3.56
11895,2026-05-16 10:44:43,PDV 01,3,2.0,9.9,19.8,Cartão Débito,5102,0.18,3.56
11896,2026-05-17 16:06:32,PDV 02,3,1.0,9.9,9.9,Cartão Débito,5102,0.18,1.78
11897,2026-05-17 20:24:30,PDV 05,3,1.0,9.9,9.9,PIX,5102,0.18,1.78
11898,2026-05-17 08:18:10,PDV 02,3,1.0,9.9,9.9,Cartão Crédito,5102,0.18,1.78
11899,2026-05-18 18:05:45,PDV 02,3,3.0,9.9,29.7,PIX,5102,0.18,5.35
11900,2026-05-19 18:09:49,PDV 06,3,1.0,9.9,9.9,Cartão Débito,5102,0.18,1.78
11901,2026-05-19 16:33:46,PDV 05,3,1.0,9.9,9.9,Cartão Crédito,5102,0.18,1.78
11902,2026-05-19 20:21:28,PDV 02,3,1.0,9.9,9.9,Cartão Débito,5102,0.18,1.78
11903,2026-05-20 13:39:54,PDV 04,3,2.0,9.9,19.8,Cartão Débito,5102,0.18,3.56
11904,2026-05-21 20:43:24,PDV 02,3,1.0,9.9,9.9,Cartão Débito,5102,0.18,1.78
11905,2026-05-21 17:38:04,PDV 02,3,1.0,9.9,9.9,Cartão Crédito,5102,0.18,1.78
11906,2026-05-21 15:06:51,PDV 01,3,1.0,9.9,9.9,Cartão Débito,5102,0.18,1.78
11907,2026-05-22 16:55:51,PDV 01,3,1.0,9.9,9.9,Cartão Crédito,5102,0.18,1.78
11908,2026-05-22 15:20:10,PDV 03,3,2.0,9.9,19.8,Cartão Débito,5102,0.18,3.56
11909,2026-05-22 12:36:23,PDV 03,3,1.0,9.9,9.9,Cartão Débito,5102,0.18,1.78
11910,2026-05-23 19:49:29,PDV 03,3,2.0,9.9,19.8,Dinheiro,5102,0.18,3.56
11911,2026-05-23 12:48:56,PDV 04,3,3.0,9.9,29.7,Cartão Crédito,5102,0.18,5.35
11912,2026-05-24 09:36:31,PDV 01,3,2.0,9.9,19.8,Cartão Débito,5102,0.18,3.56
11913,2026-05-24 12:25:26,PDV 05,3,2.0,9.9,19.8,Dinheiro,5102,0.18,3.56
11914,2026-05-25 15:23:32,PDV 05,3,3.0,9.9,29.7,Dinheiro,5102,0.18,5.35
11915,2026-05-26 09:43:26,PDV 05,3,2.0,9.9,19.8,Cartão Crédito,5102,0.18,3.56
11916,2026-05-26 18:02:39,PDV 06,3,1.0,9.9,9.9,Cartão Débito,5102,0.18,1.78
11917,2026-05-27 19:52:35,PDV 01,3,3.0,9.9,29.7,Cartão Débito,5102,0.18,5.35
11918,2026-05-28 12:24:10,PDV 05,3,4.0,9.9,39.6,Cartão Débito,5102,0.18,7.13
11919,2026-05-29 11:24:55,PDV 04,3,5.0,9.9,49.5,Cartão Crédito,5102,0.18,8.91
11920,2026-05-30 15:29:41,PDV 05,3,1.0,9.9,9.9,Dinheiro,5102,0.18,1.78
11921,2026-05-30 15:06:05,PDV 02,3,2.0,9.9,19.8,Cartão Crédito,5102,0.18,3.56
11922,2026-05-30 14:49:27,PDV 02,3,1.0,9.9,9.9,Cartão Crédito,5102,0.18,1.78
11923,2026-05-31 13:21:38,PDV 04,3,4.0,9.9,39.6,Cartão Débito,5102,0.18,7.13
11924,2026-06-01 15:07:17,PDV 04,3,1.0,9.9,9.9,Cartão Débito,5102,0.18,1.78
11925,2026-06-01 10:30:09,PDV 06,3,1.0,9.9,9.9,Cartão Débito,5102,0.18,1.78
11926,2026-06-01 17:02:38,PDV 04,3,1.0,9.9,9.9,Cartão Débito,5102,0.18,1.78
11927,2026-06-02 20:27:30,PDV 02,3,2.0,9.9,19.8,Cartão Débito,5102,0.18,3.56
11928,2026-06-02 08:48:43,PDV 04,3,1.0,9.9,9.9,Cartão Débito,5102,0.18,1.78
11929,2026-06-03 09:09:04,PDV 03,3,2.0,9.9,19.8,Cartão Crédito,5102,0.18,3.56
11930,2026-06-03 12:55:45,PDV 04,3,2.0,9.9,19.8,PIX,5102,0.18,3.56
11931,2026-06-04 18:57:16,PDV 02,3,2.0,9.9,19.8,PIX,5102,0.18,3.56
11932,2026-06-04 09:57:57,PDV 04,3,2.0,9.9,19.8,Cartão Débito,5102,0.18,3.56
11933,2026-06-05 10:12:22,PDV 04,3,2.0,9.9,19.8,Cartão Crédito,5102,0.18,3.56
11934,2026-06-05 16:44:50,PDV 02,3,2.0,9.9,19.8,Dinheiro,5102,0.18,3.56
11935,2026-06-05 14:22:58,PDV 06,3,2.0,9.9,19.8,Cartão Crédito,5102,0.18,3.56
11936,2026-06-06 16:50:57,PDV 05,3,5.0,9.9,49.5,Cartão Débito,5102,0.18,8.91
11937,2026-06-07 13:42:52,PDV 06,3,2.0,9.9,19.8,Cartão Crédito,5102,0.18,3.56
11938,2026-06-07 19:46:20,PDV 01,3,3.0,9.9,29.7,Cartão Débito,5102,0.18,5.35
11939,2026-06-08 10:31:55,PDV 03,3,1.0,9.9,9.9,Cartão Débito,5102,0.18,1.78
11940,2026-06-08 18:26:16,PDV 05,3,1.0,9.9,9.9,Cartão Crédito,5102,0.18,1.78
11941,2026-06-08 15:53:54,PDV 02,3,1.0,9.9,9.9,Cartão Crédito,5102,0.18,1.78
11942,2026-06-08 18:37:06,PDV 01,3,1.0,9.9,9.9,Cartão Débito,5102,0.18,1.78
11943,2026-06-09 14:44:34,PDV 02,3,3.0,9.9,29.7,Cartão Crédito,5102,0.18,5.35
11944,2026-06-10 13:13:12,PDV 06,3,3.0,9.9,29.7,Cartão Crédito,5102,0.18,5.35
11945,2026-06-11 13:52:23,PDV 01,3,4.0,9.9,39.6,Cartão Débito,5102,0.18,7.13
11946,2026-06-12 16:52:55,PDV 01,3,2.0,9.9,19.8,Cartão Crédito,5102,0.18,3.56
11947,2026-06-12 18:29:26,PDV 04,3,2.0,9.9,19.8,Cartão Débito,5102,0.18,3.56
11948,2026-06-12 16:27:33,PDV 03,3,1.0,9.9,9.9,Cartão Débito,5102,0.18,1.78
11949,2026-06-13 15:27:23,PDV 02,3,2.0,9.9,19.8,Cartão Crédito,5102,0.18,3.56
11950,2026-06-13 10:34:27,PDV 04,3,2.0,9.9,19.8,Cartão Débito,5102,0.18,3.56
11951,2026-06-14 18:18:44,PDV 05,3,1.0,9.9,9.9,Dinheiro,5102,0.18,1.78
11952,2026-06-14 09:05:51,PDV 01,3,1.0,9.9,9.9,Cartão Débito,5102,0.18,1.78
11953,2026-06-14 08:39:59,PDV 04,3,1.0,9.9,9.9,Cartão Débito,5102,0.18,1.78
11954,2026-06-14 19:48:39,PDV 05,3,1.0,9.9,9.9,Cartão Débito,5102,0.18,1.78
11955,2026-06-15 16:37:51,PDV 01,3,2.0,9.9,19.8,Cartão Crédito,5102,0.18,3.56
11956,2026-06-15 14:13:14,PDV 04,3,1.0,9.9,9.9,Cartão Crédito,5102,0.18,1.78
11957,2026-06-16 11:54:30,PDV 01,3,3.0,9.9,29.7,Cartão Débito,5102,0.18,5.35
11958,2026-06-17 14:58:52,PDV 06,3,2.0,9.9,19.8,Cartão Crédito,5102,0.18,3.56
11959,2026-06-17 19:25:00,PDV 03,3,1.0,9.9,9.9,PIX,5102,0.18,1.78
11960,2026-06-18 12:17:56,PDV 06,3,1.0,9.9,9.9,Cartão Débito,5102,0.18,1.78
11961,2026-06-18 20:58:26,PDV 06,3,1.0,9.9,9.9,Cartão Débito,5102,0.18,1.78
11962,2026-06-18 14:02:00,PDV 01,3,1.0,9.9,9.9,Cartão Débito,5102,0.18,1.78
11963,2026-06-19 16:52:47,PDV 05,3,2.0,9.9,19.8,Cartão Débito,5102,0.18,3.56
11964,2026-06-19 10:36:27,PDV 02,3,2.0,9.9,19.8,Cartão Crédito,5102,0.18,3.56
11965,2026-06-19 14:12:39,PDV 06,3,1.0,9.9,9.9,Cartão Débito,5102,0.18,1.78
11966,2026-06-20 20:59:36,PDV 04,3,4.0,9.9,39.6,Cartão Débito,5102,0.18,7.13
11967,2026-06-21 14:46:11,PDV 04,3,1.0,9.9,9.9,Dinheiro,5102,0.18,1.78
11968,2026-06-21 16:10:27,PDV 02,3,1.0,9.9,9.9,Cartão Débito,5102,0.18,1.78
11969,2026-06-21 20:08:32,PDV 01,3,1.0,9.9,9.9,Cartão Crédito,5102,0.18,1.78
11970,2026-06-22 20:40:58,PDV 03,3,2.0,9.9,19.8,PIX,5102,0.18,3.56
11971,2026-06-22 10:20:13,PDV 01,3,1.0,9.9,9.9,Cartão Débito,5102,0.18,1.78
11972,2026-06-23 14:00:40,PDV 05,3,2.0,9.9,19.8,Cartão Débito,5102,0.18,3.56
11973,2026-06-24 19:34:58,PDV 01,3,1.0,9.9,9.9,Cartão Crédito,5102,0.18,1.78
11974,2026-06-24 08:47:46,PDV 02,3,1.0,9.9,9.9,Dinheiro,5102,0.18,1.78
11975,2026-06-24 18:40:49,PDV 03,3,1.0,9.9,9.9,Cartão Débito,5102,0.18,1.78
11976,2026-06-25 12:12:34,PDV 02,3,2.0,9.9,19.8,Cartão Crédito,5102,0.18,3.56
11977,2026-06-25 20:50:24,PDV 03,3,2.0,9.9,19.8,Cartão Crédito,5102,0.18,3.56
11978,2026-06-26 09:59:09,PDV 06,3,2.0,9.9,19.8,Cartão Débito,5102,0.18,3.56
11979,2026-06-26 17:55:06,PDV 01,3,2.0,9.9,19.8,Cartão Crédito,5102,0.18,3.56
11980,2026-06-26 17:07:06,PDV 02,3,1.0,9.9,9.9,Cartão Débito,5102,0.18,1.78
11981,2026-06-27 09:04:31,PDV 03,3,2.0,9.9,19.8,Dinheiro,5102,0.18,3.56
11982,2026-06-27 11:25:06,PDV 04,3,3.0,9.9,29.7,PIX,5102,0.18,5.35
11983,2026-06-28 09:31:40,PDV 01,3,1.0,9.9,9.9,Cartão Débito,5102,0.18,1.78
11984,2026-06-28 14:24:56,PDV 03,3,1.0,9.9,9.9,Cartão Crédito,5102,0.18,1.78
11985,2026-06-28 15:51:10,PDV 02,3,1.0,9.9,9.9,Cartão Débito,5102,0.18,1.78
11986,2026-06-28 10:42:36,PDV 06,3,1.0,9.9,9.9,Cartão Crédito,5102,0.18,1.78
11987,2026-04-01 18:48:27,PDV 03,4,2.0,7.5,15.0,PIX,5102,0.18,2.7
11988,2026-04-01 11:12:03,PDV 04,4,1.0,7.5,7.5,Cartão Crédito,5102,0.18,1.35
11989,2026-04-02 14:07:07,PDV 04,4,2.0,7.5,15.0,Cartão Débito,5102,0.18,2.7
11990,2026-04-02 13:37:24,PDV 02,4,2.0,7.5,15.0,Cartão Crédito,5102,0.18,2.7
11991,2026-04-02 12:01:41,PDV 05,4,1.0,7.5,7.5,Dinheiro,5102,0.18,1.35
11992,2026-04-03 12:08:53,PDV 04,4,2.0,7.5,15.0,Cartão Débito,5102,0.18,2.7
11993,2026-04-03 16:58:33,PDV 01,4,1.0,7.5,7.5,Cartão Débito,5102,0.18,1.35
11994,2026-04-03 08:04:30,PDV 01,4,2.0,7.5,15.0,PIX,5102,0.18,2.7
11995,2026-04-03 14:46:19,PDV 03,4,1.0,7.5,7.5,Cartão Débito,5102,0.18,1.35
11996,2026-04-04 14:05:35,PDV 03,4,2.0,7.5,15.0,Cartão Crédito,5102,0.18,2.7
11997,2026-04-04 08:25:19,PDV 06,4,2.0,7.5,15.0,Dinheiro,5102,0.18,2.7
11998,2026-04-04 15:54:41,PDV 01,4,1.0,7.5,7.5,PIX,5102,0.18,1.35
11999,2026-04-05 08:14:03,PDV 01,4,4.0,7.5,30.0,Cartão Débito,5102,0.18,5.4
12000,2026-04-06 19:46:27,PDV 02,4,2.0,7.5,15.0,Cartão Débito,5102,0.18,2.7
12001,2026-04-06 11:46:57,PDV 03,4,1.0,7.5,7.5,PIX,5102,0.18,1.35
12002,2026-04-07 08:59:44,PDV 01,4,1.0,7.5,7.5,Cartão Débito,5102,0.18,1.35
12003,2026-04-07 20:02:07,PDV 01,4,1.0,7.5,7.5,Dinheiro,5102,0.18,1.35
12004,2026-04-07 09:16:21,PDV 06,4,1.0,7.5,7.5,Cartão Crédito,5102,0.18,1.35
12005,2026-04-08 12:44:10,PDV 02,4,2.0,7.5,15.0,Cartão Crédito,5102,0.18,2.7
12006,2026-04-08 09:08:20,PDV 02,4,1.0,7.5,7.5,PIX,5102,0.18,1.35
12007,2026-04-09 18:28:42,PDV 01,4,1.0,7.5,7.5,Cartão Crédito,5102,0.18,1.35
12008,2026-04-09 11:36:30,PDV 06,4,1.0,7.5,7.5,Cartão Crédito,5102,0.18,1.35
12009,2026-04-09 12:20:49,PDV 06,4,2.0,7.5,15.0,Cartão Crédito,5102,0.18,2.7
12010,2026-04-09 09:16:49,PDV 03,4,1.0,7.5,7.5,Cartão Crédito,5102,0.18,1.35
12011,2026-04-10 16:53:55,PDV 02,4,2.0,7.5,15.0,Cartão Crédito,5102,0.18,2.7
12012,2026-04-10 19:54:13,PDV 06,4,2.0,7.5,15.0,Cartão Débito,5102,0.18,2.7
12013,2026-04-10 15:03:13,PDV 01,4,1.0,7.5,7.5,Cartão Crédito,5102,0.18,1.35
12014,2026-04-11 14:12:31,PDV 01,4,1.0,7.5,7.5,Cartão Débito,5102,0.18,1.35
12015,2026-04-11 17:48:33,PDV 05,4,1.0,7.5,7.5,PIX,5102,0.18,1.35
12016,2026-04-11 20:19:45,PDV 04,4,1.0,7.5,7.5,Cartão Crédito,5102,0.18,1.35
12017,2026-04-11 16:06:58,PDV 02,4,1.0,7.5,7.5,Cartão Débito,5102,0.18,1.35
12018,2026-04-12 14:28:55,PDV 05,4,2.0,7.5,15.0,Cartão Crédito,5102,0.18,2.7
12019,2026-04-12 20:25:12,PDV 01,4,1.0,7.5,7.5,Cartão Débito,5102,0.18,1.35
12020,2026-04-13 18:19:55,PDV 05,4,3.0,7.5,22.5,Cartão Crédito,5102,0.18,4.05
12021,2026-04-14 10:29:56,PDV 01,4,2.0,7.5,15.0,Cartão Crédito,5102,0.18,2.7
12022,2026-04-15 08:57:29,PDV 02,4,3.0,7.5,22.5,Cartão Débito,5102,0.18,4.05
12023,2026-04-16 18:33:28,PDV 03,4,2.0,7.5,15.0,Cartão Débito,5102,0.18,2.7
12024,2026-04-16 16:05:22,PDV 04,4,1.0,7.5,7.5,Cartão Débito,5102,0.18,1.35
12025,2026-04-17 16:27:32,PDV 03,4,1.0,7.5,7.5,Cartão Débito,5102,0.18,1.35
12026,2026-04-17 12:23:06,PDV 01,4,1.0,7.5,7.5,Cartão Crédito,5102,0.18,1.35
12027,2026-04-17 19:59:27,PDV 02,4,1.0,7.5,7.5,Cartão Débito,5102,0.18,1.35
12028,2026-04-17 14:11:38,PDV 03,4,1.0,7.5,7.5,Cartão Crédito,5102,0.18,1.35
12029,2026-04-18 16:27:06,PDV 06,4,1.0,7.5,7.5,Cartão Débito,5102,0.18,1.35
12030,2026-04-18 11:07:14,PDV 01,4,1.0,7.5,7.5,Cartão Débito,5102,0.18,1.35
12031,2026-04-18 08:36:17,PDV 02,4,1.0,7.5,7.5,Cartão Débito,5102,0.18,1.35
12032,2026-04-18 09:17:14,PDV 05,4,1.0,7.5,7.5,Cartão Crédito,5102,0.18,1.35
12033,2026-04-19 14:25:06,PDV 02,4,2.0,7.5,15.0,Cartão Crédito,5102,0.18,2.7
12034,2026-04-19 19:17:31,PDV 02,4,1.0,7.5,7.5,Cartão Débito,5102,0.18,1.35
12035,2026-04-20 13:40:18,PDV 06,4,3.0,7.5,22.5,Cartão Crédito,5102,0.18,4.05
12036,2026-04-21 08:06:11,PDV 05,4,1.0,7.5,7.5,Dinheiro,5102,0.18,1.35
12037,2026-04-21 17:30:47,PDV 03,4,1.0,7.5,7.5,PIX,5102,0.18,1.35
12038,2026-04-21 19:15:10,PDV 03,4,1.0,7.5,7.5,Cartão Crédito,5102,0.18,1.35
12039,2026-04-22 10:11:21,PDV 04,4,2.0,7.5,15.0,Cartão Débito,5102,0.18,2.7
12040,2026-04-23 18:30:27,PDV 03,4,3.0,7.5,22.5,Cartão Débito,5102,0.18,4.05
12041,2026-04-24 09:10:43,PDV 01,4,2.0,7.5,15.0,Cartão Crédito,5102,0.18,2.7
12042,2026-04-24 15:37:00,PDV 04,4,2.0,7.5,15.0,PIX,5102,0.18,2.7
12043,2026-04-24 15:07:02,PDV 01,4,1.0,7.5,7.5,Cartão Crédito,5102,0.18,1.35
12044,2026-04-25 11:33:32,PDV 02,4,1.0,7.5,7.5,PIX,5102,0.18,1.35
12045,2026-04-25 20:06:06,PDV 03,4,2.0,7.5,15.0,PIX,5102,0.18,2.7
12046,2026-04-25 13:28:31,PDV 06,4,1.0,7.5,7.5,Cartão Débito,5102,0.18,1.35
12047,2026-04-26 12:42:31,PDV 03,4,1.0,7.5,7.5,Cartão Débito,5102,0.18,1.35
12048,2026-04-26 08:52:22,PDV 03,4,1.0,7.5,7.5,Cartão Crédito,5102,0.18,1.35
12049,2026-04-26 16:49:42,PDV 05,4,1.0,7.5,7.5,Cartão Crédito,5102,0.18,1.35
12050,2026-04-27 12:43:33,PDV 06,4,2.0,7.5,15.0,Cartão Crédito,5102,0.18,2.7
12051,2026-04-28 14:54:14,PDV 06,4,3.0,7.5,22.5,Dinheiro,5102,0.18,4.05
12052,2026-04-29 13:31:01,PDV 02,4,2.0,7.5,15.0,Cartão Crédito,5102,0.18,2.7
12053,2026-04-30 14:23:13,PDV 06,4,1.0,7.5,7.5,Cartão Débito,5102,0.18,1.35
12054,2026-04-30 14:40:06,PDV 03,4,1.0,7.5,7.5,PIX,5102,0.18,1.35
12055,2026-04-30 18:34:57,PDV 04,4,1.0,7.5,7.5,Dinheiro,5102,0.18,1.35
12056,2026-05-01 12:58:43,PDV 03,4,2.0,7.5,15.0,PIX,5102,0.18,2.7
12057,2026-05-01 14:37:26,PDV 03,4,3.0,7.5,22.5,Cartão Débito,5102,0.18,4.05
12058,2026-05-02 17:33:44,PDV 03,4,5.0,7.5,37.5,PIX,5102,0.18,6.75
12059,2026-05-03 14:50:29,PDV 05,4,4.0,7.5,30.0,Dinheiro,5102,0.18,5.4
12060,2026-05-04 12:07:00,PDV 04,4,2.0,7.5,15.0,Dinheiro,5102,0.18,2.7
12061,2026-05-04 10:29:43,PDV 02,4,1.0,7.5,7.5,Cartão Crédito,5102,0.18,1.35
12062,2026-05-05 17:35:42,PDV 02,4,2.0,7.5,15.0,Cartão Débito,5102,0.18,2.7
12063,2026-05-05 12:04:51,PDV 03,4,1.0,7.5,7.5,Cartão Débito,5102,0.18,1.35
12064,2026-05-06 11:18:52,PDV 05,4,3.0,7.5,22.5,Cartão Débito,5102,0.18,4.05
12065,2026-05-07 12:00:27,PDV 03,4,1.0,7.5,7.5,Cartão Crédito,5102,0.18,1.35
12066,2026-05-07 08:03:16,PDV 02,4,1.0,7.5,7.5,Cartão Débito,5102,0.18,1.35
12067,2026-05-07 12:50:54,PDV 05,4,1.0,7.5,7.5,Cartão Crédito,5102,0.18,1.35
12068,2026-05-07 20:35:09,PDV 01,4,1.0,7.5,7.5,Cartão Crédito,5102,0.18,1.35
12069,2026-05-08 19:12:27,PDV 05,4,2.0,7.5,15.0,Dinheiro,5102,0.18,2.7
12070,2026-05-08 12:14:02,PDV 04,4,3.0,7.5,22.5,Dinheiro,5102,0.18,4.05
12071,2026-05-09 20:43:40,PDV 04,4,3.0,7.5,22.5,Cartão Crédito,5102,0.18,4.05
12072,2026-05-09 09:57:16,PDV 03,4,3.0,7.5,22.5,Cartão Crédito,5102,0.18,4.05
12073,2026-05-10 17:27:43,PDV 03,4,2.0,7.5,15.0,PIX,5102,0.18,2.7
12074,2026-05-10 10:43:49,PDV 02,4,2.0,7.5,15.0,Cartão Débito,5102,0.18,2.7
12075,2026-05-11 16:12:19,PDV 03,4,2.0,7.5,15.0,Cartão Débito,5102,0.18,2.7
12076,2026-05-11 17:59:40,PDV 04,4,1.0,7.5,7.5,Cartão Crédito,5102,0.18,1.35
12077,2026-05-12 20:56:53,PDV 04,4,2.0,7.5,15.0,Cartão Débito,5102,0.18,2.7
12078,2026-05-12 16:28:44,PDV 03,4,1.0,7.5,7.5,Cartão Crédito,5102,0.18,1.35
12079,2026-05-13 18:45:22,PDV 04,4,2.0,7.5,15.0,Cartão Débito,5102,0.18,2.7
12080,2026-05-14 14:26:29,PDV 01,4,1.0,7.5,7.5,Dinheiro,5102,0.18,1.35
12081,2026-05-14 08:49:26,PDV 01,4,1.0,7.5,7.5,PIX,5102,0.18,1.35
12082,2026-05-14 17:58:19,PDV 02,4,1.0,7.5,7.5,Cartão Crédito,5102,0.18,1.35
12083,2026-05-14 13:08:39,PDV 05,4,1.0,7.5,7.5,PIX,5102,0.18,1.35
12084,2026-05-15 08:48:54,PDV 04,4,1.0,7.5,7.5,Cartão Débito,5102,0.18,1.35
12085,2026-05-15 18:00:29,PDV 05,4,2.0,7.5,15.0,Cartão Crédito,5102,0.18,2.7
12086,2026-05-15 08:05:03,PDV 03,4,1.0,7.5,7.5,PIX,5102,0.18,1.35
12087,2026-05-16 13:38:06,PDV 03,4,5.0,7.5,37.5,Cartão Crédito,5102,0.18,6.75
12088,2026-05-17 08:07:47,PDV 05,4,1.0,7.5,7.5,Cartão Crédito,5102,0.18,1.35
12089,2026-05-17 19:45:03,PDV 06,4,2.0,7.5,15.0,Cartão Débito,5102,0.18,2.7
12090,2026-05-17 10:35:47,PDV 04,4,1.0,7.5,7.5,Cartão Débito,5102,0.18,1.35
12091,2026-05-18 18:54:09,PDV 03,4,1.0,7.5,7.5,Cartão Crédito,5102,0.18,1.35
12092,2026-05-18 19:59:00,PDV 04,4,1.0,7.5,7.5,Cartão Crédito,5102,0.18,1.35
12093,2026-05-18 11:07:04,PDV 01,4,1.0,7.5,7.5,Cartão Débito,5102,0.18,1.35
12094,2026-05-19 16:06:15,PDV 02,4,3.0,7.5,22.5,Cartão Débito,5102,0.18,4.05
12095,2026-05-20 08:53:32,PDV 04,4,2.0,7.5,15.0,Cartão Débito,5102,0.18,2.7
12096,2026-05-21 12:25:30,PDV 02,4,3.0,7.5,22.5,PIX,5102,0.18,4.05
12097,2026-05-22 17:43:28,PDV 06,4,1.0,7.5,7.5,Cartão Crédito,5102,0.18,1.35
12098,2026-05-22 14:09:40,PDV 01,4,2.0,7.5,15.0,Cartão Débito,5102,0.18,2.7
12099,2026-05-22 19:42:15,PDV 02,4,1.0,7.5,7.5,Cartão Crédito,5102,0.18,1.35
12100,2026-05-23 15:30:18,PDV 03,4,2.0,7.5,15.0,Cartão Crédito,5102,0.18,2.7
12101,2026-05-23 17:31:23,PDV 06,4,2.0,7.5,15.0,Cartão Débito,5102,0.18,2.7
12102,2026-05-24 19:51:06,PDV 04,4,2.0,7.5,15.0,Cartão Crédito,5102,0.18,2.7
12103,2026-05-24 14:09:01,PDV 03,4,1.0,7.5,7.5,Cartão Crédito,5102,0.18,1.35
12104,2026-05-25 17:24:00,PDV 05,4,2.0,7.5,15.0,Cartão Débito,5102,0.18,2.7
12105,2026-05-26 18:41:57,PDV 06,4,2.0,7.5,15.0,Cartão Crédito,5102,0.18,2.7
12106,2026-05-27 13:08:29,PDV 06,4,3.0,7.5,22.5,Cartão Crédito,5102,0.18,4.05
12107,2026-05-28 10:22:32,PDV 05,4,3.0,7.5,22.5,Cartão Débito,5102,0.18,4.05
12108,2026-05-29 16:04:11,PDV 06,4,1.0,7.5,7.5,Cartão Débito,5102,0.18,1.35
12109,2026-05-29 18:46:36,PDV 03,4,1.0,7.5,7.5,Cartão Crédito,5102,0.18,1.35
12110,2026-05-29 20:08:17,PDV 06,4,1.0,7.5,7.5,Cartão Débito,5102,0.18,1.35
12111,2026-05-29 14:04:58,PDV 06,4,1.0,7.5,7.5,Cartão Crédito,5102,0.18,1.35
12112,2026-05-30 17:42:11,PDV 05,4,1.0,7.5,7.5,Cartão Crédito,5102,0.18,1.35
12113,2026-05-30 16:49:42,PDV 05,4,1.0,7.5,7.5,Cartão Débito,5102,0.18,1.35
12114,2026-05-30 19:20:37,PDV 05,4,2.0,7.5,15.0,Cartão Débito,5102,0.18,2.7
12115,2026-05-30 17:53:25,PDV 01,4,1.0,7.5,7.5,Cartão Débito,5102,0.18,1.35
12116,2026-05-31 11:06:42,PDV 01,4,2.0,7.5,15.0,Cartão Crédito,5102,0.18,2.7
12117,2026-05-31 18:30:20,PDV 02,4,2.0,7.5,15.0,Dinheiro,5102,0.18,2.7
12118,2026-06-01 09:57:56,PDV 02,4,2.0,7.5,15.0,Cartão Crédito,5102,0.18,2.7
12119,2026-06-01 14:48:26,PDV 01,4,2.0,7.5,15.0,Cartão Débito,5102,0.18,2.7
12120,2026-06-02 09:02:54,PDV 06,4,2.0,7.5,15.0,Cartão Débito,5102,0.18,2.7
12121,2026-06-02 20:23:38,PDV 06,4,1.0,7.5,7.5,PIX,5102,0.18,1.35
12122,2026-06-03 13:06:44,PDV 04,4,3.0,7.5,22.5,Cartão Débito,5102,0.18,4.05
12123,2026-06-04 11:16:31,PDV 04,4,2.0,7.5,15.0,Cartão Crédito,5102,0.18,2.7
12124,2026-06-04 11:12:47,PDV 02,4,2.0,7.5,15.0,Cartão Crédito,5102,0.18,2.7
12125,2026-06-05 09:37:01,PDV 06,4,2.0,7.5,15.0,Dinheiro,5102,0.18,2.7
12126,2026-06-05 09:13:02,PDV 02,4,3.0,7.5,22.5,PIX,5102,0.18,4.05
12127,2026-06-06 20:26:36,PDV 05,4,2.0,7.5,15.0,PIX,5102,0.18,2.7
12128,2026-06-06 13:11:43,PDV 06,4,2.0,7.5,15.0,Dinheiro,5102,0.18,2.7
12129,2026-06-06 19:41:33,PDV 04,4,2.0,7.5,15.0,Cartão Débito,5102,0.18,2.7
12130,2026-06-07 17:52:30,PDV 05,4,2.0,7.5,15.0,Cartão Débito,5102,0.18,2.7
12131,2026-06-07 17:57:35,PDV 02,4,2.0,7.5,15.0,PIX,5102,0.18,2.7
12132,2026-06-08 14:40:24,PDV 01,4,2.0,7.5,15.0,Cartão Crédito,5102,0.18,2.7
12133,2026-06-08 10:50:33,PDV 03,4,1.0,7.5,7.5,Cartão Débito,5102,0.18,1.35
12134,2026-06-09 11:03:38,PDV 05,4,2.0,7.5,15.0,Cartão Débito,5102,0.18,2.7
12135,2026-06-09 11:52:18,PDV 03,4,1.0,7.5,7.5,Cartão Débito,5102,0.18,1.35
12136,2026-06-10 09:55:55,PDV 02,4,2.0,7.5,15.0,Dinheiro,5102,0.18,2.7
12137,2026-06-10 09:34:36,PDV 02,4,1.0,7.5,7.5,PIX,5102,0.18,1.35
12138,2026-06-11 14:39:03,PDV 05,4,1.0,7.5,7.5,Cartão Crédito,5102,0.18,1.35
12139,2026-06-11 09:37:30,PDV 03,4,2.0,7.5,15.0,Cartão Crédito,5102,0.18,2.7
12140,2026-06-11 08:21:26,PDV 03,4,1.0,7.5,7.5,Cartão Débito,5102,0.18,1.35
12141,2026-06-12 10:13:35,PDV 06,4,4.0,7.5,30.0,Cartão Débito,5102,0.18,5.4
12142,2026-06-13 11:31:04,PDV 05,4,4.0,7.5,30.0,Dinheiro,5102,0.18,5.4
12143,2026-06-14 20:51:02,PDV 03,4,1.0,7.5,7.5,Dinheiro,5102,0.18,1.35
12144,2026-06-14 14:38:47,PDV 05,4,1.0,7.5,7.5,Dinheiro,5102,0.18,1.35
12145,2026-06-14 16:30:08,PDV 03,4,1.0,7.5,7.5,Cartão Crédito,5102,0.18,1.35
12146,2026-06-15 09:02:31,PDV 05,4,2.0,7.5,15.0,Cartão Débito,5102,0.18,2.7
12147,2026-06-16 13:27:30,PDV 03,4,2.0,7.5,15.0,PIX,5102,0.18,2.7
12148,2026-06-17 08:59:03,PDV 01,4,3.0,7.5,22.5,PIX,5102,0.18,4.05
12149,2026-06-18 16:38:55,PDV 04,4,2.0,7.5,15.0,Cartão Crédito,5102,0.18,2.7
12150,2026-06-18 19:01:35,PDV 04,4,2.0,7.5,15.0,Cartão Débito,5102,0.18,2.7
12151,2026-06-19 19:08:27,PDV 06,4,1.0,7.5,7.5,Cartão Crédito,5102,0.18,1.35
12152,2026-06-19 10:07:28,PDV 01,4,1.0,7.5,7.5,PIX,5102,0.18,1.35
12153,2026-06-19 13:22:12,PDV 03,4,1.0,7.5,7.5,Cartão Crédito,5102,0.18,1.35
12154,2026-06-19 08:15:14,PDV 01,4,1.0,7.5,7.5,Cartão Crédito,5102,0.18,1.35
12155,2026-06-20 14:47:48,PDV 05,4,2.0,7.5,15.0,Cartão Crédito,5102,0.18,2.7
12156,2026-06-20 20:00:55,PDV 06,4,2.0,7.5,15.0,Cartão Débito,5102,0.18,2.7
12157,2026-06-21 09:03:08,PDV 04,4,3.0,7.5,22.5,Cartão Débito,5102,0.18,4.05
12158,2026-06-22 13:22:38,PDV 06,4,3.0,7.5,22.5,PIX,5102,0.18,4.05
12159,2026-06-23 12:08:38,PDV 04,4,2.0,7.5,15.0,Cartão Crédito,5102,0.18,2.7
12160,2026-06-24 09:42:04,PDV 01,4,2.0,7.5,15.0,Cartão Débito,5102,0.18,2.7
12161,2026-06-25 11:31:45,PDV 06,4,1.0,7.5,7.5,PIX,5102,0.18,1.35
12162,2026-06-25 11:28:45,PDV 03,4,1.0,7.5,7.5,Dinheiro,5102,0.18,1.35
12163,2026-06-25 20:35:18,PDV 06,4,1.0,7.5,7.5,Cartão Débito,5102,0.18,1.35
12164,2026-06-26 13:44:34,PDV 05,4,2.0,7.5,15.0,Cartão Débito,5102,0.18,2.7
12165,2026-06-26 13:57:26,PDV 06,4,2.0,7.5,15.0,Dinheiro,5102,0.18,2.7
12166,2026-06-26 15:17:05,PDV 02,4,1.0,7.5,7.5,Dinheiro,5102,0.18,1.35
12167,2026-06-27 12:47:35,PDV 02,4,2.0,7.5,15.0,Cartão Débito,5102,0.18,2.7
12168,2026-06-27 19:52:50,PDV 02,4,3.0,7.5,22.5,Cartão Débito,5102,0.18,4.05
12169,2026-06-28 19:28:41,PDV 04,4,3.0,7.5,22.5,Dinheiro,5102,0.18,4.05
12170,2026-06-29 15:53:02,PDV 03,4,3.0,7.5,22.5,Cartão Débito,5102,0.18,4.05
12171,2026-04-01 15:37:20,PDV 01,5,1.0,10.9,10.9,Cartão Crédito,5102,0.18,1.96
12172,2026-04-02 11:03:45,PDV 03,5,2.0,10.9,21.8,Dinheiro,5102,0.18,3.92
12173,2026-04-03 08:43:54,PDV 03,5,2.0,10.9,21.8,Cartão Crédito,5102,0.18,3.92
12174,2026-04-04 08:38:15,PDV 03,5,2.0,10.9,21.8,Cartão Débito,5102,0.18,3.92
12175,2026-04-05 16:28:07,PDV 05,5,2.0,10.9,21.8,Cartão Débito,5102,0.18,3.92
12176,2026-04-06 11:20:36,PDV 03,5,1.0,10.9,10.9,PIX,5102,0.18,1.96
12177,2026-04-07 18:26:04,PDV 06,5,1.0,10.9,10.9,Cartão Crédito,5102,0.18,1.96
12178,2026-04-08 12:09:01,PDV 03,5,1.0,10.9,10.9,Cartão Crédito,5102,0.18,1.96
12179,2026-04-09 13:21:26,PDV 06,5,1.0,10.9,10.9,Cartão Débito,5102,0.18,1.96
12180,2026-04-10 12:39:01,PDV 02,5,2.0,10.9,21.8,Cartão Débito,5102,0.18,3.92
12181,2026-04-11 12:59:09,PDV 05,5,2.0,10.9,21.8,Cartão Débito,5102,0.18,3.92
12182,2026-04-12 17:13:51,PDV 03,5,1.0,10.9,10.9,Cartão Crédito,5102,0.18,1.96
12183,2026-04-13 20:47:32,PDV 05,5,1.0,10.9,10.9,Cartão Crédito,5102,0.18,1.96
12184,2026-04-14 11:24:53,PDV 05,5,1.0,10.9,10.9,Cartão Débito,5102,0.18,1.96
12185,2026-04-15 19:09:24,PDV 06,5,1.0,10.9,10.9,Cartão Débito,5102,0.18,1.96
12186,2026-04-16 09:59:14,PDV 05,5,1.0,10.9,10.9,Cartão Crédito,5102,0.18,1.96
12187,2026-04-17 17:40:35,PDV 06,5,2.0,10.9,21.8,Cartão Crédito,5102,0.18,3.92
12188,2026-04-18 19:07:54,PDV 05,5,2.0,10.9,21.8,PIX,5102,0.18,3.92
12189,2026-04-19 17:30:42,PDV 05,5,2.0,10.9,21.8,Cartão Crédito,5102,0.18,3.92
12190,2026-04-20 13:17:12,PDV 05,5,1.0,10.9,10.9,Cartão Débito,5102,0.18,1.96
12191,2026-04-21 11:21:15,PDV 03,5,1.0,10.9,10.9,Cartão Débito,5102,0.18,1.96
12192,2026-04-22 13:47:07,PDV 06,5,1.0,10.9,10.9,Cartão Débito,5102,0.18,1.96
12193,2026-04-23 19:56:26,PDV 03,5,1.0,10.9,10.9,Cartão Débito,5102,0.18,1.96
12194,2026-04-24 16:32:04,PDV 03,5,2.0,10.9,21.8,Cartão Crédito,5102,0.18,3.92
12195,2026-04-25 17:14:28,PDV 04,5,2.0,10.9,21.8,Cartão Débito,5102,0.18,3.92
12196,2026-04-26 10:59:34,PDV 02,5,2.0,10.9,21.8,PIX,5102,0.18,3.92
12197,2026-04-27 14:43:37,PDV 06,5,1.0,10.9,10.9,Cartão Débito,5102,0.18,1.96
12198,2026-04-28 12:50:18,PDV 03,5,1.0,10.9,10.9,Cartão Débito,5102,0.18,1.96
12199,2026-04-29 09:26:26,PDV 05,5,1.0,10.9,10.9,Dinheiro,5102,0.18,1.96
12200,2026-04-30 17:31:40,PDV 02,5,1.0,10.9,10.9,PIX,5102,0.18,1.96
12201,2026-05-01 15:00:10,PDV 01,5,2.0,10.9,21.8,Cartão Crédito,5102,0.18,3.92
12202,2026-05-02 20:35:45,PDV 04,5,2.0,10.9,21.8,Cartão Crédito,5102,0.18,3.92
12203,2026-05-03 10:55:02,PDV 04,5,2.0,10.9,21.8,Cartão Débito,5102,0.18,3.92
12204,2026-05-04 10:04:08,PDV 05,5,1.0,10.9,10.9,PIX,5102,0.18,1.96
12205,2026-05-05 14:57:27,PDV 03,5,1.0,10.9,10.9,Cartão Débito,5102,0.18,1.96
12206,2026-05-06 19:35:15,PDV 06,5,1.0,10.9,10.9,Cartão Débito,5102,0.18,1.96
12207,2026-05-07 13:57:52,PDV 03,5,2.0,10.9,21.8,Cartão Crédito,5102,0.18,3.92
12208,2026-05-08 17:06:46,PDV 01,5,2.0,10.9,21.8,Cartão Débito,5102,0.18,3.92
12209,2026-05-09 13:28:58,PDV 04,5,2.0,10.9,21.8,Cartão Crédito,5102,0.18,3.92
12210,2026-05-10 19:53:27,PDV 03,5,2.0,10.9,21.8,PIX,5102,0.18,3.92
12211,2026-05-11 19:08:46,PDV 02,5,1.0,10.9,10.9,Cartão Crédito,5102,0.18,1.96
12212,2026-05-12 17:58:52,PDV 05,5,1.0,10.9,10.9,Cartão Débito,5102,0.18,1.96
12213,2026-05-13 08:37:37,PDV 03,5,1.0,10.9,10.9,Cartão Crédito,5102,0.18,1.96
12214,2026-05-14 15:24:20,PDV 04,5,1.0,10.9,10.9,Cartão Débito,5102,0.18,1.96
12215,2026-05-15 19:37:17,PDV 01,5,2.0,10.9,21.8,Cartão Débito,5102,0.18,3.92
12216,2026-05-16 15:21:03,PDV 05,5,2.0,10.9,21.8,Cartão Crédito,5102,0.18,3.92
12217,2026-05-17 16:37:32,PDV 04,5,1.0,10.9,10.9,Cartão Débito,5102,0.18,1.96
12218,2026-05-18 14:20:48,PDV 02,5,1.0,10.9,10.9,Dinheiro,5102,0.18,1.96
12219,2026-05-19 08:52:47,PDV 06,5,1.0,10.9,10.9,Cartão Débito,5102,0.18,1.96
12220,2026-05-20 16:17:36,PDV 05,5,1.0,10.9,10.9,Cartão Débito,5102,0.18,1.96
12221,2026-05-21 13:18:10,PDV 01,5,1.0,10.9,10.9,Cartão Débito,5102,0.18,1.96
12222,2026-05-22 15:28:14,PDV 02,5,2.0,10.9,21.8,Cartão Débito,5102,0.18,3.92
12223,2026-05-23 12:38:48,PDV 01,5,2.0,10.9,21.8,Dinheiro,5102,0.18,3.92
12224,2026-05-24 18:17:09,PDV 01,5,1.0,10.9,10.9,Cartão Débito,5102,0.18,1.96
12225,2026-05-25 16:48:10,PDV 01,5,1.0,10.9,10.9,Cartão Crédito,5102,0.18,1.96
12226,2026-05-26 08:57:34,PDV 05,5,1.0,10.9,10.9,PIX,5102,0.18,1.96
12227,2026-05-27 08:31:53,PDV 01,5,1.0,10.9,10.9,Cartão Débito,5102,0.18,1.96
12228,2026-05-28 12:36:27,PDV 06,5,2.0,10.9,21.8,Cartão Crédito,5102,0.18,3.92
12229,2026-05-29 10:53:29,PDV 03,5,2.0,10.9,21.8,Dinheiro,5102,0.18,3.92
12230,2026-05-30 19:45:58,PDV 01,5,2.0,10.9,21.8,Cartão Crédito,5102,0.18,3.92
12231,2026-05-31 14:31:16,PDV 01,5,1.0,10.9,10.9,PIX,5102,0.18,1.96
12232,2026-06-01 12:46:42,PDV 01,5,1.0,10.9,10.9,Dinheiro,5102,0.18,1.96
12233,2026-06-02 20:05:47,PDV 02,5,1.0,10.9,10.9,Cartão Crédito,5102,0.18,1.96
12234,2026-06-03 13:10:32,PDV 03,5,1.0,10.9,10.9,Cartão Débito,5102,0.18,1.96
12235,2026-06-04 18:47:32,PDV 06,5,2.0,10.9,21.8,PIX,5102,0.18,3.92
12236,2026-06-05 19:44:20,PDV 01,5,2.0,10.9,21.8,Cartão Crédito,5102,0.18,3.92
12237,2026-06-06 19:50:33,PDV 03,5,2.0,10.9,21.8,Cartão Débito,5102,0.18,3.92
12238,2026-06-07 16:42:53,PDV 06,5,2.0,10.9,21.8,Cartão Débito,5102,0.18,3.92
12239,2026-06-08 18:40:00,PDV 02,5,1.0,10.9,10.9,Cartão Débito,5102,0.18,1.96
12240,2026-06-09 14:55:14,PDV 06,5,1.0,10.9,10.9,Cartão Débito,5102,0.18,1.96
12241,2026-06-10 15:09:31,PDV 02,5,1.0,10.9,10.9,Cartão Crédito,5102,0.18,1.96
12242,2026-06-11 12:08:12,PDV 06,5,1.0,10.9,10.9,PIX,5102,0.18,1.96
12243,2026-06-12 16:54:46,PDV 06,5,2.0,10.9,21.8,Cartão Débito,5102,0.18,3.92
12244,2026-06-13 14:04:31,PDV 05,5,2.0,10.9,21.8,Cartão Crédito,5102,0.18,3.92
12245,2026-06-14 19:11:02,PDV 04,5,1.0,10.9,10.9,Cartão Crédito,5102,0.18,1.96
12246,2026-06-15 17:24:40,PDV 05,5,1.0,10.9,10.9,Cartão Débito,5102,0.18,1.96
12247,2026-06-16 13:30:33,PDV 06,5,1.0,10.9,10.9,Dinheiro,5102,0.18,1.96
12248,2026-06-17 12:53:14,PDV 03,5,1.0,10.9,10.9,Cartão Crédito,5102,0.18,1.96
12249,2026-06-18 15:50:40,PDV 04,5,1.0,10.9,10.9,Cartão Crédito,5102,0.18,1.96
12250,2026-06-19 16:30:18,PDV 01,5,2.0,10.9,21.8,Cartão Débito,5102,0.18,3.92
12251,2026-06-20 20:48:18,PDV 04,5,2.0,10.9,21.8,Dinheiro,5102,0.18,3.92
12252,2026-06-21 13:15:42,PDV 04,5,2.0,10.9,21.8,Cartão Débito,5102,0.18,3.92
12253,2026-06-22 15:20:42,PDV 01,5,1.0,10.9,10.9,Cartão Débito,5102,0.18,1.96
12254,2026-06-23 14:45:08,PDV 04,5,1.0,10.9,10.9,PIX,5102,0.18,1.96
12255,2026-06-24 15:38:26,PDV 06,5,1.0,10.9,10.9,Cartão Débito,5102,0.18,1.96
12256,2026-06-25 12:17:32,PDV 02,5,1.0,10.9,10.9,PIX,5102,0.18,1.96
12257,2026-06-26 20:26:03,PDV 05,5,2.0,10.9,21.8,PIX,5102,0.18,3.92
12258,2026-06-27 12:43:20,PDV 04,5,2.0,10.9,21.8,Cartão Débito,5102,0.18,3.92
12259,2026-06-28 15:27:25,PDV 03,5,1.0,10.9,10.9,Dinheiro,5102,0.18,1.96
12260,2026-06-29 15:46:14,PDV 03,5,2.0,10.9,21.8,Cartão Crédito,5102,0.18,3.92
12261,2026-06-29 08:19:28,PDV 04,5,1.0,10.9,10.9,Cartão Débito,5102,0.18,1.96
12262,2026-04-01 13:09:51,PDV 06,6,2.0,6.8,13.6,Dinheiro,5102,0.18,2.45
12263,2026-04-01 09:35:10,PDV 02,6,1.0,6.8,6.8,PIX,5102,0.18,1.22
12264,2026-04-02 17:15:05,PDV 02,6,2.0,6.8,13.6,Cartão Crédito,5102,0.18,2.45
12265,2026-04-02 15:33:46,PDV 05,6,1.0,6.8,6.8,PIX,5102,0.18,1.22
12266,2026-04-03 20:31:16,PDV 04,6,5.0,6.8,34.0,Cartão Débito,5102,0.18,6.12
12267,2026-04-04 10:02:20,PDV 06,6,1.0,6.8,6.8,Cartão Crédito,5102,0.18,1.22
12268,2026-04-04 14:55:00,PDV 03,6,2.0,6.8,13.6,Cartão Crédito,5102,0.18,2.45
12269,2026-04-04 20:35:50,PDV 04,6,1.0,6.8,6.8,Cartão Crédito,5102,0.18,1.22
12270,2026-04-05 18:15:20,PDV 04,6,1.0,6.8,6.8,Cartão Crédito,5102,0.18,1.22
12271,2026-04-05 16:35:54,PDV 06,6,2.0,6.8,13.6,Dinheiro,5102,0.18,2.45
12272,2026-04-05 09:58:06,PDV 04,6,1.0,6.8,6.8,Cartão Crédito,5102,0.18,1.22
12273,2026-04-06 10:48:00,PDV 02,6,2.0,6.8,13.6,Cartão Crédito,5102,0.18,2.45
12274,2026-04-06 09:10:12,PDV 04,6,1.0,6.8,6.8,PIX,5102,0.18,1.22
12275,2026-04-07 09:02:56,PDV 04,6,2.0,6.8,13.6,Cartão Crédito,5102,0.18,2.45
12276,2026-04-08 18:51:33,PDV 04,6,2.0,6.8,13.6,Cartão Débito,5102,0.18,2.45
12277,2026-04-09 14:00:18,PDV 01,6,1.0,6.8,6.8,Cartão Crédito,5102,0.18,1.22
12278,2026-04-09 12:46:59,PDV 06,6,1.0,6.8,6.8,Cartão Débito,5102,0.18,1.22
12279,2026-04-09 13:39:56,PDV 03,6,1.0,6.8,6.8,Cartão Crédito,5102,0.18,1.22
12280,2026-04-09 10:09:18,PDV 05,6,1.0,6.8,6.8,Cartão Crédito,5102,0.18,1.22
12281,2026-04-10 16:38:16,PDV 04,6,1.0,6.8,6.8,Cartão Crédito,5102,0.18,1.22
12282,2026-04-10 13:59:47,PDV 06,6,2.0,6.8,13.6,Dinheiro,5102,0.18,2.45
12283,2026-04-10 10:10:33,PDV 06,6,1.0,6.8,6.8,PIX,5102,0.18,1.22
12284,2026-04-11 13:26:11,PDV 02,6,3.0,6.8,20.4,Cartão Crédito,5102,0.18,3.67
12285,2026-04-12 12:44:12,PDV 02,6,3.0,6.8,20.4,Cartão Crédito,5102,0.18,3.67
12286,2026-04-13 16:29:21,PDV 01,6,2.0,6.8,13.6,Cartão Débito,5102,0.18,2.45
12287,2026-04-14 15:38:10,PDV 01,6,2.0,6.8,13.6,Cartão Débito,5102,0.18,2.45
12288,2026-04-15 16:56:14,PDV 03,6,2.0,6.8,13.6,Cartão Crédito,5102,0.18,2.45
12289,2026-04-16 11:17:18,PDV 04,6,2.0,6.8,13.6,Cartão Crédito,5102,0.18,2.45
12290,2026-04-17 13:39:49,PDV 04,6,2.0,6.8,13.6,Dinheiro,5102,0.18,2.45
12291,2026-04-17 16:34:41,PDV 06,6,1.0,6.8,6.8,Cartão Débito,5102,0.18,1.22
12292,2026-04-18 10:06:46,PDV 02,6,1.0,6.8,6.8,Cartão Débito,5102,0.18,1.22
12293,2026-04-18 12:36:06,PDV 02,6,1.0,6.8,6.8,PIX,5102,0.18,1.22
12294,2026-04-18 17:41:49,PDV 04,6,1.0,6.8,6.8,Cartão Débito,5102,0.18,1.22
12295,2026-04-19 17:17:51,PDV 06,6,1.0,6.8,6.8,PIX,5102,0.18,1.22
12296,2026-04-19 18:58:30,PDV 02,6,1.0,6.8,6.8,Cartão Débito,5102,0.18,1.22
12297,2026-04-19 20:14:13,PDV 01,6,1.0,6.8,6.8,Dinheiro,5102,0.18,1.22
12298,2026-04-20 17:09:09,PDV 02,6,2.0,6.8,13.6,Cartão Crédito,5102,0.18,2.45
12299,2026-04-21 08:20:04,PDV 01,6,2.0,6.8,13.6,Cartão Débito,5102,0.18,2.45
12300,2026-04-22 20:28:27,PDV 06,6,2.0,6.8,13.6,Cartão Crédito,5102,0.18,2.45
12301,2026-04-23 16:48:07,PDV 02,6,2.0,6.8,13.6,Cartão Crédito,5102,0.18,2.45
12302,2026-04-23 14:49:24,PDV 06,6,1.0,6.8,6.8,Cartão Crédito,5102,0.18,1.22
12303,2026-04-24 16:20:33,PDV 01,6,2.0,6.8,13.6,PIX,5102,0.18,2.45
12304,2026-04-24 11:10:40,PDV 03,6,1.0,6.8,6.8,Cartão Crédito,5102,0.18,1.22
12305,2026-04-25 16:28:31,PDV 06,6,2.0,6.8,13.6,PIX,5102,0.18,2.45
12306,2026-04-25 18:07:35,PDV 04,6,1.0,6.8,6.8,Cartão Crédito,5102,0.18,1.22
12307,2026-04-26 08:55:23,PDV 04,6,3.0,6.8,20.4,PIX,5102,0.18,3.67
12308,2026-04-27 13:46:27,PDV 02,6,2.0,6.8,13.6,Cartão Crédito,5102,0.18,2.45
12309,2026-04-28 11:24:23,PDV 02,6,2.0,6.8,13.6,Dinheiro,5102,0.18,2.45
12310,2026-04-29 08:12:28,PDV 03,6,2.0,6.8,13.6,Cartão Crédito,5102,0.18,2.45
12311,2026-04-30 08:37:19,PDV 03,6,2.0,6.8,13.6,Cartão Débito,5102,0.18,2.45
12312,2026-05-01 12:32:58,PDV 01,6,2.0,6.8,13.6,Cartão Crédito,5102,0.18,2.45
12313,2026-05-01 08:41:17,PDV 06,6,2.0,6.8,13.6,Cartão Crédito,5102,0.18,2.45
12314,2026-05-01 08:44:45,PDV 03,6,1.0,6.8,6.8,Cartão Débito,5102,0.18,1.22
12315,2026-05-02 17:52:01,PDV 06,6,4.0,6.8,27.2,Dinheiro,5102,0.18,4.9
12316,2026-05-03 18:29:31,PDV 02,6,1.0,6.8,6.8,Cartão Crédito,5102,0.18,1.22
12317,2026-05-03 18:48:34,PDV 01,6,1.0,6.8,6.8,Cartão Débito,5102,0.18,1.22
12318,2026-05-03 08:39:57,PDV 06,6,1.0,6.8,6.8,Cartão Débito,5102,0.18,1.22
12319,2026-05-04 19:11:55,PDV 02,6,2.0,6.8,13.6,Cartão Débito,5102,0.18,2.45
12320,2026-05-05 08:28:40,PDV 06,6,3.0,6.8,20.4,Cartão Débito,5102,0.18,3.67
12321,2026-05-06 09:54:34,PDV 03,6,2.0,6.8,13.6,Dinheiro,5102,0.18,2.45
12322,2026-05-07 18:39:47,PDV 01,6,3.0,6.8,20.4,Cartão Débito,5102,0.18,3.67
12323,2026-05-08 19:10:57,PDV 05,6,1.0,6.8,6.8,Cartão Crédito,5102,0.18,1.22
12324,2026-05-08 13:33:00,PDV 06,6,2.0,6.8,13.6,Cartão Crédito,5102,0.18,2.45
12325,2026-05-08 18:42:03,PDV 01,6,1.0,6.8,6.8,Cartão Débito,5102,0.18,1.22
12326,2026-05-09 19:17:05,PDV 02,6,2.0,6.8,13.6,Cartão Crédito,5102,0.18,2.45
12327,2026-05-09 12:38:12,PDV 06,6,2.0,6.8,13.6,Cartão Crédito,5102,0.18,2.45
12328,2026-05-10 18:47:53,PDV 01,6,2.0,6.8,13.6,Cartão Débito,5102,0.18,2.45
12329,2026-05-10 16:22:07,PDV 03,6,2.0,6.8,13.6,Cartão Crédito,5102,0.18,2.45
12330,2026-05-11 19:05:36,PDV 04,6,2.0,6.8,13.6,Cartão Débito,5102,0.18,2.45
12331,2026-05-12 09:11:46,PDV 01,6,2.0,6.8,13.6,Cartão Débito,5102,0.18,2.45
12332,2026-05-13 17:40:01,PDV 02,6,2.0,6.8,13.6,PIX,5102,0.18,2.45
12333,2026-05-14 18:23:29,PDV 01,6,3.0,6.8,20.4,PIX,5102,0.18,3.67
12334,2026-05-15 12:53:43,PDV 06,6,3.0,6.8,20.4,Dinheiro,5102,0.18,3.67
12335,2026-05-16 19:48:47,PDV 02,6,2.0,6.8,13.6,Cartão Débito,5102,0.18,2.45
12336,2026-05-16 14:45:18,PDV 02,6,2.0,6.8,13.6,Cartão Débito,5102,0.18,2.45
12337,2026-05-17 13:26:14,PDV 02,6,1.0,6.8,6.8,Cartão Débito,5102,0.18,1.22
12338,2026-05-17 11:11:18,PDV 03,6,1.0,6.8,6.8,Cartão Crédito,5102,0.18,1.22
12339,2026-05-17 12:05:31,PDV 03,6,1.0,6.8,6.8,Cartão Crédito,5102,0.18,1.22
12340,2026-05-18 13:49:41,PDV 05,6,2.0,6.8,13.6,Cartão Crédito,5102,0.18,2.45
12341,2026-05-19 18:43:53,PDV 02,6,2.0,6.8,13.6,Cartão Débito,5102,0.18,2.45
12342,2026-05-20 17:24:09,PDV 05,6,2.0,6.8,13.6,Cartão Crédito,5102,0.18,2.45
12343,2026-05-21 14:22:41,PDV 06,6,1.0,6.8,6.8,PIX,5102,0.18,1.22
12344,2026-05-21 11:21:44,PDV 05,6,1.0,6.8,6.8,Cartão Crédito,5102,0.18,1.22
12345,2026-05-21 19:50:17,PDV 01,6,1.0,6.8,6.8,Cartão Crédito,5102,0.18,1.22
12346,2026-05-22 12:13:29,PDV 03,6,2.0,6.8,13.6,Cartão Débito,5102,0.18,2.45
12347,2026-05-22 09:33:42,PDV 06,6,2.0,6.8,13.6,Cartão Débito,5102,0.18,2.45
12348,2026-05-23 15:37:20,PDV 03,6,3.0,6.8,20.4,Cartão Crédito,5102,0.18,3.67
12349,2026-05-24 17:57:02,PDV 03,6,1.0,6.8,6.8,Cartão Crédito,5102,0.18,1.22
12350,2026-05-24 18:22:55,PDV 01,6,1.0,6.8,6.8,Cartão Débito,5102,0.18,1.22
12351,2026-05-24 15:21:21,PDV 06,6,1.0,6.8,6.8,Dinheiro,5102,0.18,1.22
12352,2026-05-25 10:58:22,PDV 03,6,2.0,6.8,13.6,Cartão Débito,5102,0.18,2.45
12353,2026-05-26 16:11:48,PDV 01,6,2.0,6.8,13.6,Cartão Crédito,5102,0.18,2.45
12354,2026-05-27 17:29:37,PDV 05,6,2.0,6.8,13.6,Cartão Crédito,5102,0.18,2.45
12355,2026-05-28 14:30:53,PDV 02,6,1.0,6.8,6.8,Cartão Débito,5102,0.18,1.22
12356,2026-05-28 13:38:21,PDV 04,6,1.0,6.8,6.8,Cartão Crédito,5102,0.18,1.22
12357,2026-05-28 12:02:59,PDV 02,6,1.0,6.8,6.8,PIX,5102,0.18,1.22
12358,2026-05-29 09:26:27,PDV 03,6,1.0,6.8,6.8,Dinheiro,5102,0.18,1.22
12359,2026-05-29 14:37:01,PDV 02,6,1.0,6.8,6.8,Cartão Crédito,5102,0.18,1.22
12360,2026-05-29 12:56:38,PDV 06,6,1.0,6.8,6.8,Dinheiro,5102,0.18,1.22
12361,2026-05-30 17:48:08,PDV 02,6,2.0,6.8,13.6,Cartão Crédito,5102,0.18,2.45
12362,2026-05-30 20:03:05,PDV 03,6,2.0,6.8,13.6,PIX,5102,0.18,2.45
12363,2026-05-31 20:22:29,PDV 04,6,3.0,6.8,20.4,Cartão Débito,5102,0.18,3.67
12364,2026-06-01 18:09:12,PDV 02,6,3.0,6.8,20.4,Cartão Débito,5102,0.18,3.67
12365,2026-06-02 09:11:15,PDV 02,6,2.0,6.8,13.6,Cartão Crédito,5102,0.18,2.45
12366,2026-06-03 11:09:43,PDV 05,6,1.0,6.8,6.8,PIX,5102,0.18,1.22
12367,2026-06-03 13:00:30,PDV 02,6,1.0,6.8,6.8,Cartão Débito,5102,0.18,1.22
12368,2026-06-03 15:35:43,PDV 04,6,1.0,6.8,6.8,Cartão Crédito,5102,0.18,1.22
12369,2026-06-04 18:24:53,PDV 04,6,2.0,6.8,13.6,Cartão Crédito,5102,0.18,2.45
12370,2026-06-04 20:58:06,PDV 04,6,1.0,6.8,6.8,Cartão Débito,5102,0.18,1.22
12371,2026-06-05 14:49:20,PDV 03,6,2.0,6.8,13.6,PIX,5102,0.18,2.45
12372,2026-06-05 19:55:27,PDV 05,6,2.0,6.8,13.6,Cartão Débito,5102,0.18,2.45
12373,2026-06-06 13:31:42,PDV 06,6,4.0,6.8,27.2,Dinheiro,5102,0.18,4.9
12374,2026-06-07 11:56:38,PDV 02,6,4.0,6.8,27.2,PIX,5102,0.18,4.9
12375,2026-06-08 13:21:32,PDV 01,6,2.0,6.8,13.6,Cartão Crédito,5102,0.18,2.45
12376,2026-06-08 20:25:58,PDV 01,6,1.0,6.8,6.8,Cartão Crédito,5102,0.18,1.22
12377,2026-06-09 10:31:12,PDV 01,6,2.0,6.8,13.6,Cartão Débito,5102,0.18,2.45
12378,2026-06-10 14:05:21,PDV 04,6,2.0,6.8,13.6,Cartão Crédito,5102,0.18,2.45
12379,2026-06-11 14:09:18,PDV 03,6,2.0,6.8,13.6,Cartão Débito,5102,0.18,2.45
12380,2026-06-12 08:16:26,PDV 02,6,2.0,6.8,13.6,Cartão Débito,5102,0.18,2.45
12381,2026-06-12 18:33:53,PDV 01,6,1.0,6.8,6.8,Cartão Crédito,5102,0.18,1.22
12382,2026-06-13 13:43:46,PDV 01,6,3.0,6.8,20.4,Cartão Crédito,5102,0.18,3.67
12383,2026-06-14 14:51:51,PDV 01,6,2.0,6.8,13.6,Cartão Débito,5102,0.18,2.45
12384,2026-06-15 10:36:32,PDV 04,6,2.0,6.8,13.6,Cartão Crédito,5102,0.18,2.45
12385,2026-06-16 08:31:41,PDV 06,6,2.0,6.8,13.6,Cartão Crédito,5102,0.18,2.45
12386,2026-06-17 20:03:19,PDV 04,6,2.0,6.8,13.6,Cartão Débito,5102,0.18,2.45
12387,2026-06-18 09:38:51,PDV 04,6,1.0,6.8,6.8,Cartão Crédito,5102,0.18,1.22
12388,2026-06-18 20:30:45,PDV 03,6,1.0,6.8,6.8,PIX,5102,0.18,1.22
12389,2026-06-18 13:07:50,PDV 02,6,1.0,6.8,6.8,Dinheiro,5102,0.18,1.22
12390,2026-06-19 18:05:09,PDV 01,6,1.0,6.8,6.8,Cartão Débito,5102,0.18,1.22
12391,2026-06-19 19:37:16,PDV 02,6,1.0,6.8,6.8,Cartão Crédito,5102,0.18,1.22
12392,2026-06-19 17:46:55,PDV 04,6,1.0,6.8,6.8,Cartão Crédito,5102,0.18,1.22
12393,2026-06-19 15:18:02,PDV 01,6,1.0,6.8,6.8,PIX,5102,0.18,1.22
12394,2026-06-20 13:03:56,PDV 05,6,1.0,6.8,6.8,Cartão Crédito,5102,0.18,1.22
12395,2026-06-20 12:27:21,PDV 06,6,1.0,6.8,6.8,Cartão Débito,5102,0.18,1.22
12396,2026-06-20 08:34:17,PDV 02,6,1.0,6.8,6.8,Cartão Débito,5102,0.18,1.22
12397,2026-06-20 14:01:28,PDV 03,6,1.0,6.8,6.8,Cartão Débito,5102,0.18,1.22
12398,2026-06-21 17:07:22,PDV 06,6,3.0,6.8,20.4,Cartão Débito,5102,0.18,3.67
12399,2026-06-22 19:25:15,PDV 02,6,2.0,6.8,13.6,Cartão Débito,5102,0.18,2.45
12400,2026-06-23 09:08:46,PDV 02,6,2.0,6.8,13.6,Cartão Crédito,5102,0.18,2.45
12401,2026-06-24 14:57:17,PDV 03,6,2.0,6.8,13.6,Dinheiro,5102,0.18,2.45
12402,2026-06-25 19:39:15,PDV 06,6,2.0,6.8,13.6,PIX,5102,0.18,2.45
12403,2026-06-26 08:04:20,PDV 03,6,1.0,6.8,6.8,Cartão Débito,5102,0.18,1.22
12404,2026-06-26 17:46:40,PDV 01,6,1.0,6.8,6.8,Cartão Débito,5102,0.18,1.22
12405,2026-06-26 19:05:21,PDV 06,6,1.0,6.8,6.8,Cartão Crédito,5102,0.18,1.22
12406,2026-06-26 14:25:01,PDV 02,6,1.0,6.8,6.8,Dinheiro,5102,0.18,1.22
12407,2026-06-27 19:41:47,PDV 01,6,2.0,6.8,13.6,PIX,5102,0.18,2.45
12408,2026-06-27 14:07:50,PDV 02,6,1.0,6.8,6.8,Cartão Crédito,5102,0.18,1.22
12409,2026-06-28 17:32:34,PDV 02,6,2.0,6.8,13.6,Cartão Crédito,5102,0.18,2.45
12410,2026-06-28 08:23:36,PDV 04,6,1.0,6.8,6.8,Cartão Débito,5102,0.18,1.22
12411,2026-04-01 12:52:59,PDV 04,7,1.0,3.49,3.49,Cartão Débito,5102,0.18,0.63
12412,2026-04-01 10:25:18,PDV 01,7,1.0,3.49,3.49,Cartão Crédito,5102,0.18,0.63
12413,2026-04-01 13:48:29,PDV 06,7,1.0,3.49,3.49,Cartão Débito,5102,0.18,0.63
12414,2026-04-01 09:24:37,PDV 06,7,1.0,3.49,3.49,Cartão Crédito,5102,0.18,0.63
12415,2026-04-02 14:12:40,PDV 01,7,1.0,3.49,3.49,Cartão Crédito,5102,0.18,0.63
12416,2026-04-02 10:39:39,PDV 05,7,1.0,3.49,3.49,Dinheiro,5102,0.18,0.63
12417,2026-04-02 17:36:46,PDV 04,7,2.0,3.49,6.98,Dinheiro,5102,0.18,1.26
12418,2026-04-02 13:39:15,PDV 02,7,1.0,3.49,3.49,Cartão Crédito,5102,0.18,0.63
12419,2026-04-03 18:05:23,PDV 01,7,2.0,3.49,6.98,Cartão Crédito,5102,0.18,1.26
12420,2026-04-03 20:41:24,PDV 05,7,2.0,3.49,6.98,Cartão Crédito,5102,0.18,1.26
12421,2026-04-03 11:54:58,PDV 02,7,2.0,3.49,6.98,Cartão Crédito,5102,0.18,1.26
12422,2026-04-03 19:55:15,PDV 02,7,1.0,3.49,3.49,Cartão Crédito,5102,0.18,0.63
12423,2026-04-04 13:08:18,PDV 01,7,3.0,3.49,10.47,PIX,5102,0.18,1.88
12424,2026-04-04 11:36:29,PDV 04,7,3.0,3.49,10.47,Cartão Débito,5102,0.18,1.88
12425,2026-04-05 11:50:11,PDV 04,7,1.0,3.49,3.49,Cartão Crédito,5102,0.18,0.63
12426,2026-04-05 09:51:38,PDV 03,7,1.0,3.49,3.49,PIX,5102,0.18,0.63
12427,2026-04-05 10:15:29,PDV 06,7,2.0,3.49,6.98,Dinheiro,5102,0.18,1.26
12428,2026-04-05 08:47:02,PDV 06,7,1.0,3.49,3.49,Cartão Crédito,5102,0.18,0.63
12429,2026-04-06 15:55:24,PDV 01,7,1.0,3.49,3.49,PIX,5102,0.18,0.63
12430,2026-04-06 12:56:45,PDV 05,7,1.0,3.49,3.49,Cartão Débito,5102,0.18,0.63
12431,2026-04-06 20:38:41,PDV 05,7,1.0,3.49,3.49,Cartão Crédito,5102,0.18,0.63
12432,2026-04-07 15:52:46,PDV 01,7,1.0,3.49,3.49,Cartão Débito,5102,0.18,0.63
12433,2026-04-07 14:53:52,PDV 06,7,1.0,3.49,3.49,PIX,5102,0.18,0.63
12434,2026-04-07 13:25:45,PDV 05,7,1.0,3.49,3.49,Cartão Crédito,5102,0.18,0.63
12435,2026-04-07 15:27:50,PDV 01,7,1.0,3.49,3.49,Cartão Débito,5102,0.18,0.63
12436,2026-04-08 20:52:37,PDV 01,7,2.0,3.49,6.98,Cartão Crédito,5102,0.18,1.26
12437,2026-04-08 13:26:42,PDV 03,7,1.0,3.49,3.49,Cartão Débito,5102,0.18,0.63
12438,2026-04-09 20:30:13,PDV 03,7,2.0,3.49,6.98,Cartão Débito,5102,0.18,1.26
12439,2026-04-09 18:44:04,PDV 04,7,3.0,3.49,10.47,PIX,5102,0.18,1.88
12440,2026-04-10 20:15:48,PDV 03,7,2.0,3.49,6.98,Cartão Débito,5102,0.18,1.26
12441,2026-04-10 19:28:21,PDV 04,7,1.0,3.49,3.49,Cartão Crédito,5102,0.18,0.63
12442,2026-04-10 17:17:38,PDV 01,7,2.0,3.49,6.98,PIX,5102,0.18,1.26
12443,2026-04-10 10:33:18,PDV 01,7,1.0,3.49,3.49,Cartão Débito,5102,0.18,0.63
12444,2026-04-11 17:23:45,PDV 03,7,2.0,3.49,6.98,Cartão Débito,5102,0.18,1.26
12445,2026-04-11 19:10:36,PDV 06,7,2.0,3.49,6.98,Cartão Débito,5102,0.18,1.26
12446,2026-04-11 19:28:43,PDV 03,7,1.0,3.49,3.49,Cartão Débito,5102,0.18,0.63
12447,2026-04-12 10:38:18,PDV 04,7,2.0,3.49,6.98,Cartão Débito,5102,0.18,1.26
12448,2026-04-12 11:01:54,PDV 02,7,3.0,3.49,10.47,Cartão Crédito,5102,0.18,1.88
12449,2026-04-13 17:00:16,PDV 03,7,3.0,3.49,10.47,Cartão Crédito,5102,0.18,1.88
12450,2026-04-14 16:25:30,PDV 05,7,1.0,3.49,3.49,Dinheiro,5102,0.18,0.63
12451,2026-04-14 13:41:09,PDV 05,7,1.0,3.49,3.49,PIX,5102,0.18,0.63
12452,2026-04-14 13:33:23,PDV 04,7,1.0,3.49,3.49,PIX,5102,0.18,0.63
12453,2026-04-15 18:10:55,PDV 05,7,2.0,3.49,6.98,Cartão Crédito,5102,0.18,1.26
12454,2026-04-15 15:57:24,PDV 01,7,1.0,3.49,3.49,Cartão Crédito,5102,0.18,0.63
12455,2026-04-16 13:14:19,PDV 02,7,5.0,3.49,17.45,Cartão Débito,5102,0.18,3.14
12456,2026-04-17 17:49:46,PDV 01,7,2.0,3.49,6.98,Cartão Crédito,5102,0.18,1.26
12457,2026-04-17 13:31:29,PDV 05,7,2.0,3.49,6.98,Dinheiro,5102,0.18,1.26
12458,2026-04-17 08:53:47,PDV 05,7,1.0,3.49,3.49,PIX,5102,0.18,0.63
12459,2026-04-18 13:42:02,PDV 04,7,2.0,3.49,6.98,Cartão Crédito,5102,0.18,1.26
12460,2026-04-18 13:32:04,PDV 03,7,3.0,3.49,10.47,Cartão Crédito,5102,0.18,1.88
12461,2026-04-19 20:03:28,PDV 05,7,4.0,3.49,13.96,Cartão Crédito,5102,0.18,2.51
12462,2026-04-20 12:51:47,PDV 02,7,3.0,3.49,10.47,Cartão Crédito,5102,0.18,1.88
12463,2026-04-21 11:14:44,PDV 06,7,1.0,3.49,3.49,Cartão Crédito,5102,0.18,0.63
12464,2026-04-21 08:38:17,PDV 05,7,1.0,3.49,3.49,Cartão Débito,5102,0.18,0.63
12465,2026-04-21 19:12:46,PDV 01,7,1.0,3.49,3.49,Dinheiro,5102,0.18,0.63
12466,2026-04-22 16:19:03,PDV 02,7,3.0,3.49,10.47,Cartão Débito,5102,0.18,1.88
12467,2026-04-23 15:06:34,PDV 01,7,1.0,3.49,3.49,Cartão Débito,5102,0.18,0.63
12468,2026-04-23 18:04:12,PDV 04,7,1.0,3.49,3.49,Cartão Débito,5102,0.18,0.63
12469,2026-04-23 09:30:12,PDV 01,7,1.0,3.49,3.49,Cartão Crédito,5102,0.18,0.63
12470,2026-04-23 11:38:31,PDV 03,7,1.0,3.49,3.49,Cartão Crédito,5102,0.18,0.63
12471,2026-04-24 09:46:56,PDV 04,7,1.0,3.49,3.49,PIX,5102,0.18,0.63
12472,2026-04-24 11:37:51,PDV 06,7,1.0,3.49,3.49,Cartão Crédito,5102,0.18,0.63
12473,2026-04-24 15:00:16,PDV 04,7,2.0,3.49,6.98,Cartão Crédito,5102,0.18,1.26
12474,2026-04-24 15:40:11,PDV 03,7,1.0,3.49,3.49,Cartão Crédito,5102,0.18,0.63
12475,2026-04-25 18:19:16,PDV 05,7,2.0,3.49,6.98,Cartão Débito,5102,0.18,1.26
12476,2026-04-25 12:43:35,PDV 05,7,2.0,3.49,6.98,Cartão Débito,5102,0.18,1.26
12477,2026-04-25 15:07:48,PDV 02,7,1.0,3.49,3.49,Cartão Crédito,5102,0.18,0.63
12478,2026-04-26 16:30:31,PDV 02,7,1.0,3.49,3.49,Cartão Débito,5102,0.18,0.63
12479,2026-04-26 20:27:43,PDV 03,7,2.0,3.49,6.98,Cartão Débito,5102,0.18,1.26
12480,2026-04-26 15:21:40,PDV 06,7,1.0,3.49,3.49,Cartão Crédito,5102,0.18,0.63
12481,2026-04-27 11:49:06,PDV 02,7,3.0,3.49,10.47,Cartão Débito,5102,0.18,1.88
12482,2026-04-28 12:20:49,PDV 05,7,1.0,3.49,3.49,Cartão Crédito,5102,0.18,0.63
12483,2026-04-28 18:19:59,PDV 05,7,1.0,3.49,3.49,Cartão Débito,5102,0.18,0.63
12484,2026-04-28 18:09:20,PDV 02,7,1.0,3.49,3.49,Cartão Débito,5102,0.18,0.63
12485,2026-04-29 20:10:54,PDV 02,7,2.0,3.49,6.98,Cartão Crédito,5102,0.18,1.26
12486,2026-04-29 10:20:33,PDV 04,7,1.0,3.49,3.49,Cartão Crédito,5102,0.18,0.63
12487,2026-04-30 20:46:17,PDV 02,7,1.0,3.49,3.49,Dinheiro,5102,0.18,0.63
12488,2026-04-30 15:59:54,PDV 03,7,1.0,3.49,3.49,Cartão Débito,5102,0.18,0.63
12489,2026-04-30 12:21:46,PDV 03,7,1.0,3.49,3.49,PIX,5102,0.18,0.63
12490,2026-04-30 13:28:19,PDV 04,7,1.0,3.49,3.49,Cartão Crédito,5102,0.18,0.63
12491,2026-05-01 08:48:25,PDV 01,7,2.0,3.49,6.98,Dinheiro,5102,0.18,1.26
12492,2026-05-01 13:41:51,PDV 02,7,1.0,3.49,3.49,Dinheiro,5102,0.18,0.63
12493,2026-05-01 20:17:01,PDV 06,7,2.0,3.49,6.98,Cartão Débito,5102,0.18,1.26
12494,2026-05-01 18:45:16,PDV 03,7,1.0,3.49,3.49,PIX,5102,0.18,0.63
12495,2026-05-02 13:27:50,PDV 04,7,6.0,3.49,20.94,Cartão Débito,5102,0.18,3.77
12496,2026-05-03 20:13:39,PDV 05,7,3.0,3.49,10.47,Cartão Crédito,5102,0.18,1.88
12497,2026-05-03 12:06:04,PDV 02,7,3.0,3.49,10.47,Cartão Débito,5102,0.18,1.88
12498,2026-05-04 15:46:37,PDV 04,7,1.0,3.49,3.49,Dinheiro,5102,0.18,0.63
12499,2026-05-04 08:49:42,PDV 04,7,1.0,3.49,3.49,Cartão Crédito,5102,0.18,0.63
12500,2026-05-04 19:31:15,PDV 03,7,1.0,3.49,3.49,Dinheiro,5102,0.18,0.63
12501,2026-05-05 08:06:03,PDV 06,7,1.0,3.49,3.49,Cartão Débito,5102,0.18,0.63
12502,2026-05-05 16:23:28,PDV 03,7,1.0,3.49,3.49,Cartão Débito,5102,0.18,0.63
12503,2026-05-05 10:56:47,PDV 01,7,1.0,3.49,3.49,Cartão Débito,5102,0.18,0.63
12504,2026-05-05 20:46:26,PDV 02,7,1.0,3.49,3.49,PIX,5102,0.18,0.63
12505,2026-05-06 17:12:35,PDV 01,7,1.0,3.49,3.49,Cartão Crédito,5102,0.18,0.63
12506,2026-05-06 13:36:34,PDV 06,7,2.0,3.49,6.98,Cartão Débito,5102,0.18,1.26
12507,2026-05-06 16:52:18,PDV 06,7,1.0,3.49,3.49,Cartão Débito,5102,0.18,0.63
12508,2026-05-07 20:44:45,PDV 06,7,5.0,3.49,17.45,Cartão Débito,5102,0.18,3.14
12509,2026-05-08 20:28:47,PDV 02,7,2.0,3.49,6.98,Cartão Débito,5102,0.18,1.26
12510,2026-05-08 15:14:29,PDV 03,7,2.0,3.49,6.98,Cartão Débito,5102,0.18,1.26
12511,2026-05-08 18:45:16,PDV 03,7,2.0,3.49,6.98,Cartão Crédito,5102,0.18,1.26
12512,2026-05-09 10:07:41,PDV 04,7,6.0,3.49,20.94,Cartão Crédito,5102,0.18,3.77
12513,2026-05-10 20:03:53,PDV 05,7,1.0,3.49,3.49,Cartão Débito,5102,0.18,0.63
12514,2026-05-10 16:23:01,PDV 05,7,1.0,3.49,3.49,Cartão Crédito,5102,0.18,0.63
12515,2026-05-10 08:32:55,PDV 03,7,2.0,3.49,6.98,PIX,5102,0.18,1.26
12516,2026-05-10 15:18:36,PDV 03,7,1.0,3.49,3.49,Cartão Crédito,5102,0.18,0.63
12517,2026-05-11 09:36:05,PDV 05,7,1.0,3.49,3.49,PIX,5102,0.18,0.63
12518,2026-05-11 16:10:51,PDV 05,7,1.0,3.49,3.49,PIX,5102,0.18,0.63
12519,2026-05-11 09:36:59,PDV 04,7,1.0,3.49,3.49,Cartão Crédito,5102,0.18,0.63
12520,2026-05-12 20:04:49,PDV 06,7,3.0,3.49,10.47,Cartão Crédito,5102,0.18,1.88
12521,2026-05-13 15:28:56,PDV 06,7,2.0,3.49,6.98,Cartão Débito,5102,0.18,1.26
12522,2026-05-13 13:04:11,PDV 06,7,1.0,3.49,3.49,Cartão Crédito,5102,0.18,0.63
12523,2026-05-14 16:49:44,PDV 06,7,1.0,3.49,3.49,PIX,5102,0.18,0.63
12524,2026-05-14 14:56:01,PDV 04,7,1.0,3.49,3.49,Cartão Crédito,5102,0.18,0.63
12525,2026-05-14 08:39:53,PDV 04,7,1.0,3.49,3.49,Cartão Débito,5102,0.18,0.63
12526,2026-05-14 11:20:27,PDV 02,7,1.0,3.49,3.49,Cartão Débito,5102,0.18,0.63
12527,2026-05-15 17:43:49,PDV 03,7,3.0,3.49,10.47,Cartão Crédito,5102,0.18,1.88
12528,2026-05-15 18:42:12,PDV 05,7,3.0,3.49,10.47,Dinheiro,5102,0.18,1.88
12529,2026-05-16 11:49:09,PDV 02,7,2.0,3.49,6.98,Cartão Débito,5102,0.18,1.26
12530,2026-05-16 09:01:34,PDV 05,7,3.0,3.49,10.47,Dinheiro,5102,0.18,1.88
12531,2026-05-17 20:08:34,PDV 03,7,4.0,3.49,13.96,Dinheiro,5102,0.18,2.51
12532,2026-05-18 13:59:14,PDV 06,7,2.0,3.49,6.98,Cartão Débito,5102,0.18,1.26
12533,2026-05-18 12:10:27,PDV 03,7,1.0,3.49,3.49,Cartão Débito,5102,0.18,0.63
12534,2026-05-19 20:22:01,PDV 02,7,3.0,3.49,10.47,PIX,5102,0.18,1.88
12535,2026-05-20 09:53:24,PDV 01,7,2.0,3.49,6.98,Cartão Crédito,5102,0.18,1.26
12536,2026-05-20 19:54:47,PDV 02,7,1.0,3.49,3.49,Cartão Débito,5102,0.18,0.63
12537,2026-05-21 15:25:12,PDV 02,7,1.0,3.49,3.49,PIX,5102,0.18,0.63
12538,2026-05-21 17:52:07,PDV 01,7,1.0,3.49,3.49,Dinheiro,5102,0.18,0.63
12539,2026-05-21 16:58:37,PDV 06,7,1.0,3.49,3.49,Cartão Crédito,5102,0.18,0.63
12540,2026-05-21 10:48:13,PDV 01,7,1.0,3.49,3.49,Dinheiro,5102,0.18,0.63
12541,2026-05-22 19:20:26,PDV 02,7,2.0,3.49,6.98,Cartão Débito,5102,0.18,1.26
12542,2026-05-22 09:51:32,PDV 03,7,2.0,3.49,6.98,Cartão Crédito,5102,0.18,1.26
12543,2026-05-22 16:07:29,PDV 01,7,1.0,3.49,3.49,Cartão Débito,5102,0.18,0.63
12544,2026-05-23 14:54:06,PDV 03,7,1.0,3.49,3.49,Cartão Débito,5102,0.18,0.63
12545,2026-05-23 12:53:04,PDV 04,7,1.0,3.49,3.49,Dinheiro,5102,0.18,0.63
12546,2026-05-23 18:19:14,PDV 06,7,2.0,3.49,6.98,Cartão Débito,5102,0.18,1.26
12547,2026-05-23 18:51:24,PDV 04,7,1.0,3.49,3.49,Cartão Débito,5102,0.18,0.63
12548,2026-05-24 19:41:57,PDV 03,7,1.0,3.49,3.49,Cartão Débito,5102,0.18,0.63
12549,2026-05-24 11:11:36,PDV 01,7,2.0,3.49,6.98,Cartão Débito,5102,0.18,1.26
12550,2026-05-24 10:08:44,PDV 04,7,1.0,3.49,3.49,PIX,5102,0.18,0.63
12551,2026-05-25 17:51:13,PDV 06,7,3.0,3.49,10.47,Cartão Crédito,5102,0.18,1.88
12552,2026-05-26 17:26:52,PDV 02,7,2.0,3.49,6.98,Cartão Crédito,5102,0.18,1.26
12553,2026-05-26 10:59:33,PDV 02,7,1.0,3.49,3.49,Cartão Crédito,5102,0.18,0.63
12554,2026-05-27 10:23:56,PDV 01,7,1.0,3.49,3.49,PIX,5102,0.18,0.63
12555,2026-05-27 08:31:13,PDV 03,7,1.0,3.49,3.49,Cartão Crédito,5102,0.18,0.63
12556,2026-05-27 13:58:53,PDV 03,7,1.0,3.49,3.49,Cartão Crédito,5102,0.18,0.63
12557,2026-05-28 20:01:21,PDV 01,7,5.0,3.49,17.45,PIX,5102,0.18,3.14
12558,2026-05-29 19:55:09,PDV 04,7,6.0,3.49,20.94,Cartão Débito,5102,0.18,3.77
12559,2026-05-30 20:38:46,PDV 05,7,1.0,3.49,3.49,Cartão Débito,5102,0.18,0.63
12560,2026-05-30 09:00:22,PDV 02,7,1.0,3.49,3.49,Cartão Débito,5102,0.18,0.63
12561,2026-05-30 09:07:30,PDV 04,7,2.0,3.49,6.98,Dinheiro,5102,0.18,1.26
12562,2026-05-30 16:28:08,PDV 05,7,1.0,3.49,3.49,PIX,5102,0.18,0.63
12563,2026-05-31 12:30:30,PDV 03,7,4.0,3.49,13.96,Cartão Débito,5102,0.18,2.51
12564,2026-06-01 17:42:45,PDV 01,7,1.0,3.49,3.49,Cartão Crédito,5102,0.18,0.63
12565,2026-06-01 19:53:54,PDV 05,7,2.0,3.49,6.98,Cartão Débito,5102,0.18,1.26
12566,2026-06-01 11:32:08,PDV 02,7,1.0,3.49,3.49,Cartão Débito,5102,0.18,0.63
12567,2026-06-02 19:06:45,PDV 04,7,4.0,3.49,13.96,Cartão Débito,5102,0.18,2.51
12568,2026-06-03 11:14:16,PDV 02,7,4.0,3.49,13.96,Cartão Crédito,5102,0.18,2.51
12569,2026-06-04 13:45:29,PDV 06,7,2.0,3.49,6.98,Cartão Crédito,5102,0.18,1.26
12570,2026-06-04 16:36:56,PDV 03,7,2.0,3.49,6.98,PIX,5102,0.18,1.26
12571,2026-06-04 10:20:27,PDV 03,7,1.0,3.49,3.49,Cartão Crédito,5102,0.18,0.63
12572,2026-06-05 19:57:51,PDV 04,7,7.0,3.49,24.43,Cartão Crédito,5102,0.18,4.4
12573,2026-06-06 10:00:09,PDV 06,7,3.0,3.49,10.47,Cartão Débito,5102,0.18,1.88
12574,2026-06-06 20:15:10,PDV 04,7,3.0,3.49,10.47,Cartão Débito,5102,0.18,1.88
12575,2026-06-07 15:54:22,PDV 02,7,1.0,3.49,3.49,Cartão Crédito,5102,0.18,0.63
12576,2026-06-07 17:25:28,PDV 02,7,1.0,3.49,3.49,Cartão Crédito,5102,0.18,0.63
12577,2026-06-07 12:34:28,PDV 01,7,2.0,3.49,6.98,Cartão Crédito,5102,0.18,1.26
12578,2026-06-07 18:49:32,PDV 03,7,1.0,3.49,3.49,Cartão Débito,5102,0.18,0.63
12579,2026-06-08 12:21:51,PDV 04,7,2.0,3.49,6.98,PIX,5102,0.18,1.26
12580,2026-06-08 15:42:06,PDV 06,7,2.0,3.49,6.98,PIX,5102,0.18,1.26
12581,2026-06-09 12:04:50,PDV 03,7,1.0,3.49,3.49,Cartão Crédito,5102,0.18,0.63
12582,2026-06-09 08:34:08,PDV 01,7,1.0,3.49,3.49,Cartão Débito,5102,0.18,0.63
12583,2026-06-09 15:53:07,PDV 01,7,1.0,3.49,3.49,Cartão Crédito,5102,0.18,0.63
12584,2026-06-10 10:55:22,PDV 03,7,1.0,3.49,3.49,Cartão Crédito,5102,0.18,0.63
12585,2026-06-10 16:05:55,PDV 05,7,2.0,3.49,6.98,Cartão Débito,5102,0.18,1.26
12586,2026-06-10 16:12:09,PDV 06,7,1.0,3.49,3.49,Cartão Débito,5102,0.18,0.63
12587,2026-06-11 11:46:47,PDV 03,7,5.0,3.49,17.45,Cartão Crédito,5102,0.18,3.14
12588,2026-06-12 17:55:33,PDV 05,7,3.0,3.49,10.47,Cartão Débito,5102,0.18,1.88
12589,2026-06-12 16:23:34,PDV 02,7,3.0,3.49,10.47,Cartão Crédito,5102,0.18,1.88
12590,2026-06-13 13:10:06,PDV 06,7,3.0,3.49,10.47,Cartão Débito,5102,0.18,1.88
12591,2026-06-13 18:54:39,PDV 02,7,3.0,3.49,10.47,PIX,5102,0.18,1.88
12592,2026-06-14 16:39:27,PDV 02,7,2.0,3.49,6.98,Cartão Débito,5102,0.18,1.26
12593,2026-06-14 14:18:24,PDV 05,7,3.0,3.49,10.47,Dinheiro,5102,0.18,1.88
12594,2026-06-15 15:20:08,PDV 06,7,2.0,3.49,6.98,Dinheiro,5102,0.18,1.26
12595,2026-06-15 08:04:16,PDV 06,7,1.0,3.49,3.49,Cartão Crédito,5102,0.18,0.63
12596,2026-06-16 11:59:46,PDV 05,7,2.0,3.49,6.98,Cartão Crédito,5102,0.18,1.26
12597,2026-06-16 09:03:48,PDV 04,7,1.0,3.49,3.49,Cartão Débito,5102,0.18,0.63
12598,2026-06-17 10:48:51,PDV 02,7,2.0,3.49,6.98,Cartão Débito,5102,0.18,1.26
12599,2026-06-17 10:41:26,PDV 04,7,1.0,3.49,3.49,Cartão Crédito,5102,0.18,0.63
12600,2026-06-18 13:04:14,PDV 03,7,2.0,3.49,6.98,Cartão Débito,5102,0.18,1.26
12601,2026-06-18 14:07:46,PDV 06,7,3.0,3.49,10.47,Cartão Crédito,5102,0.18,1.88
12602,2026-06-19 11:28:09,PDV 06,7,2.0,3.49,6.98,Cartão Débito,5102,0.18,1.26
12603,2026-06-19 13:00:40,PDV 01,7,3.0,3.49,10.47,Cartão Crédito,5102,0.18,1.88
12604,2026-06-20 20:40:38,PDV 04,7,6.0,3.49,20.94,Cartão Débito,5102,0.18,3.77
12605,2026-06-21 12:52:07,PDV 05,7,1.0,3.49,3.49,Cartão Crédito,5102,0.18,0.63
12606,2026-06-21 15:09:04,PDV 06,7,1.0,3.49,3.49,Cartão Débito,5102,0.18,0.63
12607,2026-06-21 12:02:24,PDV 03,7,1.0,3.49,3.49,Cartão Débito,5102,0.18,0.63
12608,2026-06-21 15:27:37,PDV 02,7,1.0,3.49,3.49,PIX,5102,0.18,0.63
12609,2026-06-22 20:31:48,PDV 03,7,1.0,3.49,3.49,Cartão Débito,5102,0.18,0.63
12610,2026-06-22 09:05:46,PDV 05,7,1.0,3.49,3.49,Dinheiro,5102,0.18,0.63
12611,2026-06-22 13:15:55,PDV 06,7,1.0,3.49,3.49,Cartão Crédito,5102,0.18,0.63
12612,2026-06-23 14:26:03,PDV 06,7,1.0,3.49,3.49,Cartão Débito,5102,0.18,0.63
12613,2026-06-23 20:17:53,PDV 06,7,1.0,3.49,3.49,Cartão Crédito,5102,0.18,0.63
12614,2026-06-23 12:40:32,PDV 03,7,1.0,3.49,3.49,Cartão Crédito,5102,0.18,0.63
12615,2026-06-24 13:05:00,PDV 01,7,2.0,3.49,6.98,Cartão Crédito,5102,0.18,1.26
12616,2026-06-24 15:15:37,PDV 04,7,1.0,3.49,3.49,Cartão Débito,5102,0.18,0.63
12617,2026-06-25 18:17:06,PDV 06,7,1.0,3.49,3.49,Cartão Crédito,5102,0.18,0.63
12618,2026-06-25 17:53:36,PDV 04,7,1.0,3.49,3.49,Cartão Crédito,5102,0.18,0.63
12619,2026-06-25 18:24:02,PDV 05,7,1.0,3.49,3.49,Cartão Débito,5102,0.18,0.63
12620,2026-06-25 20:41:06,PDV 05,7,1.0,3.49,3.49,Cartão Débito,5102,0.18,0.63
12621,2026-06-26 13:37:43,PDV 06,7,2.0,3.49,6.98,Dinheiro,5102,0.18,1.26
12622,2026-06-26 14:52:25,PDV 06,7,3.0,3.49,10.47,Cartão Crédito,5102,0.18,1.88
12623,2026-06-27 18:50:28,PDV 04,7,2.0,3.49,6.98,Cartão Crédito,5102,0.18,1.26
12624,2026-06-27 16:02:25,PDV 06,7,2.0,3.49,6.98,Cartão Crédito,5102,0.18,1.26
12625,2026-06-27 14:42:58,PDV 01,7,1.0,3.49,3.49,Cartão Débito,5102,0.18,0.63
12626,2026-06-28 08:40:21,PDV 01,7,2.0,3.49,6.98,Cartão Débito,5102,0.18,1.26
12627,2026-06-28 14:51:01,PDV 06,7,2.0,3.49,6.98,Cartão Crédito,5102,0.18,1.26
12628,2026-06-29 13:52:43,PDV 03,7,2.0,3.49,6.98,Cartão Débito,5102,0.18,1.26
12629,2026-06-29 11:17:28,PDV 01,7,2.0,3.49,6.98,Cartão Débito,5102,0.18,1.26
12630,2026-06-29 19:40:16,PDV 02,7,3.0,3.49,10.47,Cartão Débito,5102,0.18,1.88
12631,2026-04-01 16:22:04,PDV 06,16,1.2,5.99,7.19,Cartão Débito,5102,0.18,1.29
12632,2026-04-01 19:15:50,PDV 05,16,1.2,5.99,7.19,Cartão Crédito,5102,0.18,1.29
12633,2026-04-02 20:32:45,PDV 04,16,3.0,5.99,17.97,Cartão Crédito,5102,0.18,3.23
12634,2026-04-03 20:52:38,PDV 02,16,3.5,5.99,20.96,Cartão Crédito,5102,0.18,3.77
12635,2026-04-04 19:41:35,PDV 02,16,1.2,5.99,7.19,Cartão Crédito,5102,0.18,1.29
12636,2026-04-04 17:53:03,PDV 04,16,1.2,5.99,7.19,Cartão Crédito,5102,0.18,1.29
12637,2026-04-04 15:37:27,PDV 01,16,1.2,5.99,7.19,Dinheiro,5102,0.18,1.29
12638,2026-04-05 08:35:28,PDV 05,16,2.8,5.99,16.77,Cartão Crédito,5102,0.18,3.02
12639,2026-04-06 15:55:45,PDV 02,16,1.2,5.99,7.19,Cartão Débito,5102,0.18,1.29
12640,2026-04-06 13:04:46,PDV 03,16,1.2,5.99,7.19,Cartão Crédito,5102,0.18,1.29
12641,2026-04-07 19:38:31,PDV 04,16,2.4,5.99,14.38,Cartão Crédito,5102,0.18,2.59
12642,2026-04-08 14:13:42,PDV 04,16,2.4,5.99,14.38,Cartão Débito,5102,0.18,2.59
12643,2026-04-09 13:14:36,PDV 05,16,1.4,5.99,8.39,Dinheiro,5102,0.18,1.51
12644,2026-04-09 10:49:34,PDV 06,16,1.4,5.99,8.39,Cartão Crédito,5102,0.18,1.51
12645,2026-04-10 17:03:45,PDV 03,16,3.9,5.99,23.36,Cartão Crédito,5102,0.18,4.2
12646,2026-04-11 17:04:33,PDV 04,16,3.2,5.99,19.17,Cartão Crédito,5102,0.18,3.45
12647,2026-04-12 11:38:49,PDV 02,16,2.6,5.99,15.57,PIX,5102,0.18,2.8
12648,2026-04-13 08:41:59,PDV 04,16,1.6,5.99,9.58,Cartão Crédito,5102,0.18,1.72
12649,2026-04-14 13:05:06,PDV 04,16,1.9,5.99,11.38,Cartão Crédito,5102,0.18,2.05
12650,2026-04-15 18:24:51,PDV 04,16,1.5,5.99,8.98,Cartão Débito,5102,0.18,1.62
12651,2026-04-16 10:54:21,PDV 02,16,1.2,5.99,7.19,Cartão Débito,5102,0.18,1.29
12652,2026-04-16 13:11:45,PDV 04,16,1.3,5.99,7.79,PIX,5102,0.18,1.4
12653,2026-04-17 09:11:16,PDV 04,16,1.6,5.99,9.58,Cartão Débito,5102,0.18,1.72
12654,2026-04-17 13:41:40,PDV 01,16,1.5,5.99,8.98,Cartão Débito,5102,0.18,1.62
12655,2026-04-18 16:16:01,PDV 05,16,2.8,5.99,16.77,Cartão Débito,5102,0.18,3.02
12656,2026-04-19 18:23:06,PDV 02,16,2.4,5.99,14.38,Cartão Débito,5102,0.18,2.59
12657,2026-04-20 16:00:00,PDV 03,16,1.6,5.99,9.58,Cartão Débito,5102,0.18,1.72
12658,2026-04-21 08:51:57,PDV 05,16,1.7,5.99,10.18,Cartão Crédito,5102,0.18,1.83
12659,2026-04-22 09:11:12,PDV 06,16,1.6,5.99,9.58,Cartão Crédito,5102,0.18,1.72
12660,2026-04-23 16:13:22,PDV 01,16,2.5,5.99,14.98,PIX,5102,0.18,2.7
12661,2026-04-24 17:23:36,PDV 02,16,2.9,5.99,17.37,PIX,5102,0.18,3.13
12662,2026-04-25 20:11:32,PDV 02,16,1.1,5.99,6.59,PIX,5102,0.18,1.19
12663,2026-04-25 15:01:39,PDV 01,16,1.1,5.99,6.59,Dinheiro,5102,0.18,1.19
12664,2026-04-25 20:07:51,PDV 03,16,1.1,5.99,6.59,Dinheiro,5102,0.18,1.19
12665,2026-04-26 13:43:11,PDV 05,16,2.7,5.99,16.17,Cartão Crédito,5102,0.18,2.91
12666,2026-04-27 09:31:12,PDV 05,16,1.9,5.99,11.38,Cartão Débito,5102,0.18,2.05
12667,2026-04-28 17:58:21,PDV 04,16,2.0,5.99,11.98,Dinheiro,5102,0.18,2.16
12668,2026-04-29 16:53:24,PDV 04,16,1.7,5.99,10.18,Dinheiro,5102,0.18,1.83
12669,2026-04-30 13:15:23,PDV 02,16,2.1,5.99,12.58,Cartão Débito,5102,0.18,2.26
12670,2026-05-01 11:50:25,PDV 01,16,1.9,5.99,11.38,Cartão Débito,5102,0.18,2.05
12671,2026-05-01 15:51:53,PDV 06,16,1.9,5.99,11.38,Cartão Crédito,5102,0.18,2.05
12672,2026-05-02 16:05:42,PDV 06,16,4.2,5.99,25.16,Cartão Débito,5102,0.18,4.53
12673,2026-05-03 17:36:44,PDV 05,16,1.0,5.99,5.99,Cartão Crédito,5102,0.18,1.08
12674,2026-05-03 20:34:41,PDV 02,16,1.1,5.99,6.59,Cartão Débito,5102,0.18,1.19
12675,2026-05-03 10:28:48,PDV 02,16,1.0,5.99,5.99,Cartão Débito,5102,0.18,1.08
12676,2026-05-04 14:27:24,PDV 01,16,1.1,5.99,6.59,Cartão Crédito,5102,0.18,1.19
12677,2026-05-04 15:06:20,PDV 05,16,1.1,5.99,6.59,Cartão Crédito,5102,0.18,1.19
12678,2026-05-05 12:31:50,PDV 03,16,1.2,5.99,7.19,PIX,5102,0.18,1.29
12679,2026-05-05 19:03:33,PDV 01,16,1.2,5.99,7.19,Cartão Débito,5102,0.18,1.29
12680,2026-05-06 12:57:37,PDV 06,16,2.2,5.99,13.18,Dinheiro,5102,0.18,2.37
12681,2026-05-07 18:20:47,PDV 01,16,2.9,5.99,17.37,Cartão Crédito,5102,0.18,3.13
12682,2026-05-08 12:24:12,PDV 03,16,4.0,5.99,23.96,Dinheiro,5102,0.18,4.31
12683,2026-05-09 18:55:27,PDV 06,16,3.4,5.99,20.37,Cartão Crédito,5102,0.18,3.67
12684,2026-05-10 16:23:43,PDV 06,16,2.6,5.99,15.57,Cartão Débito,5102,0.18,2.8
12685,2026-05-11 11:06:29,PDV 02,16,1.8,5.99,10.78,PIX,5102,0.18,1.94
12686,2026-05-12 19:20:04,PDV 06,16,2.0,5.99,11.98,Cartão Débito,5102,0.18,2.16
12687,2026-05-13 11:36:40,PDV 05,16,1.7,5.99,10.18,Cartão Débito,5102,0.18,1.83
12688,2026-05-14 11:57:44,PDV 01,16,1.1,5.99,6.59,Dinheiro,5102,0.18,1.19
12689,2026-05-14 08:57:15,PDV 06,16,1.1,5.99,6.59,PIX,5102,0.18,1.19
12690,2026-05-15 10:24:52,PDV 02,16,1.6,5.99,9.58,Cartão Débito,5102,0.18,1.72
12691,2026-05-15 14:02:09,PDV 02,16,1.6,5.99,9.58,Cartão Crédito,5102,0.18,1.72
12692,2026-05-16 18:16:56,PDV 04,16,1.0,5.99,5.99,Cartão Crédito,5102,0.18,1.08
12693,2026-05-16 19:55:57,PDV 06,16,1.0,5.99,5.99,Cartão Débito,5102,0.18,1.08
12694,2026-05-16 18:47:58,PDV 03,16,1.0,5.99,5.99,Cartão Crédito,5102,0.18,1.08
12695,2026-05-17 14:52:26,PDV 04,16,2.3,5.99,13.78,Cartão Débito,5102,0.18,2.48
12696,2026-05-18 11:52:49,PDV 04,16,2.0,5.99,11.98,Cartão Débito,5102,0.18,2.16
12697,2026-05-19 08:40:44,PDV 04,16,1.5,5.99,8.98,Cartão Débito,5102,0.18,1.62
12698,2026-05-20 20:28:08,PDV 06,16,2.0,5.99,11.98,Cartão Crédito,5102,0.18,2.16
12699,2026-05-21 18:07:07,PDV 02,16,2.6,5.99,15.57,Dinheiro,5102,0.18,2.8
12700,2026-05-22 09:11:34,PDV 03,16,1.6,5.99,9.58,Cartão Débito,5102,0.18,1.72
12701,2026-05-22 19:16:43,PDV 06,16,1.7,5.99,10.18,Dinheiro,5102,0.18,1.83
12702,2026-05-23 12:34:18,PDV 03,16,1.4,5.99,8.39,PIX,5102,0.18,1.51
12703,2026-05-23 12:06:48,PDV 01,16,1.4,5.99,8.39,Cartão Débito,5102,0.18,1.51
12704,2026-05-24 09:35:54,PDV 04,16,2.4,5.99,14.38,Cartão Débito,5102,0.18,2.59
12705,2026-05-25 16:02:30,PDV 04,16,1.5,5.99,8.98,Cartão Débito,5102,0.18,1.62
12706,2026-05-26 11:02:53,PDV 04,16,2.0,5.99,11.98,Cartão Débito,5102,0.18,2.16
12707,2026-05-27 20:44:51,PDV 01,16,1.7,5.99,10.18,Cartão Débito,5102,0.18,1.83
12708,2026-05-28 17:23:28,PDV 06,16,2.0,5.99,11.98,Cartão Débito,5102,0.18,2.16
12709,2026-05-29 20:02:42,PDV 05,16,1.0,5.99,5.99,PIX,5102,0.18,1.08
12710,2026-05-29 11:49:13,PDV 06,16,1.0,5.99,5.99,Cartão Débito,5102,0.18,1.08
12711,2026-05-29 17:00:09,PDV 03,16,1.0,5.99,5.99,PIX,5102,0.18,1.08
12712,2026-05-30 10:22:29,PDV 02,16,1.6,5.99,9.58,Dinheiro,5102,0.18,1.72
12713,2026-05-30 08:25:24,PDV 02,16,1.5,5.99,8.98,Dinheiro,5102,0.18,1.62
12714,2026-05-31 11:11:40,PDV 02,16,2.2,5.99,13.18,Cartão Débito,5102,0.18,2.37
12715,2026-06-01 08:55:28,PDV 01,16,1.1,5.99,6.59,PIX,5102,0.18,1.19
12716,2026-06-01 17:33:18,PDV 05,16,1.1,5.99,6.59,Cartão Débito,5102,0.18,1.19
12717,2026-06-02 08:07:43,PDV 01,16,1.2,5.99,7.19,Cartão Crédito,5102,0.18,1.29
12718,2026-06-02 16:01:39,PDV 06,16,1.2,5.99,7.19,Cartão Débito,5102,0.18,1.29
12719,2026-06-03 13:02:09,PDV 01,16,1.2,5.99,7.19,Cartão Crédito,5102,0.18,1.29
12720,2026-06-03 08:24:00,PDV 05,16,1.3,5.99,7.79,Cartão Débito,5102,0.18,1.4
12721,2026-06-04 20:36:07,PDV 02,16,1.4,5.99,8.39,PIX,5102,0.18,1.51
12722,2026-06-04 08:36:34,PDV 01,16,1.3,5.99,7.79,Cartão Débito,5102,0.18,1.4
12723,2026-06-05 17:41:24,PDV 03,16,1.7,5.99,10.18,Cartão Crédito,5102,0.18,1.83
12724,2026-06-05 14:28:58,PDV 06,16,1.7,5.99,10.18,Cartão Débito,5102,0.18,1.83
12725,2026-06-06 17:16:22,PDV 06,16,1.9,5.99,11.38,Cartão Crédito,5102,0.18,2.05
12726,2026-06-06 10:29:34,PDV 03,16,2.0,5.99,11.98,Cartão Débito,5102,0.18,2.16
12727,2026-06-07 18:46:11,PDV 04,16,1.4,5.99,8.39,Dinheiro,5102,0.18,1.51
12728,2026-06-07 10:23:47,PDV 01,16,1.3,5.99,7.79,Cartão Crédito,5102,0.18,1.4
12729,2026-06-08 12:09:02,PDV 04,16,1.9,5.99,11.38,Cartão Crédito,5102,0.18,2.05
12730,2026-06-09 16:54:14,PDV 04,16,2.0,5.99,11.98,Cartão Débito,5102,0.18,2.16
12731,2026-06-10 18:22:13,PDV 04,16,1.9,5.99,11.38,Cartão Crédito,5102,0.18,2.05
12732,2026-06-11 15:46:28,PDV 04,16,1.2,5.99,7.19,Dinheiro,5102,0.18,1.29
12733,2026-06-11 15:23:21,PDV 03,16,1.3,5.99,7.79,Cartão Crédito,5102,0.18,1.4
12734,2026-06-12 19:33:13,PDV 02,16,3.3,5.99,19.77,Cartão Débito,5102,0.18,3.56
12735,2026-06-13 17:12:55,PDV 06,16,2.9,5.99,17.37,Cartão Crédito,5102,0.18,3.13
12736,2026-06-14 15:35:55,PDV 04,16,1.2,5.99,7.19,Cartão Débito,5102,0.18,1.29
12737,2026-06-14 12:13:25,PDV 02,16,1.2,5.99,7.19,Cartão Crédito,5102,0.18,1.29
12738,2026-06-15 16:41:28,PDV 03,16,1.8,5.99,10.78,Dinheiro,5102,0.18,1.94
12739,2026-06-16 20:55:39,PDV 04,16,1.7,5.99,10.18,Cartão Débito,5102,0.18,1.83
12740,2026-06-17 11:21:35,PDV 02,16,1.9,5.99,11.38,Cartão Crédito,5102,0.18,2.05
12741,2026-06-18 10:28:01,PDV 06,16,1.2,5.99,7.19,Cartão Débito,5102,0.18,1.29
12742,2026-06-18 17:42:11,PDV 03,16,1.2,5.99,7.19,Dinheiro,5102,0.18,1.29
12743,2026-06-19 17:49:09,PDV 06,16,1.0,5.99,5.99,Cartão Crédito,5102,0.18,1.08
12744,2026-06-19 20:51:12,PDV 02,16,1.1,5.99,6.59,Cartão Crédito,5102,0.18,1.19
12745,2026-06-19 15:15:55,PDV 06,16,1.0,5.99,5.99,Cartão Débito,5102,0.18,1.08
12746,2026-06-20 13:39:59,PDV 05,16,1.6,5.99,9.58,Cartão Crédito,5102,0.18,1.72
12747,2026-06-20 18:56:02,PDV 06,16,1.7,5.99,10.18,Cartão Débito,5102,0.18,1.83
12748,2026-06-21 09:01:00,PDV 01,16,2.7,5.99,16.17,Cartão Débito,5102,0.18,2.91
12749,2026-06-22 09:20:59,PDV 03,16,1.9,5.99,11.38,Cartão Débito,5102,0.18,2.05
12750,2026-06-23 10:13:19,PDV 01,16,1.9,5.99,11.38,Cartão Débito,5102,0.18,2.05
12751,2026-06-24 13:37:57,PDV 04,16,2.0,5.99,11.98,Cartão Crédito,5102,0.18,2.16
12752,2026-06-25 12:19:06,PDV 05,16,2.6,5.99,15.57,Cartão Débito,5102,0.18,2.8
12753,2026-06-26 10:26:07,PDV 05,16,2.8,5.99,16.77,Dinheiro,5102,0.18,3.02
12754,2026-06-27 10:35:35,PDV 06,16,1.4,5.99,8.39,Cartão Crédito,5102,0.18,1.51
12755,2026-06-27 12:44:54,PDV 02,16,1.5,5.99,8.98,Dinheiro,5102,0.18,1.62
12756,2026-06-28 15:06:48,PDV 01,16,2.7,5.99,16.17,Cartão Débito,5102,0.18,2.91
12757,2026-06-29 15:24:30,PDV 02,16,1.3,5.99,7.79,PIX,5102,0.18,1.4
12758,2026-06-29 17:44:52,PDV 03,16,1.4,5.99,8.39,Dinheiro,5102,0.18,1.51
12759,2026-04-01 18:55:21,PDV 06,17,1.2,8.99,10.79,Cartão Débito,5102,0.18,1.94
12760,2026-04-01 09:03:45,PDV 02,17,1.3,8.99,11.69,Cartão Débito,5102,0.18,2.1
12761,2026-04-02 09:11:05,PDV 06,17,1.0,8.99,8.99,Dinheiro,5102,0.18,1.62
12762,2026-04-02 08:27:50,PDV 06,17,1.0,8.99,8.99,Cartão Débito,5102,0.18,1.62
12763,2026-04-02 08:45:05,PDV 04,17,1.0,8.99,8.99,Cartão Débito,5102,0.18,1.62
12764,2026-04-03 15:52:12,PDV 06,17,2.4,8.99,21.58,Dinheiro,5102,0.18,3.88
12765,2026-04-03 17:45:11,PDV 04,17,2.3,8.99,20.68,Cartão Débito,5102,0.18,3.72
12766,2026-04-04 15:11:32,PDV 01,17,4.8,8.99,43.15,Cartão Débito,5102,0.18,7.77
12767,2026-04-05 12:09:56,PDV 05,17,3.8,8.99,34.16,Cartão Crédito,5102,0.18,6.15
12768,2026-04-06 19:07:44,PDV 01,17,2.5,8.99,22.48,Cartão Débito,5102,0.18,4.05
12769,2026-04-07 20:14:10,PDV 04,17,1.4,8.99,12.59,Cartão Crédito,5102,0.18,2.27
12770,2026-04-07 17:18:38,PDV 04,17,1.3,8.99,11.69,Cartão Crédito,5102,0.18,2.1
12771,2026-04-08 11:27:16,PDV 03,17,1.4,8.99,12.59,Cartão Crédito,5102,0.18,2.27
12772,2026-04-08 16:00:41,PDV 06,17,1.4,8.99,12.59,Cartão Débito,5102,0.18,2.27
12773,2026-04-09 09:03:04,PDV 04,17,3.7,8.99,33.26,Cartão Débito,5102,0.18,5.99
12774,2026-04-10 08:39:48,PDV 04,17,1.2,8.99,10.79,Cartão Débito,5102,0.18,1.94
12775,2026-04-10 20:57:45,PDV 04,17,1.2,8.99,10.79,Cartão Débito,5102,0.18,1.94
12776,2026-04-10 19:43:05,PDV 03,17,1.3,8.99,11.69,Cartão Crédito,5102,0.18,2.1
12777,2026-04-11 19:43:38,PDV 06,17,1.5,8.99,13.48,Dinheiro,5102,0.18,2.43
12778,2026-04-11 17:16:46,PDV 03,17,1.5,8.99,13.48,Cartão Crédito,5102,0.18,2.43
12779,2026-04-12 13:31:19,PDV 04,17,1.2,8.99,10.79,Cartão Débito,5102,0.18,1.94
12780,2026-04-12 19:12:14,PDV 05,17,1.3,8.99,11.69,Cartão Débito,5102,0.18,2.1
12781,2026-04-13 19:22:26,PDV 04,17,1.9,8.99,17.08,PIX,5102,0.18,3.07
12782,2026-04-14 13:59:50,PDV 04,17,1.8,8.99,16.18,Cartão Crédito,5102,0.18,2.91
12783,2026-04-15 15:09:09,PDV 06,17,1.1,8.99,9.89,PIX,5102,0.18,1.78
12784,2026-04-15 14:01:55,PDV 02,17,1.2,8.99,10.79,PIX,5102,0.18,1.94
12785,2026-04-16 18:09:25,PDV 03,17,1.4,8.99,12.59,Cartão Débito,5102,0.18,2.27
12786,2026-04-16 20:52:42,PDV 02,17,1.5,8.99,13.48,Cartão Débito,5102,0.18,2.43
12787,2026-04-17 11:06:01,PDV 04,17,3.5,8.99,31.46,Cartão Crédito,5102,0.18,5.66
12788,2026-04-18 13:12:01,PDV 04,17,1.9,8.99,17.08,Cartão Débito,5102,0.18,3.07
12789,2026-04-18 12:53:54,PDV 05,17,1.9,8.99,17.08,Cartão Débito,5102,0.18,3.07
12790,2026-04-19 15:38:46,PDV 04,17,2.5,8.99,22.48,Cartão Crédito,5102,0.18,4.05
12791,2026-04-20 15:42:03,PDV 03,17,2.1,8.99,18.88,Dinheiro,5102,0.18,3.4
12792,2026-04-21 13:45:30,PDV 05,17,2.2,8.99,19.78,Cartão Débito,5102,0.18,3.56
12793,2026-04-22 11:33:31,PDV 02,17,1.7,8.99,15.28,Cartão Crédito,5102,0.18,2.75
12794,2026-04-23 12:40:10,PDV 03,17,2.7,8.99,24.27,Cartão Crédito,5102,0.18,4.37
12795,2026-04-24 17:27:39,PDV 01,17,1.2,8.99,10.79,Cartão Crédito,5102,0.18,1.94
12796,2026-04-24 16:18:21,PDV 06,17,1.2,8.99,10.79,Cartão Débito,5102,0.18,1.94
12797,2026-04-24 19:55:08,PDV 03,17,1.3,8.99,11.69,Cartão Crédito,5102,0.18,2.1
12798,2026-04-25 09:01:28,PDV 03,17,1.4,8.99,12.59,Cartão Crédito,5102,0.18,2.27
12799,2026-04-25 11:20:44,PDV 02,17,1.5,8.99,13.48,Dinheiro,5102,0.18,2.43
12800,2026-04-26 18:58:57,PDV 04,17,1.5,8.99,13.48,PIX,5102,0.18,2.43
12801,2026-04-26 16:21:36,PDV 03,17,1.5,8.99,13.48,Cartão Crédito,5102,0.18,2.43
12802,2026-04-27 10:20:50,PDV 06,17,1.9,8.99,17.08,Cartão Crédito,5102,0.18,3.07
12803,2026-04-28 11:45:37,PDV 05,17,1.8,8.99,16.18,Cartão Débito,5102,0.18,2.91
12804,2026-04-29 15:36:30,PDV 01,17,2.2,8.99,19.78,Cartão Débito,5102,0.18,3.56
12805,2026-04-30 14:48:09,PDV 05,17,2.4,8.99,21.58,Cartão Débito,5102,0.18,3.88
12806,2026-05-01 15:29:38,PDV 06,17,1.3,8.99,11.69,Cartão Débito,5102,0.18,2.1
12807,2026-05-01 15:24:49,PDV 02,17,1.3,8.99,11.69,PIX,5102,0.18,2.1
12808,2026-05-01 12:45:09,PDV 03,17,1.3,8.99,11.69,PIX,5102,0.18,2.1
12809,2026-05-02 15:15:14,PDV 06,17,4.2,8.99,37.76,Cartão Débito,5102,0.18,6.8
12810,2026-05-03 17:30:35,PDV 02,17,1.9,8.99,17.08,PIX,5102,0.18,3.07
12811,2026-05-03 13:31:20,PDV 05,17,1.8,8.99,16.18,PIX,5102,0.18,2.91
12812,2026-05-04 20:41:12,PDV 05,17,2.5,8.99,22.48,Cartão Crédito,5102,0.18,4.05
12813,2026-05-05 19:03:47,PDV 02,17,1.4,8.99,12.59,Cartão Crédito,5102,0.18,2.27
12814,2026-05-05 16:18:15,PDV 04,17,1.4,8.99,12.59,Cartão Crédito,5102,0.18,2.27
12815,2026-05-06 12:16:13,PDV 02,17,2.1,8.99,18.88,Cartão Débito,5102,0.18,3.4
12816,2026-05-07 18:41:48,PDV 04,17,3.1,8.99,27.87,Cartão Débito,5102,0.18,5.02
12817,2026-05-08 20:58:09,PDV 04,17,1.0,8.99,8.99,Cartão Crédito,5102,0.18,1.62
12818,2026-05-08 16:10:38,PDV 04,17,1.0,8.99,8.99,PIX,5102,0.18,1.62
12819,2026-05-08 09:59:17,PDV 04,17,1.0,8.99,8.99,Cartão Débito,5102,0.18,1.62
12820,2026-05-08 19:38:29,PDV 03,17,1.0,8.99,8.99,Cartão Débito,5102,0.18,1.62
12821,2026-05-09 13:01:07,PDV 01,17,2.0,8.99,17.98,PIX,5102,0.18,3.24
12822,2026-05-09 16:30:23,PDV 02,17,2.1,8.99,18.88,Cartão Débito,5102,0.18,3.4
12823,2026-05-10 14:35:01,PDV 06,17,1.1,8.99,9.89,Cartão Crédito,5102,0.18,1.78
12824,2026-05-10 13:25:11,PDV 03,17,1.1,8.99,9.89,Cartão Crédito,5102,0.18,1.78
12825,2026-05-10 20:02:41,PDV 03,17,1.1,8.99,9.89,Cartão Débito,5102,0.18,1.78
12826,2026-05-11 20:36:02,PDV 05,17,1.7,8.99,15.28,Cartão Débito,5102,0.18,2.75
12827,2026-05-12 15:04:59,PDV 01,17,2.1,8.99,18.88,Cartão Débito,5102,0.18,3.4
12828,2026-05-13 16:10:45,PDV 02,17,2.1,8.99,18.88,Cartão Débito,5102,0.18,3.4
12829,2026-05-14 13:21:05,PDV 04,17,1.3,8.99,11.69,Cartão Débito,5102,0.18,2.1
12830,2026-05-14 09:31:25,PDV 05,17,1.3,8.99,11.69,Cartão Débito,5102,0.18,2.1
12831,2026-05-15 18:50:25,PDV 06,17,1.4,8.99,12.59,Cartão Débito,5102,0.18,2.27
12832,2026-05-15 09:52:13,PDV 04,17,1.5,8.99,13.48,Cartão Débito,5102,0.18,2.43
12833,2026-05-16 11:15:03,PDV 06,17,1.7,8.99,15.28,Cartão Crédito,5102,0.18,2.75
12834,2026-05-16 08:03:41,PDV 06,17,1.7,8.99,15.28,Cartão Débito,5102,0.18,2.75
12835,2026-05-17 08:14:48,PDV 02,17,2.4,8.99,21.58,Dinheiro,5102,0.18,3.88
12836,2026-05-18 16:20:20,PDV 04,17,2.3,8.99,20.68,PIX,5102,0.18,3.72
12837,2026-05-19 18:25:01,PDV 05,17,2.0,8.99,17.98,PIX,5102,0.18,3.24
12838,2026-05-20 08:42:45,PDV 06,17,1.1,8.99,9.89,Cartão Crédito,5102,0.18,1.78
12839,2026-05-20 09:02:12,PDV 05,17,1.0,8.99,8.99,Cartão Débito,5102,0.18,1.62
12840,2026-05-21 17:31:00,PDV 03,17,2.3,8.99,20.68,Cartão Crédito,5102,0.18,3.72
12841,2026-05-22 13:32:57,PDV 02,17,1.1,8.99,9.89,Cartão Débito,5102,0.18,1.78
12842,2026-05-22 10:34:00,PDV 06,17,1.1,8.99,9.89,Cartão Crédito,5102,0.18,1.78
12843,2026-05-22 12:17:35,PDV 03,17,1.0,8.99,8.99,Cartão Crédito,5102,0.18,1.62
12844,2026-05-23 11:48:38,PDV 03,17,3.8,8.99,34.16,Cartão Débito,5102,0.18,6.15
12845,2026-05-24 12:25:07,PDV 06,17,1.3,8.99,11.69,Cartão Débito,5102,0.18,2.1
12846,2026-05-24 08:28:38,PDV 06,17,1.3,8.99,11.69,Cartão Crédito,5102,0.18,2.1
12847,2026-05-25 20:25:13,PDV 02,17,1.7,8.99,15.28,Cartão Débito,5102,0.18,2.75
12848,2026-05-26 20:06:47,PDV 02,17,1.1,8.99,9.89,Cartão Débito,5102,0.18,1.78
12849,2026-05-26 17:47:47,PDV 03,17,1.0,8.99,8.99,PIX,5102,0.18,1.62
12850,2026-05-27 17:52:19,PDV 03,17,2.1,8.99,18.88,Cartão Crédito,5102,0.18,3.4
12851,2026-05-28 17:56:56,PDV 03,17,2.5,8.99,22.48,Cartão Débito,5102,0.18,4.05
12852,2026-05-29 12:00:13,PDV 02,17,3.7,8.99,33.26,PIX,5102,0.18,5.99
12853,2026-05-30 15:46:24,PDV 06,17,3.7,8.99,33.26,Cartão Débito,5102,0.18,5.99
12854,2026-05-31 17:48:10,PDV 04,17,1.4,8.99,12.59,Cartão Crédito,5102,0.18,2.27
12855,2026-05-31 17:18:50,PDV 06,17,1.5,8.99,13.48,PIX,5102,0.18,2.43
12856,2026-06-01 09:39:06,PDV 01,17,2.4,8.99,21.58,PIX,5102,0.18,3.88
12857,2026-06-02 08:17:59,PDV 01,17,2.3,8.99,20.68,Cartão Débito,5102,0.18,3.72
12858,2026-06-03 19:36:10,PDV 01,17,1.4,8.99,12.59,Cartão Débito,5102,0.18,2.27
12859,2026-06-03 11:41:12,PDV 04,17,1.4,8.99,12.59,Cartão Crédito,5102,0.18,2.27
12860,2026-06-04 09:17:26,PDV 06,17,1.8,8.99,16.18,Cartão Débito,5102,0.18,2.91
12861,2026-06-04 20:02:57,PDV 01,17,1.8,8.99,16.18,Cartão Débito,5102,0.18,2.91
12862,2026-06-05 15:59:59,PDV 02,17,1.4,8.99,12.59,Cartão Débito,5102,0.18,2.27
12863,2026-06-05 18:47:43,PDV 01,17,1.4,8.99,12.59,PIX,5102,0.18,2.27
12864,2026-06-05 15:11:00,PDV 01,17,1.5,8.99,13.48,Cartão Débito,5102,0.18,2.43
12865,2026-06-06 15:55:56,PDV 05,17,2.1,8.99,18.88,Cartão Crédito,5102,0.18,3.4
12866,2026-06-06 12:17:01,PDV 06,17,2.1,8.99,18.88,Cartão Crédito,5102,0.18,3.4
12867,2026-06-07 19:44:09,PDV 02,17,3.1,8.99,27.87,Cartão Débito,5102,0.18,5.02
12868,2026-06-08 08:02:31,PDV 04,17,1.4,8.99,12.59,PIX,5102,0.18,2.27
12869,2026-06-08 14:11:00,PDV 05,17,1.4,8.99,12.59,PIX,5102,0.18,2.27
12870,2026-06-09 20:56:17,PDV 06,17,2.8,8.99,25.17,Cartão Débito,5102,0.18,4.53
12871,2026-06-10 11:51:17,PDV 01,17,1.1,8.99,9.89,Cartão Crédito,5102,0.18,1.78
12872,2026-06-10 11:15:44,PDV 04,17,1.1,8.99,9.89,PIX,5102,0.18,1.78
12873,2026-06-11 17:53:54,PDV 04,17,2.8,8.99,25.17,Cartão Crédito,5102,0.18,4.53
12874,2026-06-12 15:50:14,PDV 06,17,1.1,8.99,9.89,PIX,5102,0.18,1.78
12875,2026-06-12 08:18:23,PDV 01,17,1.1,8.99,9.89,Cartão Crédito,5102,0.18,1.78
12876,2026-06-12 15:52:30,PDV 05,17,1.0,8.99,8.99,Cartão Débito,5102,0.18,1.62
12877,2026-06-13 13:46:35,PDV 05,17,1.1,8.99,9.89,Cartão Débito,5102,0.18,1.78
12878,2026-06-13 19:40:22,PDV 04,17,1.1,8.99,9.89,Cartão Débito,5102,0.18,1.78
12879,2026-06-13 14:23:29,PDV 03,17,1.2,8.99,10.79,PIX,5102,0.18,1.94
12880,2026-06-14 18:48:56,PDV 04,17,2.4,8.99,21.58,Cartão Crédito,5102,0.18,3.88
12881,2026-06-15 13:27:05,PDV 05,17,1.1,8.99,9.89,Cartão Débito,5102,0.18,1.78
12882,2026-06-15 10:21:59,PDV 03,17,1.1,8.99,9.89,Cartão Crédito,5102,0.18,1.78
12883,2026-06-16 20:34:55,PDV 06,17,1.1,8.99,9.89,Cartão Débito,5102,0.18,1.78
12884,2026-06-16 08:21:32,PDV 06,17,1.1,8.99,9.89,Cartão Débito,5102,0.18,1.78
12885,2026-06-17 13:34:40,PDV 06,17,1.7,8.99,15.28,Cartão Débito,5102,0.18,2.75
12886,2026-06-18 20:13:52,PDV 06,17,2.3,8.99,20.68,Cartão Débito,5102,0.18,3.72
12887,2026-06-19 09:32:34,PDV 01,17,1.6,8.99,14.38,Cartão Crédito,5102,0.18,2.59
12888,2026-06-19 17:00:16,PDV 05,17,1.6,8.99,14.38,Cartão Crédito,5102,0.18,2.59
12889,2026-06-20 19:14:43,PDV 06,17,3.0,8.99,26.97,PIX,5102,0.18,4.85
12890,2026-06-21 09:20:46,PDV 03,17,1.4,8.99,12.59,Cartão Crédito,5102,0.18,2.27
12891,2026-06-21 14:33:42,PDV 04,17,1.5,8.99,13.48,Cartão Débito,5102,0.18,2.43
12892,2026-06-22 19:26:44,PDV 01,17,1.1,8.99,9.89,Cartão Débito,5102,0.18,1.78
12893,2026-06-22 18:29:09,PDV 06,17,1.0,8.99,8.99,PIX,5102,0.18,1.62
12894,2026-06-23 19:00:57,PDV 05,17,2.2,8.99,19.78,PIX,5102,0.18,3.56
12895,2026-06-24 15:09:58,PDV 01,17,1.7,8.99,15.28,Cartão Crédito,5102,0.18,2.75
12896,2026-06-25 11:48:25,PDV 03,17,1.1,8.99,9.89,PIX,5102,0.18,1.78
12897,2026-06-25 16:40:06,PDV 02,17,1.2,8.99,10.79,Cartão Débito,5102,0.18,1.94
12898,2026-06-26 12:07:13,PDV 02,17,3.7,8.99,33.26,PIX,5102,0.18,5.99
12899,2026-06-27 09:04:16,PDV 04,17,1.2,8.99,10.79,Dinheiro,5102,0.18,1.94
12900,2026-06-27 14:22:42,PDV 04,17,1.2,8.99,10.79,Cartão Débito,5102,0.18,1.94
12901,2026-06-27 17:19:21,PDV 04,17,1.3,8.99,11.69,Cartão Débito,5102,0.18,2.1
12902,2026-06-28 14:39:37,PDV 04,17,1.4,8.99,12.59,Cartão Crédito,5102,0.18,2.27
12903,2026-06-28 17:02:43,PDV 04,17,1.4,8.99,12.59,Dinheiro,5102,0.18,2.27
12904,2026-06-29 15:20:22,PDV 01,17,1.7,8.99,15.28,Cartão Débito,5102,0.18,2.75
12905,2026-04-01 15:25:32,PDV 02,18,2.0,7.49,14.98,Dinheiro,5102,0.18,2.7
12906,2026-04-02 09:01:10,PDV 01,18,3.0,7.49,22.47,Cartão Crédito,5102,0.18,4.04
12907,2026-04-03 11:28:42,PDV 05,18,1.2,7.49,8.99,Cartão Débito,5102,0.18,1.62
12908,2026-04-03 12:30:04,PDV 06,18,1.2,7.49,8.99,Cartão Débito,5102,0.18,1.62
12909,2026-04-03 14:07:35,PDV 01,18,1.3,7.49,9.74,Cartão Débito,5102,0.18,1.75
12910,2026-04-04 12:08:47,PDV 06,18,3.7,7.49,27.71,Cartão Débito,5102,0.18,4.99
12911,2026-04-05 08:32:50,PDV 01,18,1.4,7.49,10.49,Cartão Débito,5102,0.18,1.89
12912,2026-04-05 18:17:37,PDV 05,18,1.3,7.49,9.74,Cartão Débito,5102,0.18,1.75
12913,2026-04-06 13:58:15,PDV 04,18,2.1,7.49,15.73,PIX,5102,0.18,2.83
12914,2026-04-07 18:30:30,PDV 04,18,2.2,7.49,16.48,Cartão Débito,5102,0.18,2.97
12915,2026-04-08 14:35:40,PDV 06,18,2.3,7.49,17.23,Cartão Crédito,5102,0.18,3.1
12916,2026-04-09 10:42:08,PDV 05,18,2.9,7.49,21.72,Cartão Débito,5102,0.18,3.91
12917,2026-04-10 15:32:04,PDV 05,18,3.9,7.49,29.21,Cartão Débito,5102,0.18,5.26
12918,2026-04-11 18:23:14,PDV 03,18,1.3,7.49,9.74,Cartão Crédito,5102,0.18,1.75
12919,2026-04-11 20:27:02,PDV 03,18,1.3,7.49,9.74,PIX,5102,0.18,1.75
12920,2026-04-12 11:42:46,PDV 03,18,2.5,7.49,18.73,Cartão Débito,5102,0.18,3.37
12921,2026-04-13 17:53:55,PDV 02,18,1.7,7.49,12.73,Cartão Crédito,5102,0.18,2.29
12922,2026-04-14 10:30:39,PDV 05,18,1.4,7.49,10.49,PIX,5102,0.18,1.89
12923,2026-04-15 18:55:48,PDV 06,18,1.5,7.49,11.23,Cartão Débito,5102,0.18,2.02
12924,2026-04-16 17:33:18,PDV 04,18,1.9,7.49,14.23,PIX,5102,0.18,2.56
12925,2026-04-17 17:01:26,PDV 01,18,1.2,7.49,8.99,Cartão Crédito,5102,0.18,1.62
12926,2026-04-17 19:57:49,PDV 02,18,1.3,7.49,9.74,PIX,5102,0.18,1.75
12927,2026-04-18 13:17:25,PDV 03,18,3.0,7.49,22.47,Cartão Crédito,5102,0.18,4.04
12928,2026-04-19 12:53:34,PDV 05,18,1.1,7.49,8.24,Cartão Débito,5102,0.18,1.48
12929,2026-04-19 12:54:30,PDV 05,18,1.2,7.49,8.99,Cartão Crédito,5102,0.18,1.62
12930,2026-04-20 20:55:53,PDV 06,18,1.4,7.49,10.49,Cartão Crédito,5102,0.18,1.89
12931,2026-04-21 16:59:43,PDV 05,18,1.5,7.49,11.23,Cartão Crédito,5102,0.18,2.02
12932,2026-04-22 20:36:08,PDV 04,18,1.5,7.49,11.23,Cartão Débito,5102,0.18,2.02
12933,2026-04-23 13:34:33,PDV 05,18,1.1,7.49,8.24,Cartão Crédito,5102,0.18,1.48
12934,2026-04-23 12:40:17,PDV 03,18,1.1,7.49,8.24,PIX,5102,0.18,1.48
12935,2026-04-24 13:59:57,PDV 03,18,2.7,7.49,20.22,Dinheiro,5102,0.18,3.64
12936,2026-04-25 13:19:12,PDV 03,18,2.6,7.49,19.47,Cartão Crédito,5102,0.18,3.5
12937,2026-04-26 12:16:38,PDV 04,18,1.1,7.49,8.24,Cartão Crédito,5102,0.18,1.48
12938,2026-04-26 11:49:39,PDV 02,18,1.1,7.49,8.24,PIX,5102,0.18,1.48
12939,2026-04-27 19:18:12,PDV 06,18,1.7,7.49,12.73,Cartão Crédito,5102,0.18,2.29
12940,2026-04-28 19:34:35,PDV 03,18,1.6,7.49,11.98,Cartão Débito,5102,0.18,2.16
12941,2026-04-29 15:37:33,PDV 02,18,1.7,7.49,12.73,Cartão Débito,5102,0.18,2.29
12942,2026-04-30 19:56:18,PDV 06,18,1.9,7.49,14.23,Cartão Débito,5102,0.18,2.56
12943,2026-05-01 20:40:53,PDV 03,18,1.2,7.49,8.99,Cartão Débito,5102,0.18,1.62
12944,2026-05-01 18:51:31,PDV 03,18,1.2,7.49,8.99,Cartão Débito,5102,0.18,1.62
12945,2026-05-01 15:45:17,PDV 05,18,1.2,7.49,8.99,Cartão Crédito,5102,0.18,1.62
12946,2026-05-02 10:16:38,PDV 01,18,1.8,7.49,13.48,Cartão Débito,5102,0.18,2.43
12947,2026-05-02 14:52:35,PDV 04,18,1.7,7.49,12.73,Cartão Débito,5102,0.18,2.29
12948,2026-05-03 20:59:16,PDV 04,18,2.9,7.49,21.72,Cartão Crédito,5102,0.18,3.91
12949,2026-05-04 16:37:52,PDV 03,18,1.7,7.49,12.73,Cartão Crédito,5102,0.18,2.29
12950,2026-05-05 14:12:17,PDV 01,18,2.0,7.49,14.98,Dinheiro,5102,0.18,2.7
12951,2026-05-06 18:31:38,PDV 01,18,1.7,7.49,12.73,Cartão Crédito,5102,0.18,2.29
12952,2026-05-07 13:07:08,PDV 02,18,1.2,7.49,8.99,Cartão Débito,5102,0.18,1.62
12953,2026-05-07 20:51:03,PDV 01,18,1.3,7.49,9.74,PIX,5102,0.18,1.75
12954,2026-05-08 09:35:34,PDV 03,18,1.6,7.49,11.98,Cartão Débito,5102,0.18,2.16
12955,2026-05-08 09:59:47,PDV 06,18,1.6,7.49,11.98,Cartão Crédito,5102,0.18,2.16
12956,2026-05-09 18:36:03,PDV 01,18,3.5,7.49,26.21,Cartão Débito,5102,0.18,4.72
12957,2026-05-10 19:17:18,PDV 04,18,1.0,7.49,7.49,Cartão Débito,5102,0.18,1.35
12958,2026-05-10 11:39:38,PDV 05,18,1.0,7.49,7.49,PIX,5102,0.18,1.35
12959,2026-05-10 16:22:53,PDV 02,18,1.0,7.49,7.49,Cartão Débito,5102,0.18,1.35
12960,2026-05-11 16:37:20,PDV 02,18,1.6,7.49,11.98,Cartão Débito,5102,0.18,2.16
12961,2026-05-12 14:13:34,PDV 05,18,1.7,7.49,12.73,Cartão Débito,5102,0.18,2.29
12962,2026-05-13 10:05:36,PDV 06,18,1.5,7.49,11.23,Cartão Crédito,5102,0.18,2.02
12963,2026-05-14 12:51:31,PDV 01,18,1.9,7.49,14.23,Cartão Débito,5102,0.18,2.56
12964,2026-05-15 11:15:29,PDV 05,18,1.4,7.49,10.49,Cartão Débito,5102,0.18,1.89
12965,2026-05-15 10:58:14,PDV 03,18,1.4,7.49,10.49,Cartão Débito,5102,0.18,1.89
12966,2026-05-16 18:19:27,PDV 05,18,2.5,7.49,18.73,PIX,5102,0.18,3.37
12967,2026-05-17 15:13:14,PDV 01,18,1.1,7.49,8.24,PIX,5102,0.18,1.48
12968,2026-05-17 14:45:28,PDV 04,18,1.0,7.49,7.49,Cartão Débito,5102,0.18,1.35
12969,2026-05-18 14:54:39,PDV 04,18,1.8,7.49,13.48,Cartão Débito,5102,0.18,2.43
12970,2026-05-19 20:17:13,PDV 06,18,1.4,7.49,10.49,Cartão Crédito,5102,0.18,1.89
12971,2026-05-20 20:56:33,PDV 03,18,1.7,7.49,12.73,Cartão Débito,5102,0.18,2.29
12972,2026-05-21 16:39:24,PDV 04,18,1.1,7.49,8.24,Cartão Crédito,5102,0.18,1.48
12973,2026-05-21 13:09:45,PDV 01,18,1.0,7.49,7.49,Cartão Crédito,5102,0.18,1.35
12974,2026-05-22 10:50:25,PDV 02,18,1.4,7.49,10.49,Cartão Débito,5102,0.18,1.89
12975,2026-05-22 13:25:17,PDV 02,18,1.5,7.49,11.23,Cartão Crédito,5102,0.18,2.02
12976,2026-05-23 14:38:56,PDV 04,18,3.1,7.49,23.22,Dinheiro,5102,0.18,4.18
12977,2026-05-24 18:59:36,PDV 02,18,1.9,7.49,14.23,Cartão Crédito,5102,0.18,2.56
12978,2026-05-25 09:28:45,PDV 01,18,1.6,7.49,11.98,Cartão Débito,5102,0.18,2.16
12979,2026-05-26 13:23:24,PDV 01,18,1.5,7.49,11.23,Cartão Crédito,5102,0.18,2.02
12980,2026-05-27 19:28:58,PDV 04,18,1.6,7.49,11.98,Cartão Débito,5102,0.18,2.16
12981,2026-05-28 13:14:17,PDV 03,18,1.1,7.49,8.24,Dinheiro,5102,0.18,1.48
12982,2026-05-28 12:30:10,PDV 02,18,1.2,7.49,8.99,Cartão Débito,5102,0.18,1.62
12983,2026-05-29 08:24:23,PDV 01,18,2.9,7.49,21.72,PIX,5102,0.18,3.91
12984,2026-05-30 19:58:10,PDV 01,18,2.5,7.49,18.73,Cartão Crédito,5102,0.18,3.37
12985,2026-05-31 12:05:33,PDV 03,18,2.1,7.49,15.73,Cartão Crédito,5102,0.18,2.83
12986,2026-06-01 12:09:54,PDV 04,18,1.9,7.49,14.23,Cartão Débito,5102,0.18,2.56
12987,2026-06-02 10:14:26,PDV 03,18,1.8,7.49,13.48,Cartão Débito,5102,0.18,2.43
12988,2026-06-03 11:55:05,PDV 05,18,2.2,7.49,16.48,Cartão Débito,5102,0.18,2.97
12989,2026-06-04 12:35:30,PDV 04,18,2.8,7.49,20.97,PIX,5102,0.18,3.77
12990,2026-06-05 08:51:12,PDV 05,18,3.4,7.49,25.47,Cartão Crédito,5102,0.18,4.58
12991,2026-06-06 20:06:17,PDV 02,18,3.6,7.49,26.96,Cartão Crédito,5102,0.18,4.85
12992,2026-06-07 16:48:23,PDV 06,18,1.5,7.49,11.23,Cartão Débito,5102,0.18,2.02
12993,2026-06-07 16:59:11,PDV 02,18,1.5,7.49,11.23,PIX,5102,0.18,2.02
12994,2026-06-08 10:49:17,PDV 05,18,1.1,7.49,8.24,PIX,5102,0.18,1.48
12995,2026-06-08 16:32:57,PDV 01,18,1.2,7.49,8.99,Cartão Débito,5102,0.18,1.62
12996,2026-06-09 10:03:30,PDV 02,18,1.8,7.49,13.48,PIX,5102,0.18,2.43
12997,2026-06-10 11:55:38,PDV 03,18,1.8,7.49,13.48,Cartão Crédito,5102,0.18,2.43
12998,2026-06-11 12:29:15,PDV 04,18,1.9,7.49,14.23,Cartão Débito,5102,0.18,2.56
12999,2026-06-12 19:15:10,PDV 06,18,3.1,7.49,23.22,Cartão Crédito,5102,0.18,4.18
13000,2026-06-13 09:24:08,PDV 01,18,2.8,7.49,20.97,Cartão Débito,5102,0.18,3.77
13001,2026-06-14 16:51:31,PDV 06,18,1.9,7.49,14.23,PIX,5102,0.18,2.56
13002,2026-06-15 16:34:46,PDV 04,18,1.6,7.49,11.98,PIX,5102,0.18,2.16
13003,2026-06-16 15:41:33,PDV 03,18,1.7,7.49,12.73,PIX,5102,0.18,2.29
13004,2026-06-17 17:45:53,PDV 06,18,1.6,7.49,11.98,Cartão Crédito,5102,0.18,2.16
13005,2026-06-18 16:59:26,PDV 02,18,1.1,7.49,8.24,Cartão Crédito,5102,0.18,1.48
13006,2026-06-18 15:08:51,PDV 01,18,1.2,7.49,8.99,Cartão Débito,5102,0.18,1.62
13007,2026-06-19 13:53:19,PDV 01,18,1.0,7.49,7.49,Cartão Crédito,5102,0.18,1.35
13008,2026-06-19 14:24:24,PDV 03,18,1.1,7.49,8.24,Cartão Débito,5102,0.18,1.48
13009,2026-06-19 13:31:12,PDV 01,18,1.0,7.49,7.49,Cartão Débito,5102,0.18,1.35
13010,2026-06-20 15:55:37,PDV 06,18,2.6,7.49,19.47,Cartão Débito,5102,0.18,3.5
13011,2026-06-21 14:15:09,PDV 01,18,1.1,7.49,8.24,Dinheiro,5102,0.18,1.48
13012,2026-06-21 15:16:31,PDV 04,18,1.1,7.49,8.24,Cartão Crédito,5102,0.18,1.48
13013,2026-06-22 15:23:56,PDV 02,18,1.6,7.49,11.98,Cartão Crédito,5102,0.18,2.16
13014,2026-06-23 14:03:15,PDV 02,18,1.4,7.49,10.49,PIX,5102,0.18,1.89
13015,2026-06-24 09:18:23,PDV 01,18,1.6,7.49,11.98,Cartão Débito,5102,0.18,2.16
13016,2026-06-25 18:55:27,PDV 01,18,1.1,7.49,8.24,Cartão Crédito,5102,0.18,1.48
13017,2026-06-25 13:52:32,PDV 05,18,1.2,7.49,8.99,Cartão Crédito,5102,0.18,1.62
13018,2026-06-26 09:22:21,PDV 02,18,1.2,7.49,8.99,Cartão Débito,5102,0.18,1.62
13019,2026-06-26 16:10:00,PDV 01,18,1.2,7.49,8.99,Cartão Débito,5102,0.18,1.62
13020,2026-06-27 08:01:32,PDV 02,18,1.2,7.49,8.99,Cartão Crédito,5102,0.18,1.62
13021,2026-06-27 13:01:28,PDV 04,18,1.2,7.49,8.99,Cartão Débito,5102,0.18,1.62
13022,2026-06-28 13:39:20,PDV 03,18,1.2,7.49,8.99,Cartão Débito,5102,0.18,1.62
13023,2026-06-28 20:33:37,PDV 01,18,1.2,7.49,8.99,PIX,5102,0.18,1.62
13024,2026-06-29 20:31:27,PDV 05,18,1.7,7.49,12.73,Cartão Débito,5102,0.18,2.29
13025,2026-04-01 10:26:30,PDV 01,19,1.9,5.49,10.43,Cartão Débito,5102,0.18,1.88
13026,2026-04-01 13:07:19,PDV 02,19,2.0,5.49,10.98,Cartão Crédito,5102,0.18,1.98
13027,2026-04-02 14:37:13,PDV 04,19,1.3,5.49,7.14,Cartão Crédito,5102,0.18,1.29
13028,2026-04-02 11:18:15,PDV 05,19,1.3,5.49,7.14,PIX,5102,0.18,1.29
13029,2026-04-02 13:10:38,PDV 03,19,1.2,5.49,6.59,Cartão Crédito,5102,0.18,1.19
13030,2026-04-02 09:06:05,PDV 01,19,1.3,5.49,7.14,PIX,5102,0.18,1.29
13031,2026-04-03 10:34:27,PDV 04,19,6.2,5.49,34.04,PIX,5102,0.18,6.13
13032,2026-04-04 08:00:30,PDV 02,19,2.6,5.49,14.27,Cartão Débito,5102,0.18,2.57
13033,2026-04-04 12:53:23,PDV 06,19,2.7,5.49,14.82,Cartão Crédito,5102,0.18,2.67
13034,2026-04-05 18:36:05,PDV 01,19,1.8,5.49,9.88,Cartão Débito,5102,0.18,1.78
13035,2026-04-05 12:21:06,PDV 01,19,1.9,5.49,10.43,Dinheiro,5102,0.18,1.88
13036,2026-04-05 09:02:39,PDV 01,19,1.8,5.49,9.88,PIX,5102,0.18,1.78
13037,2026-04-06 20:10:57,PDV 04,19,2.0,5.49,10.98,PIX,5102,0.18,1.98
13038,2026-04-06 15:06:17,PDV 05,19,2.0,5.49,10.98,Cartão Débito,5102,0.18,1.98
13039,2026-04-07 09:53:39,PDV 03,19,1.1,5.49,6.04,Cartão Débito,5102,0.18,1.09
13040,2026-04-07 15:38:54,PDV 03,19,1.1,5.49,6.04,Cartão Débito,5102,0.18,1.09
13041,2026-04-07 20:44:32,PDV 01,19,1.2,5.49,6.59,Cartão Crédito,5102,0.18,1.19
13042,2026-04-08 19:18:02,PDV 04,19,3.7,5.49,20.31,PIX,5102,0.18,3.66
13043,2026-04-09 19:30:51,PDV 04,19,2.4,5.49,13.18,Cartão Débito,5102,0.18,2.37
13044,2026-04-09 16:19:18,PDV 06,19,2.3,5.49,12.63,Cartão Crédito,5102,0.18,2.27
13045,2026-04-10 14:51:59,PDV 02,19,1.6,5.49,8.78,PIX,5102,0.18,1.58
13046,2026-04-10 12:42:20,PDV 02,19,1.6,5.49,8.78,Cartão Débito,5102,0.18,1.58
13047,2026-04-10 10:45:09,PDV 01,19,1.7,5.49,9.33,Cartão Débito,5102,0.18,1.68
13048,2026-04-10 17:56:07,PDV 02,19,1.6,5.49,8.78,Cartão Débito,5102,0.18,1.58
13049,2026-04-11 10:09:46,PDV 01,19,1.1,5.49,6.04,Cartão Débito,5102,0.18,1.09
13050,2026-04-11 13:44:20,PDV 05,19,1.1,5.49,6.04,Cartão Débito,5102,0.18,1.09
13051,2026-04-11 15:27:26,PDV 01,19,1.1,5.49,6.04,Dinheiro,5102,0.18,1.09
13052,2026-04-11 18:42:35,PDV 06,19,1.2,5.49,6.59,Cartão Crédito,5102,0.18,1.19
13053,2026-04-12 11:57:30,PDV 06,19,1.1,5.49,6.04,Cartão Débito,5102,0.18,1.09
13054,2026-04-12 10:25:12,PDV 03,19,1.1,5.49,6.04,Cartão Débito,5102,0.18,1.09
13055,2026-04-12 08:53:54,PDV 03,19,1.2,5.49,6.59,Cartão Débito,5102,0.18,1.19
13056,2026-04-13 15:42:25,PDV 06,19,1.6,5.49,8.78,PIX,5102,0.18,1.58
13057,2026-04-13 15:08:52,PDV 03,19,1.6,5.49,8.78,Cartão Crédito,5102,0.18,1.58
13058,2026-04-14 18:20:58,PDV 05,19,1.2,5.49,6.59,PIX,5102,0.18,1.19
13059,2026-04-14 10:00:55,PDV 02,19,1.3,5.49,7.14,Dinheiro,5102,0.18,1.29
13060,2026-04-15 09:31:56,PDV 03,19,1.4,5.49,7.69,Cartão Débito,5102,0.18,1.38
13061,2026-04-15 10:15:32,PDV 05,19,1.3,5.49,7.14,Cartão Crédito,5102,0.18,1.29
13062,2026-04-16 11:46:11,PDV 04,19,1.9,5.49,10.43,Cartão Débito,5102,0.18,1.88
13063,2026-04-16 08:40:23,PDV 06,19,1.8,5.49,9.88,Cartão Débito,5102,0.18,1.78
13064,2026-04-17 13:00:06,PDV 04,19,1.4,5.49,7.69,PIX,5102,0.18,1.38
13065,2026-04-17 16:12:13,PDV 02,19,1.4,5.49,7.69,Cartão Débito,5102,0.18,1.38
13066,2026-04-17 18:54:47,PDV 06,19,1.4,5.49,7.69,Cartão Crédito,5102,0.18,1.38
13067,2026-04-18 16:37:39,PDV 05,19,1.1,5.49,6.04,Cartão Débito,5102,0.18,1.09
13068,2026-04-18 20:46:51,PDV 01,19,1.2,5.49,6.59,Cartão Crédito,5102,0.18,1.19
13069,2026-04-18 19:37:35,PDV 03,19,1.1,5.49,6.04,Cartão Crédito,5102,0.18,1.09
13070,2026-04-18 20:29:02,PDV 03,19,1.2,5.49,6.59,Cartão Débito,5102,0.18,1.19
13071,2026-04-19 17:40:50,PDV 01,19,1.1,5.49,6.04,Cartão Crédito,5102,0.18,1.09
13072,2026-04-19 14:59:29,PDV 05,19,1.1,5.49,6.04,Cartão Crédito,5102,0.18,1.09
13073,2026-04-19 13:53:37,PDV 02,19,1.1,5.49,6.04,Cartão Crédito,5102,0.18,1.09
13074,2026-04-19 12:57:41,PDV 01,19,1.1,5.49,6.04,PIX,5102,0.18,1.09
13075,2026-04-20 14:16:00,PDV 05,19,1.3,5.49,7.14,Cartão Débito,5102,0.18,1.29
13076,2026-04-20 11:52:28,PDV 02,19,1.3,5.49,7.14,Cartão Débito,5102,0.18,1.29
13077,2026-04-21 08:04:51,PDV 03,19,1.4,5.49,7.69,Cartão Crédito,5102,0.18,1.38
13078,2026-04-21 16:26:01,PDV 05,19,1.5,5.49,8.23,PIX,5102,0.18,1.48
13079,2026-04-22 20:38:42,PDV 01,19,1.4,5.49,7.69,Cartão Crédito,5102,0.18,1.38
13080,2026-04-22 17:13:34,PDV 06,19,1.4,5.49,7.69,Cartão Crédito,5102,0.18,1.38
13081,2026-04-23 11:59:24,PDV 05,19,4.2,5.49,23.06,Cartão Crédito,5102,0.18,4.15
13082,2026-04-24 16:41:12,PDV 01,19,2.2,5.49,12.08,Cartão Crédito,5102,0.18,2.17
13083,2026-04-24 09:21:41,PDV 02,19,2.2,5.49,12.08,Dinheiro,5102,0.18,2.17
13084,2026-04-25 09:08:59,PDV 06,19,4.9,5.49,26.9,Cartão Crédito,5102,0.18,4.84
13085,2026-04-26 18:18:42,PDV 03,19,3.6,5.49,19.76,Cartão Crédito,5102,0.18,3.56
13086,2026-04-27 11:46:10,PDV 03,19,1.6,5.49,8.78,Cartão Débito,5102,0.18,1.58
13087,2026-04-27 12:19:34,PDV 06,19,1.6,5.49,8.78,Cartão Crédito,5102,0.18,1.58
13088,2026-04-28 09:09:55,PDV 01,19,2.4,5.49,13.18,PIX,5102,0.18,2.37
13089,2026-04-29 11:04:49,PDV 03,19,2.5,5.49,13.73,Dinheiro,5102,0.18,2.47
13090,2026-04-30 20:28:21,PDV 01,19,4.3,5.49,23.61,Cartão Crédito,5102,0.18,4.25
13091,2026-05-01 16:07:30,PDV 06,19,1.4,5.49,7.69,Cartão Crédito,5102,0.18,1.38
13092,2026-05-01 20:05:22,PDV 01,19,1.4,5.49,7.69,Cartão Débito,5102,0.18,1.38
13093,2026-05-01 14:51:12,PDV 05,19,1.4,5.49,7.69,Dinheiro,5102,0.18,1.38
13094,2026-05-01 19:01:58,PDV 05,19,1.4,5.49,7.69,PIX,5102,0.18,1.38
13095,2026-05-02 09:10:09,PDV 03,19,6.0,5.49,32.94,Cartão Débito,5102,0.18,5.93
13096,2026-05-03 15:59:48,PDV 06,19,2.1,5.49,11.53,Cartão Débito,5102,0.18,2.08
13097,2026-05-03 13:54:24,PDV 04,19,2.1,5.49,11.53,Cartão Débito,5102,0.18,2.08
13098,2026-05-04 20:51:25,PDV 02,19,1.2,5.49,6.59,Cartão Débito,5102,0.18,1.19
13099,2026-05-04 17:40:30,PDV 05,19,1.1,5.49,6.04,Cartão Crédito,5102,0.18,1.09
13100,2026-05-04 09:47:14,PDV 06,19,1.2,5.49,6.59,Dinheiro,5102,0.18,1.19
13101,2026-05-05 16:49:29,PDV 04,19,1.0,5.49,5.49,Cartão Débito,5102,0.18,0.99
13102,2026-05-05 13:12:57,PDV 01,19,1.0,5.49,5.49,Cartão Débito,5102,0.18,0.99
13103,2026-05-05 11:00:36,PDV 03,19,1.0,5.49,5.49,Cartão Débito,5102,0.18,0.99
13104,2026-05-05 18:59:23,PDV 06,19,1.1,5.49,6.04,Cartão Débito,5102,0.18,1.09
13105,2026-05-06 13:55:29,PDV 01,19,4.0,5.49,21.96,Cartão Débito,5102,0.18,3.95
13106,2026-05-07 17:33:35,PDV 01,19,4.8,5.49,26.35,Cartão Crédito,5102,0.18,4.74
13107,2026-05-08 15:35:35,PDV 06,19,1.3,5.49,7.14,PIX,5102,0.18,1.29
13108,2026-05-08 09:39:51,PDV 01,19,1.3,5.49,7.14,PIX,5102,0.18,1.29
13109,2026-05-08 18:20:15,PDV 03,19,1.4,5.49,7.69,Cartão Crédito,5102,0.18,1.38
13110,2026-05-08 14:18:02,PDV 01,19,1.3,5.49,7.14,Cartão Débito,5102,0.18,1.29
13111,2026-05-09 18:08:44,PDV 03,19,2.0,5.49,10.98,PIX,5102,0.18,1.98
13112,2026-05-09 10:17:21,PDV 04,19,2.0,5.49,10.98,Dinheiro,5102,0.18,1.98
13113,2026-05-09 16:23:04,PDV 04,19,2.0,5.49,10.98,Cartão Débito,5102,0.18,1.98
13114,2026-05-10 14:01:01,PDV 03,19,1.8,5.49,9.88,Cartão Débito,5102,0.18,1.78
13115,2026-05-10 19:05:55,PDV 02,19,1.8,5.49,9.88,Dinheiro,5102,0.18,1.78
13116,2026-05-10 17:38:54,PDV 01,19,1.8,5.49,9.88,Cartão Débito,5102,0.18,1.78
13117,2026-05-11 12:49:21,PDV 03,19,2.9,5.49,15.92,PIX,5102,0.18,2.87
13118,2026-05-12 17:13:37,PDV 01,19,3.3,5.49,18.12,Cartão Débito,5102,0.18,3.26
13119,2026-05-13 12:53:48,PDV 05,19,1.6,5.49,8.78,PIX,5102,0.18,1.58
13120,2026-05-13 09:51:45,PDV 05,19,1.5,5.49,8.23,Dinheiro,5102,0.18,1.48
13121,2026-05-14 16:42:19,PDV 01,19,1.5,5.49,8.23,PIX,5102,0.18,1.48
13122,2026-05-14 20:59:02,PDV 03,19,1.5,5.49,8.23,Dinheiro,5102,0.18,1.48
13123,2026-05-14 14:05:42,PDV 03,19,1.4,5.49,7.69,Cartão Débito,5102,0.18,1.38
13124,2026-05-15 10:04:06,PDV 05,19,4.5,5.49,24.71,Cartão Débito,5102,0.18,4.45
13125,2026-05-16 08:30:51,PDV 03,19,1.2,5.49,6.59,Cartão Crédito,5102,0.18,1.19
13126,2026-05-16 09:16:10,PDV 05,19,1.2,5.49,6.59,Dinheiro,5102,0.18,1.19
13127,2026-05-16 20:15:05,PDV 03,19,1.2,5.49,6.59,Cartão Débito,5102,0.18,1.19
13128,2026-05-16 18:58:36,PDV 06,19,1.3,5.49,7.14,PIX,5102,0.18,1.29
13129,2026-05-17 15:13:46,PDV 06,19,4.3,5.49,23.61,Cartão Débito,5102,0.18,4.25
13130,2026-05-18 18:32:15,PDV 04,19,1.0,5.49,5.49,Cartão Débito,5102,0.18,0.99
13131,2026-05-18 16:56:17,PDV 05,19,1.1,5.49,6.04,PIX,5102,0.18,1.09
13132,2026-05-18 20:53:12,PDV 04,19,1.0,5.49,5.49,Cartão Crédito,5102,0.18,0.99
13133,2026-05-19 14:13:39,PDV 06,19,2.7,5.49,14.82,Cartão Débito,5102,0.18,2.67
13134,2026-05-20 12:22:08,PDV 04,19,1.0,5.49,5.49,Dinheiro,5102,0.18,0.99
13135,2026-05-20 14:58:37,PDV 03,19,1.0,5.49,5.49,Cartão Débito,5102,0.18,0.99
13136,2026-05-20 17:54:56,PDV 01,19,1.0,5.49,5.49,Cartão Crédito,5102,0.18,0.99
13137,2026-05-21 18:38:31,PDV 01,19,1.9,5.49,10.43,Dinheiro,5102,0.18,1.88
13138,2026-05-21 14:37:12,PDV 06,19,2.0,5.49,10.98,Cartão Débito,5102,0.18,1.98
13139,2026-05-22 17:11:52,PDV 06,19,2.5,5.49,13.73,Cartão Crédito,5102,0.18,2.47
13140,2026-05-22 18:15:08,PDV 06,19,2.6,5.49,14.27,Cartão Débito,5102,0.18,2.57
13141,2026-05-23 19:02:46,PDV 01,19,2.6,5.49,14.27,Cartão Crédito,5102,0.18,2.57
13142,2026-05-23 10:13:17,PDV 01,19,2.7,5.49,14.82,Cartão Crédito,5102,0.18,2.67
13143,2026-05-24 19:07:53,PDV 06,19,2.0,5.49,10.98,Cartão Débito,5102,0.18,1.98
13144,2026-05-24 09:21:13,PDV 04,19,2.0,5.49,10.98,Cartão Débito,5102,0.18,1.98
13145,2026-05-25 18:50:07,PDV 03,19,1.0,5.49,5.49,Cartão Débito,5102,0.18,0.99
13146,2026-05-25 14:24:42,PDV 05,19,1.0,5.49,5.49,Cartão Crédito,5102,0.18,0.99
13147,2026-05-25 15:42:12,PDV 06,19,1.0,5.49,5.49,Cartão Débito,5102,0.18,0.99
13148,2026-05-26 13:12:55,PDV 06,19,1.6,5.49,8.78,PIX,5102,0.18,1.58
13149,2026-05-26 18:15:31,PDV 04,19,1.5,5.49,8.23,Dinheiro,5102,0.18,1.48
13150,2026-05-27 08:16:00,PDV 04,19,1.6,5.49,8.78,Cartão Crédito,5102,0.18,1.58
13151,2026-05-27 08:50:56,PDV 01,19,1.5,5.49,8.23,Cartão Crédito,5102,0.18,1.48
13152,2026-05-28 12:13:26,PDV 01,19,1.2,5.49,6.59,PIX,5102,0.18,1.19
13153,2026-05-28 10:18:17,PDV 02,19,1.2,5.49,6.59,Cartão Crédito,5102,0.18,1.19
13154,2026-05-28 08:30:50,PDV 05,19,1.2,5.49,6.59,Cartão Débito,5102,0.18,1.19
13155,2026-05-29 13:19:41,PDV 02,19,1.3,5.49,7.14,Cartão Crédito,5102,0.18,1.29
13156,2026-05-29 19:55:17,PDV 04,19,1.3,5.49,7.14,Dinheiro,5102,0.18,1.29
13157,2026-05-29 12:10:30,PDV 02,19,1.4,5.49,7.69,Cartão Crédito,5102,0.18,1.38
13158,2026-05-29 10:01:49,PDV 02,19,1.3,5.49,7.14,Cartão Crédito,5102,0.18,1.29
13159,2026-05-30 11:35:32,PDV 06,19,1.2,5.49,6.59,Dinheiro,5102,0.18,1.19
13160,2026-05-30 09:17:46,PDV 03,19,1.2,5.49,6.59,Cartão Crédito,5102,0.18,1.19
13161,2026-05-30 19:06:17,PDV 06,19,1.2,5.49,6.59,Cartão Crédito,5102,0.18,1.19
13162,2026-05-30 12:47:25,PDV 01,19,1.2,5.49,6.59,Cartão Débito,5102,0.18,1.19
13163,2026-05-31 11:57:18,PDV 03,19,3.6,5.49,19.76,PIX,5102,0.18,3.56
13164,2026-06-01 18:31:33,PDV 01,19,2.0,5.49,10.98,Cartão Débito,5102,0.18,1.98
13165,2026-06-01 08:20:49,PDV 06,19,2.0,5.49,10.98,PIX,5102,0.18,1.98
13166,2026-06-02 17:21:00,PDV 04,19,1.6,5.49,8.78,Cartão Débito,5102,0.18,1.58
13167,2026-06-02 09:46:19,PDV 06,19,1.7,5.49,9.33,PIX,5102,0.18,1.68
13168,2026-06-03 19:51:17,PDV 05,19,1.4,5.49,7.69,Cartão Débito,5102,0.18,1.38
13169,2026-06-03 14:42:53,PDV 05,19,1.3,5.49,7.14,Cartão Crédito,5102,0.18,1.29
13170,2026-06-03 13:06:24,PDV 04,19,1.4,5.49,7.69,Cartão Crédito,5102,0.18,1.38
13171,2026-06-04 13:02:54,PDV 03,19,2.8,5.49,15.37,Cartão Débito,5102,0.18,2.77
13172,2026-06-04 20:15:34,PDV 03,19,2.7,5.49,14.82,Cartão Crédito,5102,0.18,2.67
13173,2026-06-05 16:01:44,PDV 01,19,1.3,5.49,7.14,Cartão Débito,5102,0.18,1.29
13174,2026-06-05 10:14:26,PDV 01,19,1.3,5.49,7.14,Cartão Débito,5102,0.18,1.29
13175,2026-06-05 14:34:47,PDV 01,19,1.4,5.49,7.69,Cartão Débito,5102,0.18,1.38
13176,2026-06-05 16:28:45,PDV 02,19,1.3,5.49,7.14,Cartão Débito,5102,0.18,1.29
13177,2026-06-06 11:23:06,PDV 01,19,3.1,5.49,17.02,Cartão Débito,5102,0.18,3.06
13178,2026-06-06 17:26:07,PDV 03,19,3.1,5.49,17.02,Cartão Crédito,5102,0.18,3.06
13179,2026-06-07 11:05:21,PDV 02,19,1.3,5.49,7.14,Cartão Crédito,5102,0.18,1.29
13180,2026-06-07 09:51:16,PDV 05,19,1.3,5.49,7.14,Cartão Crédito,5102,0.18,1.29
13181,2026-06-07 18:48:15,PDV 01,19,1.4,5.49,7.69,Cartão Crédito,5102,0.18,1.38
13182,2026-06-07 12:34:10,PDV 06,19,1.3,5.49,7.14,PIX,5102,0.18,1.29
13183,2026-06-08 08:59:53,PDV 04,19,1.1,5.49,6.04,PIX,5102,0.18,1.09
13184,2026-06-08 11:50:26,PDV 03,19,1.1,5.49,6.04,Cartão Débito,5102,0.18,1.09
13185,2026-06-08 16:37:14,PDV 05,19,1.1,5.49,6.04,Cartão Débito,5102,0.18,1.09
13186,2026-06-09 19:22:59,PDV 03,19,1.9,5.49,10.43,PIX,5102,0.18,1.88
13187,2026-06-09 16:44:10,PDV 01,19,2.0,5.49,10.98,Cartão Crédito,5102,0.18,1.98
13188,2026-06-10 17:01:42,PDV 03,19,1.2,5.49,6.59,Cartão Débito,5102,0.18,1.19
13189,2026-06-10 10:14:47,PDV 01,19,1.2,5.49,6.59,Cartão Crédito,5102,0.18,1.19
13190,2026-06-10 11:52:13,PDV 02,19,1.2,5.49,6.59,Cartão Débito,5102,0.18,1.19
13191,2026-06-11 08:42:28,PDV 02,19,1.1,5.49,6.04,Cartão Crédito,5102,0.18,1.09
13192,2026-06-11 08:07:46,PDV 06,19,1.1,5.49,6.04,Cartão Débito,5102,0.18,1.09
13193,2026-06-11 18:48:56,PDV 03,19,1.0,5.49,5.49,PIX,5102,0.18,0.99
13194,2026-06-11 14:09:44,PDV 01,19,1.1,5.49,6.04,PIX,5102,0.18,1.09
13195,2026-06-12 15:24:00,PDV 02,19,2.2,5.49,12.08,Cartão Débito,5102,0.18,2.17
13196,2026-06-12 16:11:43,PDV 04,19,2.2,5.49,12.08,Cartão Débito,5102,0.18,2.17
13197,2026-06-13 11:04:09,PDV 04,19,2.8,5.49,15.37,Cartão Débito,5102,0.18,2.77
13198,2026-06-13 11:44:52,PDV 02,19,2.7,5.49,14.82,Cartão Débito,5102,0.18,2.67
13199,2026-06-14 19:35:56,PDV 06,19,1.3,5.49,7.14,Cartão Crédito,5102,0.18,1.29
13200,2026-06-14 17:57:58,PDV 05,19,1.2,5.49,6.59,Dinheiro,5102,0.18,1.19
13201,2026-06-14 15:10:53,PDV 05,19,1.3,5.49,7.14,Cartão Crédito,5102,0.18,1.29
13202,2026-06-15 15:27:11,PDV 05,19,2.6,5.49,14.27,PIX,5102,0.18,2.57
13203,2026-06-16 12:20:16,PDV 05,19,1.2,5.49,6.59,Cartão Débito,5102,0.18,1.19
13204,2026-06-16 19:51:49,PDV 01,19,1.3,5.49,7.14,Cartão Débito,5102,0.18,1.29
13205,2026-06-17 14:49:34,PDV 04,19,1.4,5.49,7.69,Dinheiro,5102,0.18,1.38
13206,2026-06-17 17:07:50,PDV 06,19,1.5,5.49,8.23,Cartão Débito,5102,0.18,1.48
13207,2026-06-18 11:47:44,PDV 05,19,3.7,5.49,20.31,Dinheiro,5102,0.18,3.66
13208,2026-06-19 16:30:25,PDV 06,19,5.2,5.49,28.55,Cartão Crédito,5102,0.18,5.14
13209,2026-06-20 08:33:11,PDV 05,19,2.4,5.49,13.18,PIX,5102,0.18,2.37
13210,2026-06-20 20:08:15,PDV 01,19,2.3,5.49,12.63,Cartão Crédito,5102,0.18,2.27
13211,2026-06-21 16:56:04,PDV 02,19,1.2,5.49,6.59,Cartão Crédito,5102,0.18,1.19
13212,2026-06-21 09:21:33,PDV 05,19,1.2,5.49,6.59,Cartão Débito,5102,0.18,1.19
13213,2026-06-21 12:21:35,PDV 02,19,1.3,5.49,7.14,PIX,5102,0.18,1.29
13214,2026-06-22 14:31:54,PDV 02,19,2.5,5.49,13.73,Cartão Débito,5102,0.18,2.47
13215,2026-06-23 19:40:05,PDV 05,19,2.6,5.49,14.27,Cartão Débito,5102,0.18,2.57
13216,2026-06-24 09:27:46,PDV 06,19,1.4,5.49,7.69,Cartão Crédito,5102,0.18,1.38
13217,2026-06-24 19:48:20,PDV 04,19,1.4,5.49,7.69,Cartão Débito,5102,0.18,1.38
13218,2026-06-25 13:01:02,PDV 01,19,1.4,5.49,7.69,PIX,5102,0.18,1.38
13219,2026-06-25 20:42:44,PDV 01,19,1.4,5.49,7.69,PIX,5102,0.18,1.38
13220,2026-06-25 19:01:05,PDV 03,19,1.5,5.49,8.23,Cartão Débito,5102,0.18,1.48
13221,2026-06-26 09:44:12,PDV 04,19,4.2,5.49,23.06,Dinheiro,5102,0.18,4.15
13222,2026-06-27 15:50:57,PDV 05,19,4.6,5.49,25.25,Cartão Crédito,5102,0.18,4.54
13223,2026-06-28 20:40:47,PDV 05,19,4.3,5.49,23.61,Cartão Débito,5102,0.18,4.25
13224,2026-06-29 13:20:24,PDV 06,19,3.0,5.49,16.47,Cartão Débito,5102,0.18,2.96
13225,2026-04-01 10:01:15,PDV 04,20,1.5,4.99,7.49,PIX,5102,0.18,1.35
13226,2026-04-01 10:23:46,PDV 06,20,1.5,4.99,7.49,PIX,5102,0.18,1.35
13227,2026-04-01 14:13:06,PDV 03,20,1.6,4.99,7.98,Dinheiro,5102,0.18,1.44
13228,2026-04-02 09:29:55,PDV 01,20,1.9,4.99,9.48,PIX,5102,0.18,1.71
13229,2026-04-02 12:40:24,PDV 02,20,1.9,4.99,9.48,Cartão Débito,5102,0.18,1.71
13230,2026-04-02 20:23:48,PDV 03,20,2.0,4.99,9.98,PIX,5102,0.18,1.8
13231,2026-04-03 10:25:50,PDV 02,20,7.6,4.99,37.92,Cartão Crédito,5102,0.18,6.83
13232,2026-04-04 13:34:43,PDV 02,20,2.2,4.99,10.98,Cartão Débito,5102,0.18,1.98
13233,2026-04-04 19:01:42,PDV 01,20,2.1,4.99,10.48,Cartão Crédito,5102,0.18,1.89
13234,2026-04-04 12:26:50,PDV 03,20,2.2,4.99,10.98,PIX,5102,0.18,1.98
13235,2026-04-05 20:14:46,PDV 01,20,4.9,4.99,24.45,Cartão Débito,5102,0.18,4.4
13236,2026-04-06 12:21:46,PDV 02,20,2.2,4.99,10.98,Cartão Crédito,5102,0.18,1.98
13237,2026-04-06 19:03:43,PDV 06,20,2.3,4.99,11.48,Cartão Débito,5102,0.18,2.07
13238,2026-04-07 18:40:03,PDV 03,20,1.4,4.99,6.99,Cartão Débito,5102,0.18,1.26
13239,2026-04-07 11:13:48,PDV 03,20,1.4,4.99,6.99,Cartão Débito,5102,0.18,1.26
13240,2026-04-07 16:16:37,PDV 03,20,1.4,4.99,6.99,PIX,5102,0.18,1.26
13241,2026-04-08 14:46:14,PDV 02,20,4.2,4.99,20.96,PIX,5102,0.18,3.77
13242,2026-04-09 09:45:38,PDV 04,20,5.5,4.99,27.45,Cartão Crédito,5102,0.18,4.94
13243,2026-04-10 16:03:38,PDV 02,20,7.0,4.99,34.93,Cartão Débito,5102,0.18,6.29
13244,2026-04-11 18:43:12,PDV 04,20,6.3,4.99,31.44,Cartão Débito,5102,0.18,5.66
13245,2026-04-12 18:20:14,PDV 01,20,1.9,4.99,9.48,PIX,5102,0.18,1.71
13246,2026-04-12 08:46:04,PDV 01,20,2.0,4.99,9.98,Dinheiro,5102,0.18,1.8
13247,2026-04-13 20:32:31,PDV 03,20,1.0,4.99,4.99,Dinheiro,5102,0.18,0.9
13248,2026-04-13 09:29:32,PDV 04,20,1.0,4.99,4.99,PIX,5102,0.18,0.9
13249,2026-04-13 19:55:33,PDV 01,20,1.0,4.99,4.99,Cartão Débito,5102,0.18,0.9
13250,2026-04-14 11:52:01,PDV 01,20,3.6,4.99,17.96,Cartão Crédito,5102,0.18,3.23
13251,2026-04-15 20:26:07,PDV 05,20,1.6,4.99,7.98,Cartão Débito,5102,0.18,1.44
13252,2026-04-15 17:33:59,PDV 01,20,1.7,4.99,8.48,Cartão Débito,5102,0.18,1.53
13253,2026-04-16 13:30:40,PDV 06,20,1.2,4.99,5.99,Cartão Crédito,5102,0.18,1.08
13254,2026-04-16 19:18:52,PDV 05,20,1.2,4.99,5.99,Cartão Débito,5102,0.18,1.08
13255,2026-04-16 19:58:26,PDV 01,20,1.2,4.99,5.99,PIX,5102,0.18,1.08
13256,2026-04-16 18:13:25,PDV 03,20,1.2,4.99,5.99,Cartão Crédito,5102,0.18,1.08
13257,2026-04-17 10:56:03,PDV 01,20,1.8,4.99,8.98,Cartão Débito,5102,0.18,1.62
13258,2026-04-17 09:51:07,PDV 05,20,1.8,4.99,8.98,Cartão Crédito,5102,0.18,1.62
13259,2026-04-17 17:18:06,PDV 05,20,1.7,4.99,8.48,Cartão Débito,5102,0.18,1.53
13260,2026-04-18 14:33:30,PDV 03,20,2.8,4.99,13.97,PIX,5102,0.18,2.51
13261,2026-04-18 17:08:48,PDV 04,20,2.8,4.99,13.97,Cartão Débito,5102,0.18,2.51
13262,2026-04-19 11:38:38,PDV 05,20,2.2,4.99,10.98,Cartão Débito,5102,0.18,1.98
13263,2026-04-19 11:28:17,PDV 03,20,2.3,4.99,11.48,Cartão Débito,5102,0.18,2.07
13264,2026-04-20 09:16:59,PDV 01,20,3.3,4.99,16.47,Cartão Crédito,5102,0.18,2.96
13265,2026-04-21 10:33:34,PDV 04,20,1.4,4.99,6.99,Dinheiro,5102,0.18,1.26
13266,2026-04-21 08:53:23,PDV 06,20,1.4,4.99,6.99,Cartão Débito,5102,0.18,1.26
13267,2026-04-22 11:31:59,PDV 04,20,1.4,4.99,6.99,Cartão Crédito,5102,0.18,1.26
13268,2026-04-22 20:47:02,PDV 05,20,1.5,4.99,7.49,Cartão Crédito,5102,0.18,1.35
13269,2026-04-23 19:08:27,PDV 01,20,4.7,4.99,23.45,Dinheiro,5102,0.18,4.22
13270,2026-04-24 08:33:56,PDV 02,20,3.1,4.99,15.47,Cartão Débito,5102,0.18,2.78
13271,2026-04-24 14:56:38,PDV 01,20,3.2,4.99,15.97,PIX,5102,0.18,2.87
13272,2026-04-25 14:09:43,PDV 04,20,5.4,4.99,26.95,Cartão Débito,5102,0.18,4.85
13273,2026-04-26 09:11:49,PDV 02,20,2.3,4.99,11.48,Cartão Débito,5102,0.18,2.07
13274,2026-04-26 13:22:03,PDV 04,20,2.3,4.99,11.48,Cartão Crédito,5102,0.18,2.07
13275,2026-04-27 14:36:06,PDV 04,20,2.9,4.99,14.47,Cartão Crédito,5102,0.18,2.6
13276,2026-04-28 14:48:35,PDV 06,20,1.8,4.99,8.98,Dinheiro,5102,0.18,1.62
13277,2026-04-28 17:13:33,PDV 03,20,1.7,4.99,8.48,Cartão Débito,5102,0.18,1.53
13278,2026-04-29 09:15:19,PDV 05,20,3.1,4.99,15.47,Cartão Débito,5102,0.18,2.78
13279,2026-04-30 20:12:21,PDV 03,20,1.0,4.99,4.99,Cartão Débito,5102,0.18,0.9
13280,2026-04-30 18:58:35,PDV 06,20,1.0,4.99,4.99,PIX,5102,0.18,0.9
13281,2026-04-30 10:26:02,PDV 02,20,1.0,4.99,4.99,Cartão Débito,5102,0.18,0.9
13282,2026-04-30 13:39:46,PDV 01,20,1.0,4.99,4.99,Cartão Débito,5102,0.18,0.9
13283,2026-05-01 15:44:44,PDV 01,20,2.3,4.99,11.48,Cartão Crédito,5102,0.18,2.07
13284,2026-05-01 08:32:23,PDV 05,20,2.2,4.99,10.98,Cartão Crédito,5102,0.18,1.98
13285,2026-05-01 09:51:18,PDV 03,20,2.3,4.99,11.48,Cartão Crédito,5102,0.18,2.07
13286,2026-05-02 19:28:16,PDV 05,20,6.2,4.99,30.94,PIX,5102,0.18,5.57
13287,2026-05-03 20:38:45,PDV 05,20,1.4,4.99,6.99,Cartão Crédito,5102,0.18,1.26
13288,2026-05-03 18:26:49,PDV 05,20,1.3,4.99,6.49,Cartão Crédito,5102,0.18,1.17
13289,2026-05-03 14:55:49,PDV 06,20,1.4,4.99,6.99,Cartão Débito,5102,0.18,1.26
13290,2026-05-03 16:41:38,PDV 05,20,1.3,4.99,6.49,Cartão Crédito,5102,0.18,1.17
13291,2026-05-04 09:56:33,PDV 03,20,1.1,4.99,5.49,Cartão Débito,5102,0.18,0.99
13292,2026-05-04 20:23:37,PDV 04,20,1.1,4.99,5.49,Cartão Crédito,5102,0.18,0.99
13293,2026-05-04 17:15:09,PDV 03,20,1.1,4.99,5.49,Cartão Crédito,5102,0.18,0.99
13294,2026-05-04 12:01:49,PDV 05,20,1.2,4.99,5.99,PIX,5102,0.18,1.08
13295,2026-05-05 10:56:12,PDV 01,20,2.0,4.99,9.98,Cartão Débito,5102,0.18,1.8
13296,2026-05-05 20:51:52,PDV 02,20,2.1,4.99,10.48,Cartão Débito,5102,0.18,1.89
13297,2026-05-06 20:27:25,PDV 05,20,2.4,4.99,11.98,Cartão Crédito,5102,0.18,2.16
13298,2026-05-06 08:26:39,PDV 06,20,2.3,4.99,11.48,Cartão Débito,5102,0.18,2.07
13299,2026-05-07 10:25:40,PDV 01,20,1.4,4.99,6.99,Cartão Crédito,5102,0.18,1.26
13300,2026-05-07 14:57:01,PDV 06,20,1.3,4.99,6.49,Cartão Crédito,5102,0.18,1.17
13301,2026-05-07 19:13:19,PDV 05,20,1.4,4.99,6.99,Dinheiro,5102,0.18,1.26
13302,2026-05-07 19:14:33,PDV 05,20,1.3,4.99,6.49,Cartão Débito,5102,0.18,1.17
13303,2026-05-08 18:15:57,PDV 05,20,2.0,4.99,9.98,Cartão Débito,5102,0.18,1.8
13304,2026-05-08 16:48:01,PDV 03,20,2.0,4.99,9.98,PIX,5102,0.18,1.8
13305,2026-05-08 13:26:56,PDV 06,20,2.1,4.99,10.48,Cartão Débito,5102,0.18,1.89
13306,2026-05-09 19:36:39,PDV 04,20,3.3,4.99,16.47,Cartão Débito,5102,0.18,2.96
13307,2026-05-09 16:51:54,PDV 02,20,3.3,4.99,16.47,Cartão Crédito,5102,0.18,2.96
13308,2026-05-10 16:43:09,PDV 04,20,1.7,4.99,8.48,Cartão Crédito,5102,0.18,1.53
13309,2026-05-10 09:50:35,PDV 04,20,1.6,4.99,7.98,Cartão Crédito,5102,0.18,1.44
13310,2026-05-10 13:26:40,PDV 01,20,1.7,4.99,8.48,Dinheiro,5102,0.18,1.53
13311,2026-05-11 08:35:30,PDV 04,20,3.4,4.99,16.97,Cartão Débito,5102,0.18,3.05
13312,2026-05-12 10:49:12,PDV 05,20,1.2,4.99,5.99,Cartão Débito,5102,0.18,1.08
13313,2026-05-12 13:59:48,PDV 01,20,1.1,4.99,5.49,Cartão Débito,5102,0.18,0.99
13314,2026-05-12 11:49:17,PDV 04,20,1.2,4.99,5.99,Cartão Crédito,5102,0.18,1.08
13315,2026-05-13 17:50:49,PDV 03,20,3.3,4.99,16.47,PIX,5102,0.18,2.96
13316,2026-05-14 18:57:02,PDV 01,20,1.9,4.99,9.48,PIX,5102,0.18,1.71
13317,2026-05-14 10:30:48,PDV 02,20,1.9,4.99,9.48,Cartão Débito,5102,0.18,1.71
13318,2026-05-15 17:25:58,PDV 04,20,1.4,4.99,6.99,Cartão Débito,5102,0.18,1.26
13319,2026-05-15 08:07:53,PDV 04,20,1.4,4.99,6.99,Cartão Crédito,5102,0.18,1.26
13320,2026-05-15 09:05:42,PDV 02,20,1.4,4.99,6.99,PIX,5102,0.18,1.26
13321,2026-05-15 13:52:52,PDV 01,20,1.4,4.99,6.99,Cartão Débito,5102,0.18,1.26
13322,2026-05-16 14:33:03,PDV 05,20,5.5,4.99,27.45,Cartão Crédito,5102,0.18,4.94
13323,2026-05-17 12:40:38,PDV 01,20,4.1,4.99,20.46,PIX,5102,0.18,3.68
13324,2026-05-18 08:29:26,PDV 02,20,1.7,4.99,8.48,PIX,5102,0.18,1.53
13325,2026-05-18 16:12:55,PDV 05,20,1.7,4.99,8.48,Dinheiro,5102,0.18,1.53
13326,2026-05-19 14:40:09,PDV 01,20,1.1,4.99,5.49,Cartão Crédito,5102,0.18,0.99
13327,2026-05-19 11:40:17,PDV 03,20,1.1,4.99,5.49,Cartão Débito,5102,0.18,0.99
13328,2026-05-19 15:28:28,PDV 05,20,1.2,4.99,5.99,Cartão Débito,5102,0.18,1.08
13329,2026-05-20 08:45:28,PDV 02,20,3.3,4.99,16.47,Cartão Crédito,5102,0.18,2.96
13330,2026-05-21 18:08:38,PDV 02,20,1.1,4.99,5.49,Cartão Débito,5102,0.18,0.99
13331,2026-05-21 16:51:05,PDV 06,20,1.1,4.99,5.49,PIX,5102,0.18,0.99
13332,2026-05-21 19:40:52,PDV 04,20,1.0,4.99,4.99,Dinheiro,5102,0.18,0.9
13333,2026-05-21 08:10:36,PDV 06,20,1.1,4.99,5.49,Dinheiro,5102,0.18,0.99
13334,2026-05-22 20:49:16,PDV 01,20,6.5,4.99,32.44,Cartão Débito,5102,0.18,5.84
13335,2026-05-23 09:12:12,PDV 02,20,2.0,4.99,9.98,Cartão Crédito,5102,0.18,1.8
13336,2026-05-23 09:59:08,PDV 03,20,2.0,4.99,9.98,Cartão Débito,5102,0.18,1.8
13337,2026-05-23 10:12:22,PDV 04,20,2.1,4.99,10.48,Cartão Débito,5102,0.18,1.89
13338,2026-05-24 15:00:13,PDV 02,20,4.8,4.99,23.95,Cartão Crédito,5102,0.18,4.31
13339,2026-05-25 17:10:00,PDV 04,20,3.7,4.99,18.46,Cartão Débito,5102,0.18,3.32
13340,2026-05-26 11:52:32,PDV 06,20,1.8,4.99,8.98,Cartão Débito,5102,0.18,1.62
13341,2026-05-26 15:31:34,PDV 05,20,1.8,4.99,8.98,Dinheiro,5102,0.18,1.62
13342,2026-05-27 09:12:13,PDV 04,20,1.6,4.99,7.98,Cartão Débito,5102,0.18,1.44
13343,2026-05-27 18:34:18,PDV 03,20,1.7,4.99,8.48,Cartão Débito,5102,0.18,1.53
13344,2026-05-28 19:10:55,PDV 05,20,4.0,4.99,19.96,Cartão Débito,5102,0.18,3.59
13345,2026-05-29 14:18:32,PDV 01,20,2.5,4.99,12.48,Dinheiro,5102,0.18,2.25
13346,2026-05-29 09:27:17,PDV 03,20,2.4,4.99,11.98,Dinheiro,5102,0.18,2.16
13347,2026-05-30 15:13:43,PDV 03,20,3.0,4.99,14.97,PIX,5102,0.18,2.69
13348,2026-05-30 14:30:34,PDV 01,20,3.1,4.99,15.47,Dinheiro,5102,0.18,2.78
13349,2026-05-31 19:50:31,PDV 06,20,1.2,4.99,5.99,Cartão Crédito,5102,0.18,1.08
13350,2026-05-31 10:04:00,PDV 02,20,1.3,4.99,6.49,Cartão Crédito,5102,0.18,1.17
13351,2026-05-31 15:57:52,PDV 05,20,1.2,4.99,5.99,Cartão Crédito,5102,0.18,1.08
13352,2026-05-31 10:06:40,PDV 02,20,1.3,4.99,6.49,Cartão Débito,5102,0.18,1.17
13353,2026-06-01 10:36:34,PDV 03,20,1.1,4.99,5.49,Cartão Crédito,5102,0.18,0.99
13354,2026-06-01 15:50:46,PDV 06,20,1.2,4.99,5.99,Cartão Crédito,5102,0.18,1.08
13355,2026-06-01 11:48:27,PDV 02,20,1.1,4.99,5.49,PIX,5102,0.18,0.99
13356,2026-06-01 16:15:56,PDV 01,20,1.2,4.99,5.99,PIX,5102,0.18,1.08
13357,2026-06-02 16:43:20,PDV 04,20,3.8,4.99,18.96,Cartão Débito,5102,0.18,3.41
13358,2026-06-03 17:48:28,PDV 06,20,2.1,4.99,10.48,Cartão Débito,5102,0.18,1.89
13359,2026-06-03 20:44:37,PDV 05,20,2.1,4.99,10.48,Cartão Crédito,5102,0.18,1.89
13360,2026-06-04 14:43:59,PDV 01,20,1.6,4.99,7.98,Cartão Crédito,5102,0.18,1.44
13361,2026-06-04 19:03:25,PDV 04,20,1.5,4.99,7.49,Cartão Débito,5102,0.18,1.35
13362,2026-06-04 14:33:49,PDV 02,20,1.5,4.99,7.49,PIX,5102,0.18,1.35
13363,2026-06-04 08:23:48,PDV 01,20,1.6,4.99,7.98,Cartão Débito,5102,0.18,1.44
13364,2026-06-05 09:42:53,PDV 02,20,4.0,4.99,19.96,Cartão Débito,5102,0.18,3.59
13365,2026-06-05 18:22:20,PDV 06,20,3.9,4.99,19.46,Cartão Débito,5102,0.18,3.5
13366,2026-06-06 18:55:42,PDV 03,20,1.9,4.99,9.48,Cartão Débito,5102,0.18,1.71
13367,2026-06-06 13:34:28,PDV 01,20,1.9,4.99,9.48,Cartão Crédito,5102,0.18,1.71
13368,2026-06-06 14:36:09,PDV 06,20,1.8,4.99,8.98,Cartão Débito,5102,0.18,1.62
13369,2026-06-06 18:49:59,PDV 02,20,1.9,4.99,9.48,Cartão Débito,5102,0.18,1.71
13370,2026-06-07 13:36:25,PDV 04,20,2.6,4.99,12.97,PIX,5102,0.18,2.33
13371,2026-06-07 08:35:37,PDV 05,20,2.6,4.99,12.97,PIX,5102,0.18,2.33
13372,2026-06-08 11:27:39,PDV 05,20,1.5,4.99,7.49,Cartão Crédito,5102,0.18,1.35
13373,2026-06-08 20:34:55,PDV 01,20,1.5,4.99,7.49,Dinheiro,5102,0.18,1.35
13374,2026-06-08 10:57:58,PDV 01,20,1.4,4.99,6.99,PIX,5102,0.18,1.26
13375,2026-06-09 17:44:46,PDV 02,20,4.7,4.99,23.45,Cartão Crédito,5102,0.18,4.22
13376,2026-06-10 19:38:45,PDV 06,20,1.1,4.99,5.49,Cartão Débito,5102,0.18,0.99
13377,2026-06-10 12:41:08,PDV 03,20,1.1,4.99,5.49,PIX,5102,0.18,0.99
13378,2026-06-10 13:54:47,PDV 05,20,1.0,4.99,4.99,Cartão Crédito,5102,0.18,0.9
13379,2026-06-10 18:04:41,PDV 01,20,1.1,4.99,5.49,Cartão Débito,5102,0.18,0.99
13380,2026-06-11 18:34:32,PDV 04,20,1.1,4.99,5.49,Dinheiro,5102,0.18,0.99
13381,2026-06-11 20:58:02,PDV 06,20,1.1,4.99,5.49,Cartão Crédito,5102,0.18,0.99
13382,2026-06-11 09:22:59,PDV 02,20,1.1,4.99,5.49,Cartão Débito,5102,0.18,0.99
13383,2026-06-11 16:25:28,PDV 04,20,1.2,4.99,5.99,Cartão Crédito,5102,0.18,1.08
13384,2026-06-12 08:59:39,PDV 04,20,2.8,4.99,13.97,Cartão Débito,5102,0.18,2.51
13385,2026-06-12 20:04:39,PDV 01,20,2.8,4.99,13.97,Cartão Crédito,5102,0.18,2.51
13386,2026-06-13 15:39:34,PDV 04,20,1.6,4.99,7.98,Cartão Débito,5102,0.18,1.44
13387,2026-06-13 10:54:39,PDV 05,20,1.6,4.99,7.98,Dinheiro,5102,0.18,1.44
13388,2026-06-13 16:31:45,PDV 02,20,1.5,4.99,7.49,PIX,5102,0.18,1.35
13389,2026-06-13 10:20:33,PDV 05,20,1.6,4.99,7.98,Cartão Débito,5102,0.18,1.44
13390,2026-06-14 20:41:34,PDV 03,20,4.1,4.99,20.46,Cartão Crédito,5102,0.18,3.68
13391,2026-06-15 14:41:11,PDV 06,20,3.0,4.99,14.97,Cartão Crédito,5102,0.18,2.69
13392,2026-06-16 13:03:44,PDV 03,20,3.5,4.99,17.46,PIX,5102,0.18,3.14
13393,2026-06-17 13:48:24,PDV 04,20,1.0,4.99,4.99,Cartão Crédito,5102,0.18,0.9
13394,2026-06-17 13:43:29,PDV 05,20,1.0,4.99,4.99,Cartão Débito,5102,0.18,0.9
13395,2026-06-17 18:07:10,PDV 03,20,1.0,4.99,4.99,PIX,5102,0.18,0.9
13396,2026-06-18 20:47:21,PDV 03,20,2.4,4.99,11.98,Cartão Débito,5102,0.18,2.16
13397,2026-06-18 10:59:33,PDV 04,20,2.3,4.99,11.48,Cartão Crédito,5102,0.18,2.07
13398,2026-06-19 11:08:22,PDV 05,20,1.4,4.99,6.99,Cartão Débito,5102,0.18,1.26
13399,2026-06-19 18:15:40,PDV 02,20,1.4,4.99,6.99,Cartão Crédito,5102,0.18,1.26
13400,2026-06-19 19:36:54,PDV 03,20,1.3,4.99,6.49,PIX,5102,0.18,1.17
13401,2026-06-19 11:55:12,PDV 05,20,1.4,4.99,6.99,Dinheiro,5102,0.18,1.26
13402,2026-06-20 13:25:10,PDV 03,20,5.2,4.99,25.95,Cartão Débito,5102,0.18,4.67
13403,2026-06-21 10:34:48,PDV 03,20,1.6,4.99,7.98,Cartão Crédito,5102,0.18,1.44
13404,2026-06-21 15:11:58,PDV 03,20,1.6,4.99,7.98,Cartão Débito,5102,0.18,1.44
13405,2026-06-21 17:10:25,PDV 05,20,1.5,4.99,7.49,Cartão Débito,5102,0.18,1.35
13406,2026-06-22 13:33:38,PDV 06,20,2.9,4.99,14.47,Cartão Débito,5102,0.18,2.6
13407,2026-06-23 16:06:35,PDV 06,20,3.2,4.99,15.97,Cartão Débito,5102,0.18,2.87
13408,2026-06-24 08:41:31,PDV 05,20,1.8,4.99,8.98,Cartão Débito,5102,0.18,1.62
13409,2026-06-24 14:54:35,PDV 03,20,1.7,4.99,8.48,Cartão Débito,5102,0.18,1.53
13410,2026-06-25 20:31:49,PDV 06,20,1.6,4.99,7.98,Cartão Débito,5102,0.18,1.44
13411,2026-06-25 12:14:00,PDV 02,20,1.6,4.99,7.98,Cartão Débito,5102,0.18,1.44
13412,2026-06-25 17:07:56,PDV 06,20,1.6,4.99,7.98,PIX,5102,0.18,1.44
13413,2026-06-26 09:58:30,PDV 05,20,5.7,4.99,28.44,Cartão Crédito,5102,0.18,5.12
13414,2026-06-27 11:33:53,PDV 06,20,5.9,4.99,29.44,Cartão Débito,5102,0.18,5.3
13415,2026-06-28 12:50:02,PDV 01,20,2.4,4.99,11.98,PIX,5102,0.18,2.16
13416,2026-06-28 11:25:19,PDV 01,20,2.3,4.99,11.48,Cartão Débito,5102,0.18,2.07
13417,2026-06-29 09:20:52,PDV 03,20,1.6,4.99,7.98,Cartão Débito,5102,0.18,1.44
13418,2026-06-29 11:46:11,PDV 03,20,1.5,4.99,7.49,Cartão Crédito,5102,0.18,1.35
13419,2026-04-01 16:13:40,PDV 06,21,1.0,3.29,3.29,Cartão Crédito,5102,0.18,0.59
13420,2026-04-02 19:11:43,PDV 01,21,2.0,3.29,6.58,Cartão Débito,5102,0.18,1.18
13421,2026-04-03 16:33:39,PDV 04,21,2.0,3.29,6.58,Cartão Débito,5102,0.18,1.18
13422,2026-04-03 17:45:31,PDV 02,21,1.0,3.29,3.29,Cartão Crédito,5102,0.18,0.59
13423,2026-04-04 11:27:28,PDV 06,21,1.0,3.29,3.29,PIX,5102,0.18,0.59
13424,2026-04-04 19:18:41,PDV 04,21,1.0,3.29,3.29,Cartão Débito,5102,0.18,0.59
13425,2026-04-04 08:08:23,PDV 05,21,1.0,3.29,3.29,Dinheiro,5102,0.18,0.59
13426,2026-04-05 19:10:58,PDV 03,21,2.0,3.29,6.58,Cartão Débito,5102,0.18,1.18
13427,2026-04-06 09:33:13,PDV 02,21,2.0,3.29,6.58,Cartão Crédito,5102,0.18,1.18
13428,2026-04-07 20:52:06,PDV 06,21,2.0,3.29,6.58,Cartão Débito,5102,0.18,1.18
13429,2026-04-08 09:08:12,PDV 05,21,1.0,3.29,3.29,Cartão Débito,5102,0.18,0.59
13430,2026-04-09 18:00:40,PDV 03,21,2.0,3.29,6.58,Cartão Crédito,5102,0.18,1.18
13431,2026-04-10 14:47:00,PDV 01,21,3.0,3.29,9.87,Cartão Crédito,5102,0.18,1.78
13432,2026-04-11 14:16:31,PDV 02,21,2.0,3.29,6.58,Cartão Débito,5102,0.18,1.18
13433,2026-04-12 16:29:22,PDV 01,21,1.0,3.29,3.29,Cartão Crédito,5102,0.18,0.59
13434,2026-04-13 20:30:25,PDV 05,21,1.0,3.29,3.29,Cartão Crédito,5102,0.18,0.59
13435,2026-04-14 18:29:11,PDV 02,21,1.0,3.29,3.29,PIX,5102,0.18,0.59
13436,2026-04-15 15:29:20,PDV 03,21,1.0,3.29,3.29,Cartão Crédito,5102,0.18,0.59
13437,2026-04-16 13:35:40,PDV 03,21,2.0,3.29,6.58,Cartão Crédito,5102,0.18,1.18
13438,2026-04-17 14:09:55,PDV 05,21,2.0,3.29,6.58,Dinheiro,5102,0.18,1.18
13439,2026-04-18 13:09:39,PDV 01,21,2.0,3.29,6.58,Cartão Crédito,5102,0.18,1.18
13440,2026-04-19 20:54:42,PDV 06,21,1.0,3.29,3.29,Cartão Crédito,5102,0.18,0.59
13441,2026-04-20 18:35:15,PDV 06,21,1.0,3.29,3.29,Cartão Débito,5102,0.18,0.59
13442,2026-04-21 08:35:55,PDV 02,21,1.0,3.29,3.29,Cartão Crédito,5102,0.18,0.59
13443,2026-04-22 09:41:30,PDV 02,21,1.0,3.29,3.29,Cartão Débito,5102,0.18,0.59
13444,2026-04-23 18:13:12,PDV 04,21,2.0,3.29,6.58,PIX,5102,0.18,1.18
13445,2026-04-24 19:13:59,PDV 05,21,2.0,3.29,6.58,Cartão Crédito,5102,0.18,1.18
13446,2026-04-25 10:53:59,PDV 01,21,2.0,3.29,6.58,Cartão Débito,5102,0.18,1.18
13447,2026-04-26 10:09:36,PDV 05,21,2.0,3.29,6.58,Dinheiro,5102,0.18,1.18
13448,2026-04-27 11:47:26,PDV 02,21,1.0,3.29,3.29,Dinheiro,5102,0.18,0.59
13449,2026-04-28 19:27:51,PDV 03,21,1.0,3.29,3.29,Cartão Crédito,5102,0.18,0.59
13450,2026-04-29 17:04:40,PDV 03,21,1.0,3.29,3.29,Cartão Débito,5102,0.18,0.59
13451,2026-04-30 16:09:15,PDV 02,21,2.0,3.29,6.58,Cartão Débito,5102,0.18,1.18
13452,2026-05-01 13:44:15,PDV 05,21,2.0,3.29,6.58,PIX,5102,0.18,1.18
13453,2026-05-02 11:20:35,PDV 03,21,1.0,3.29,3.29,Cartão Débito,5102,0.18,0.59
13454,2026-05-02 09:31:46,PDV 06,21,1.0,3.29,3.29,Cartão Crédito,5102,0.18,0.59
13455,2026-05-02 19:56:31,PDV 02,21,1.0,3.29,3.29,Cartão Débito,5102,0.18,0.59
13456,2026-05-03 14:18:15,PDV 01,21,2.0,3.29,6.58,Cartão Crédito,5102,0.18,1.18
13457,2026-05-04 12:55:16,PDV 05,21,2.0,3.29,6.58,PIX,5102,0.18,1.18
13458,2026-05-05 20:31:39,PDV 06,21,1.0,3.29,3.29,Cartão Crédito,5102,0.18,0.59
13459,2026-05-06 10:57:28,PDV 05,21,2.0,3.29,6.58,PIX,5102,0.18,1.18
13460,2026-05-07 17:28:00,PDV 02,21,2.0,3.29,6.58,Cartão Crédito,5102,0.18,1.18
13461,2026-05-08 09:10:03,PDV 03,21,2.0,3.29,6.58,Cartão Débito,5102,0.18,1.18
13462,2026-05-08 17:29:48,PDV 05,21,1.0,3.29,3.29,Dinheiro,5102,0.18,0.59
13463,2026-05-09 09:13:31,PDV 06,21,1.0,3.29,3.29,PIX,5102,0.18,0.59
13464,2026-05-09 13:08:37,PDV 05,21,1.0,3.29,3.29,Dinheiro,5102,0.18,0.59
13465,2026-05-09 16:15:08,PDV 02,21,1.0,3.29,3.29,Cartão Débito,5102,0.18,0.59
13466,2026-05-10 18:48:06,PDV 02,21,2.0,3.29,6.58,PIX,5102,0.18,1.18
13467,2026-05-11 14:46:50,PDV 06,21,1.0,3.29,3.29,PIX,5102,0.18,0.59
13468,2026-05-12 16:12:11,PDV 01,21,1.0,3.29,3.29,PIX,5102,0.18,0.59
13469,2026-05-13 12:48:35,PDV 04,21,1.0,3.29,3.29,Cartão Crédito,5102,0.18,0.59
13470,2026-05-14 18:56:29,PDV 05,21,2.0,3.29,6.58,Cartão Crédito,5102,0.18,1.18
13471,2026-05-15 17:28:22,PDV 06,21,2.0,3.29,6.58,Cartão Débito,5102,0.18,1.18
13472,2026-05-16 19:46:45,PDV 03,21,2.0,3.29,6.58,Cartão Crédito,5102,0.18,1.18
13473,2026-05-17 13:11:15,PDV 06,21,2.0,3.29,6.58,Cartão Crédito,5102,0.18,1.18
13474,2026-05-18 08:51:53,PDV 01,21,1.0,3.29,3.29,Cartão Débito,5102,0.18,0.59
13475,2026-05-19 12:19:15,PDV 04,21,1.0,3.29,3.29,Cartão Crédito,5102,0.18,0.59
13476,2026-05-20 17:54:50,PDV 05,21,1.0,3.29,3.29,Cartão Débito,5102,0.18,0.59
13477,2026-05-21 15:04:22,PDV 02,21,2.0,3.29,6.58,Dinheiro,5102,0.18,1.18
13478,2026-05-22 19:36:57,PDV 01,21,2.0,3.29,6.58,Cartão Débito,5102,0.18,1.18
13479,2026-05-23 10:41:36,PDV 02,21,2.0,3.29,6.58,PIX,5102,0.18,1.18
13480,2026-05-24 19:37:47,PDV 03,21,2.0,3.29,6.58,Cartão Crédito,5102,0.18,1.18
13481,2026-05-25 09:19:12,PDV 04,21,1.0,3.29,3.29,Cartão Débito,5102,0.18,0.59
13482,2026-05-26 19:32:12,PDV 01,21,1.0,3.29,3.29,Cartão Crédito,5102,0.18,0.59
13483,2026-05-27 11:58:00,PDV 05,21,1.0,3.29,3.29,Cartão Crédito,5102,0.18,0.59
13484,2026-05-28 15:05:13,PDV 06,21,2.0,3.29,6.58,Cartão Crédito,5102,0.18,1.18
13485,2026-05-29 09:38:07,PDV 02,21,2.0,3.29,6.58,Cartão Débito,5102,0.18,1.18
13486,2026-05-30 18:09:46,PDV 02,21,2.0,3.29,6.58,Cartão Débito,5102,0.18,1.18
13487,2026-05-31 10:07:55,PDV 06,21,2.0,3.29,6.58,Dinheiro,5102,0.18,1.18
13488,2026-06-01 15:26:29,PDV 06,21,2.0,3.29,6.58,Cartão Débito,5102,0.18,1.18
13489,2026-06-02 09:38:49,PDV 06,21,1.0,3.29,3.29,Cartão Crédito,5102,0.18,0.59
13490,2026-06-03 09:07:24,PDV 04,21,2.0,3.29,6.58,Cartão Débito,5102,0.18,1.18
13491,2026-06-04 10:02:07,PDV 05,21,2.0,3.29,6.58,Cartão Crédito,5102,0.18,1.18
13492,2026-06-05 10:46:21,PDV 06,21,2.0,3.29,6.58,Cartão Crédito,5102,0.18,1.18
13493,2026-06-05 16:48:28,PDV 02,21,1.0,3.29,3.29,Cartão Débito,5102,0.18,0.59
13494,2026-06-06 17:47:46,PDV 02,21,2.0,3.29,6.58,Cartão Débito,5102,0.18,1.18
13495,2026-06-07 17:12:27,PDV 04,21,2.0,3.29,6.58,Cartão Débito,5102,0.18,1.18
13496,2026-06-08 16:00:42,PDV 02,21,2.0,3.29,6.58,Cartão Crédito,5102,0.18,1.18
13497,2026-06-09 18:51:19,PDV 05,21,2.0,3.29,6.58,Cartão Débito,5102,0.18,1.18
13498,2026-06-10 20:50:18,PDV 02,21,1.0,3.29,3.29,Cartão Débito,5102,0.18,0.59
13499,2026-06-11 12:01:50,PDV 05,21,2.0,3.29,6.58,Cartão Crédito,5102,0.18,1.18
13500,2026-06-12 18:33:08,PDV 03,21,2.0,3.29,6.58,PIX,5102,0.18,1.18
13501,2026-06-13 17:42:20,PDV 02,21,2.0,3.29,6.58,Cartão Débito,5102,0.18,1.18
13502,2026-06-14 12:24:08,PDV 01,21,1.0,3.29,3.29,PIX,5102,0.18,0.59
13503,2026-06-15 17:12:44,PDV 03,21,1.0,3.29,3.29,Dinheiro,5102,0.18,0.59
13504,2026-06-16 13:46:24,PDV 01,21,1.0,3.29,3.29,PIX,5102,0.18,0.59
13505,2026-06-17 19:41:00,PDV 02,21,1.0,3.29,3.29,Cartão Crédito,5102,0.18,0.59
13506,2026-06-18 17:38:22,PDV 02,21,2.0,3.29,6.58,PIX,5102,0.18,1.18
13507,2026-06-19 17:31:52,PDV 01,21,2.0,3.29,6.58,PIX,5102,0.18,1.18
13508,2026-06-20 11:29:07,PDV 02,21,2.0,3.29,6.58,Cartão Débito,5102,0.18,1.18
13509,2026-06-21 14:59:22,PDV 05,21,2.0,3.29,6.58,Cartão Débito,5102,0.18,1.18
13510,2026-06-22 13:24:19,PDV 02,21,1.0,3.29,3.29,Cartão Débito,5102,0.18,0.59
13511,2026-06-23 08:16:04,PDV 06,21,1.0,3.29,3.29,PIX,5102,0.18,0.59
13512,2026-06-24 08:09:30,PDV 01,21,1.0,3.29,3.29,Cartão Crédito,5102,0.18,0.59
13513,2026-06-25 13:39:10,PDV 04,21,2.0,3.29,6.58,Cartão Débito,5102,0.18,1.18
13514,2026-06-26 15:17:03,PDV 02,21,2.0,3.29,6.58,Cartão Crédito,5102,0.18,1.18
13515,2026-06-27 08:28:46,PDV 06,21,2.0,3.29,6.58,Dinheiro,5102,0.18,1.18
13516,2026-06-28 14:27:55,PDV 05,21,2.0,3.29,6.58,Cartão Débito,5102,0.18,1.18
13517,2026-06-29 10:08:55,PDV 03,21,2.0,3.29,6.58,Cartão Crédito,5102,0.18,1.18
13518,2026-06-29 09:21:20,PDV 03,21,2.0,3.29,6.58,Dinheiro,5102,0.18,1.18
13519,2026-04-01 20:58:28,PDV 03,22,2.2,38.9,85.58,PIX,5102,0.18,15.4
13520,2026-04-02 14:52:09,PDV 01,22,1.8,38.9,70.02,Cartão Débito,5102,0.18,12.6
13521,2026-04-02 09:33:15,PDV 02,22,1.8,38.9,70.02,Cartão Crédito,5102,0.18,12.6
13522,2026-04-03 08:02:03,PDV 03,22,1.1,38.9,42.79,Cartão Crédito,5102,0.18,7.7
13523,2026-04-03 14:06:19,PDV 03,22,1.1,38.9,42.79,Cartão Crédito,5102,0.18,7.7
13524,2026-04-03 08:48:04,PDV 01,22,1.0,38.9,38.9,Cartão Débito,5102,0.18,7.0
13525,2026-04-03 17:31:42,PDV 04,22,1.1,38.9,42.79,Cartão Débito,5102,0.18,7.7
13526,2026-04-04 08:01:47,PDV 06,22,1.8,38.9,70.02,Cartão Débito,5102,0.18,12.6
13527,2026-04-04 11:34:49,PDV 05,22,1.7,38.9,66.13,Cartão Débito,5102,0.18,11.9
13528,2026-04-05 17:48:44,PDV 06,22,1.2,38.9,46.68,Cartão Crédito,5102,0.18,8.4
13529,2026-04-05 12:36:00,PDV 03,22,1.1,38.9,42.79,Cartão Débito,5102,0.18,7.7
13530,2026-04-05 19:04:20,PDV 02,22,1.2,38.9,46.68,Cartão Débito,5102,0.18,8.4
13531,2026-04-06 20:37:19,PDV 06,22,2.7,38.9,105.03,PIX,5102,0.18,18.91
13532,2026-04-07 14:50:38,PDV 05,22,1.1,38.9,42.79,Dinheiro,5102,0.18,7.7
13533,2026-04-07 18:14:41,PDV 01,22,1.0,38.9,38.9,Cartão Débito,5102,0.18,7.0
13534,2026-04-08 18:07:52,PDV 04,22,1.1,38.9,42.79,Cartão Débito,5102,0.18,7.7
13535,2026-04-08 16:47:18,PDV 01,22,1.0,38.9,38.9,Cartão Crédito,5102,0.18,7.0
13536,2026-04-09 09:09:13,PDV 04,22,1.4,38.9,54.46,Cartão Débito,5102,0.18,9.8
13537,2026-04-09 08:31:30,PDV 05,22,1.4,38.9,54.46,Cartão Débito,5102,0.18,9.8
13538,2026-04-10 10:48:20,PDV 04,22,3.9,38.9,151.71,Cartão Débito,5102,0.18,27.31
13539,2026-04-11 19:32:42,PDV 05,22,1.2,38.9,46.68,Cartão Crédito,5102,0.18,8.4
13540,2026-04-11 17:36:58,PDV 01,22,1.2,38.9,46.68,Dinheiro,5102,0.18,8.4
13541,2026-04-11 15:51:00,PDV 01,22,1.3,38.9,50.57,Cartão Crédito,5102,0.18,9.1
13542,2026-04-12 10:56:27,PDV 06,22,1.5,38.9,58.35,Cartão Débito,5102,0.18,10.5
13543,2026-04-12 11:29:03,PDV 05,22,1.5,38.9,58.35,Cartão Crédito,5102,0.18,10.5
13544,2026-04-13 16:54:10,PDV 01,22,2.0,38.9,77.8,Cartão Débito,5102,0.18,14.0
13545,2026-04-14 10:42:42,PDV 06,22,2.1,38.9,81.69,Cartão Débito,5102,0.18,14.7
13546,2026-04-15 20:42:40,PDV 03,22,1.9,38.9,73.91,Cartão Débito,5102,0.18,13.3
13547,2026-04-16 11:23:43,PDV 06,22,2.5,38.9,97.25,PIX,5102,0.18,17.5
13548,2026-04-17 16:38:32,PDV 05,22,1.2,38.9,46.68,Cartão Crédito,5102,0.18,8.4
13549,2026-04-17 10:57:07,PDV 01,22,1.2,38.9,46.68,Dinheiro,5102,0.18,8.4
13550,2026-04-17 08:46:53,PDV 05,22,1.2,38.9,46.68,Cartão Crédito,5102,0.18,8.4
13551,2026-04-18 12:59:42,PDV 05,22,1.1,38.9,42.79,Cartão Débito,5102,0.18,7.7
13552,2026-04-18 09:34:59,PDV 04,22,1.1,38.9,42.79,PIX,5102,0.18,7.7
13553,2026-04-18 12:34:08,PDV 02,22,1.2,38.9,46.68,PIX,5102,0.18,8.4
13554,2026-04-19 13:33:32,PDV 06,22,1.2,38.9,46.68,Dinheiro,5102,0.18,8.4
13555,2026-04-19 17:28:32,PDV 03,22,1.3,38.9,50.57,Cartão Crédito,5102,0.18,9.1
13556,2026-04-20 08:34:11,PDV 01,22,2.0,38.9,77.8,PIX,5102,0.18,14.0
13557,2026-04-21 16:02:26,PDV 04,22,1.1,38.9,42.79,Cartão Débito,5102,0.18,7.7
13558,2026-04-21 18:05:53,PDV 02,22,1.0,38.9,38.9,PIX,5102,0.18,7.0
13559,2026-04-22 14:36:05,PDV 03,22,1.8,38.9,70.02,Cartão Crédito,5102,0.18,12.6
13560,2026-04-23 20:41:42,PDV 01,22,2.4,38.9,93.36,Dinheiro,5102,0.18,16.8
13561,2026-04-24 15:43:52,PDV 05,22,1.2,38.9,46.68,Cartão Débito,5102,0.18,8.4
13562,2026-04-24 10:38:42,PDV 04,22,1.2,38.9,46.68,Cartão Crédito,5102,0.18,8.4
13563,2026-04-24 16:09:29,PDV 06,22,1.2,38.9,46.68,PIX,5102,0.18,8.4
13564,2026-04-25 18:59:54,PDV 04,22,1.2,38.9,46.68,Cartão Crédito,5102,0.18,8.4
13565,2026-04-25 08:17:02,PDV 05,22,1.2,38.9,46.68,Cartão Débito,5102,0.18,8.4
13566,2026-04-25 19:07:16,PDV 01,22,1.3,38.9,50.57,PIX,5102,0.18,9.1
13567,2026-04-26 09:22:27,PDV 01,22,1.2,38.9,46.68,Cartão Crédito,5102,0.18,8.4
13568,2026-04-26 16:41:15,PDV 02,22,1.2,38.9,46.68,Cartão Crédito,5102,0.18,8.4
13569,2026-04-27 13:46:24,PDV 03,22,2.1,38.9,81.69,Cartão Débito,5102,0.18,14.7
13570,2026-04-28 15:37:51,PDV 06,22,1.7,38.9,66.13,Cartão Crédito,5102,0.18,11.9
13571,2026-04-29 10:18:40,PDV 01,22,1.1,38.9,42.79,PIX,5102,0.18,7.7
13572,2026-04-29 14:44:40,PDV 03,22,1.0,38.9,38.9,PIX,5102,0.18,7.0
13573,2026-04-30 14:34:15,PDV 06,22,1.3,38.9,50.57,Cartão Débito,5102,0.18,9.1
13574,2026-04-30 17:27:01,PDV 03,22,1.3,38.9,50.57,Cartão Crédito,5102,0.18,9.1
13575,2026-05-01 10:04:28,PDV 01,22,1.8,38.9,70.02,Cartão Débito,5102,0.18,12.6
13576,2026-05-01 13:06:24,PDV 02,22,1.7,38.9,66.13,Cartão Débito,5102,0.18,11.9
13577,2026-05-02 17:48:15,PDV 06,22,1.8,38.9,70.02,Cartão Crédito,5102,0.18,12.6
13578,2026-05-02 16:34:08,PDV 01,22,1.7,38.9,66.13,Cartão Crédito,5102,0.18,11.9
13579,2026-05-03 12:34:25,PDV 05,22,2.8,38.9,108.92,Cartão Crédito,5102,0.18,19.61
13580,2026-05-04 17:02:56,PDV 04,22,2.1,38.9,81.69,Cartão Débito,5102,0.18,14.7
13581,2026-05-05 14:30:09,PDV 05,22,1.3,38.9,50.57,Cartão Crédito,5102,0.18,9.1
13582,2026-05-05 17:04:27,PDV 01,22,1.3,38.9,50.57,Cartão Crédito,5102,0.18,9.1
13583,2026-05-06 09:19:04,PDV 02,22,2.1,38.9,81.69,Dinheiro,5102,0.18,14.7
13584,2026-05-07 17:57:48,PDV 06,22,3.0,38.9,116.7,Cartão Débito,5102,0.18,21.01
13585,2026-05-08 11:45:26,PDV 01,22,2.2,38.9,85.58,Cartão Débito,5102,0.18,15.4
13586,2026-05-08 15:46:26,PDV 01,22,2.3,38.9,89.47,Cartão Débito,5102,0.18,16.1
13587,2026-05-09 08:58:16,PDV 03,22,2.2,38.9,85.58,Cartão Crédito,5102,0.18,15.4
13588,2026-05-09 09:25:21,PDV 06,22,2.2,38.9,85.58,Cartão Débito,5102,0.18,15.4
13589,2026-05-10 13:58:17,PDV 03,22,3.2,38.9,124.48,Cartão Crédito,5102,0.18,22.41
13590,2026-05-11 12:07:39,PDV 01,22,1.8,38.9,70.02,Cartão Crédito,5102,0.18,12.6
13591,2026-05-12 18:02:55,PDV 02,22,1.9,38.9,73.91,Cartão Crédito,5102,0.18,13.3
13592,2026-05-13 12:01:50,PDV 05,22,1.8,38.9,70.02,Cartão Crédito,5102,0.18,12.6
13593,2026-05-14 15:48:47,PDV 04,22,3.0,38.9,116.7,PIX,5102,0.18,21.01
13594,2026-05-15 09:49:33,PDV 02,22,1.1,38.9,42.79,Cartão Crédito,5102,0.18,7.7
13595,2026-05-15 17:34:36,PDV 05,22,1.1,38.9,42.79,Cartão Crédito,5102,0.18,7.7
13596,2026-05-15 16:34:58,PDV 06,22,1.1,38.9,42.79,Cartão Débito,5102,0.18,7.7
13597,2026-05-16 15:53:35,PDV 02,22,1.6,38.9,62.24,Cartão Débito,5102,0.18,11.2
13598,2026-05-16 09:28:17,PDV 04,22,1.6,38.9,62.24,Cartão Crédito,5102,0.18,11.2
13599,2026-05-17 20:14:53,PDV 03,22,2.2,38.9,85.58,Cartão Crédito,5102,0.18,15.4
13600,2026-05-18 14:40:24,PDV 03,22,1.6,38.9,62.24,Cartão Crédito,5102,0.18,11.2
13601,2026-05-19 17:42:34,PDV 05,22,1.7,38.9,66.13,PIX,5102,0.18,11.9
13602,2026-05-20 19:37:25,PDV 06,22,2.1,38.9,81.69,Cartão Crédito,5102,0.18,14.7
13603,2026-05-21 12:59:32,PDV 04,22,1.2,38.9,46.68,Cartão Crédito,5102,0.18,8.4
13604,2026-05-21 19:57:55,PDV 01,22,1.3,38.9,50.57,Cartão Débito,5102,0.18,9.1
13605,2026-05-22 13:51:42,PDV 01,22,1.4,38.9,54.46,Cartão Débito,5102,0.18,9.8
13606,2026-05-22 17:08:46,PDV 05,22,1.5,38.9,58.35,Cartão Crédito,5102,0.18,10.5
13607,2026-05-23 18:49:30,PDV 03,22,3.4,38.9,132.26,Cartão Débito,5102,0.18,23.81
13608,2026-05-24 19:02:22,PDV 01,22,1.4,38.9,54.46,Cartão Débito,5102,0.18,9.8
13609,2026-05-24 09:27:43,PDV 06,22,1.5,38.9,58.35,Cartão Débito,5102,0.18,10.5
13610,2026-05-25 17:34:48,PDV 05,22,1.7,38.9,66.13,PIX,5102,0.18,11.9
13611,2026-05-26 11:26:20,PDV 02,22,1.8,38.9,70.02,Cartão Crédito,5102,0.18,12.6
13612,2026-05-27 19:41:08,PDV 01,22,1.7,38.9,66.13,Cartão Crédito,5102,0.18,11.9
13613,2026-05-28 13:23:38,PDV 01,22,1.1,38.9,42.79,Cartão Débito,5102,0.18,7.7
13614,2026-05-28 08:03:01,PDV 05,22,1.2,38.9,46.68,Cartão Crédito,5102,0.18,8.4
13615,2026-05-29 12:51:08,PDV 03,22,1.1,38.9,42.79,Cartão Crédito,5102,0.18,7.7
13616,2026-05-29 17:16:11,PDV 01,22,1.1,38.9,42.79,Cartão Débito,5102,0.18,7.7
13617,2026-05-29 14:24:43,PDV 03,22,1.1,38.9,42.79,PIX,5102,0.18,7.7
13618,2026-05-30 16:39:27,PDV 04,22,1.1,38.9,42.79,Cartão Crédito,5102,0.18,7.7
13619,2026-05-30 08:20:50,PDV 04,22,1.1,38.9,42.79,Cartão Débito,5102,0.18,7.7
13620,2026-05-30 08:52:50,PDV 03,22,1.0,38.9,38.9,Cartão Débito,5102,0.18,7.0
13621,2026-05-31 15:48:28,PDV 03,22,1.1,38.9,42.79,Cartão Crédito,5102,0.18,7.7
13622,2026-05-31 08:36:28,PDV 03,22,1.2,38.9,46.68,PIX,5102,0.18,8.4
13623,2026-06-01 11:50:32,PDV 05,22,2.1,38.9,81.69,Cartão Débito,5102,0.18,14.7
13624,2026-06-02 11:54:50,PDV 03,22,2.6,38.9,101.14,Cartão Débito,5102,0.18,18.21
13625,2026-06-03 14:50:08,PDV 06,22,1.1,38.9,42.79,Cartão Débito,5102,0.18,7.7
13626,2026-06-03 14:21:44,PDV 03,22,1.2,38.9,46.68,Cartão Débito,5102,0.18,8.4
13627,2026-06-04 18:21:38,PDV 05,22,1.9,38.9,73.91,Cartão Débito,5102,0.18,13.3
13628,2026-06-04 08:00:44,PDV 06,22,1.8,38.9,70.02,Cartão Crédito,5102,0.18,12.6
13629,2026-06-05 09:11:09,PDV 03,22,2.2,38.9,85.58,Cartão Débito,5102,0.18,15.4
13630,2026-06-05 20:51:28,PDV 04,22,2.3,38.9,89.47,Dinheiro,5102,0.18,16.1
13631,2026-06-06 19:42:30,PDV 03,22,1.9,38.9,73.91,Cartão Crédito,5102,0.18,13.3
13632,2026-06-06 20:20:39,PDV 01,22,1.9,38.9,73.91,Cartão Débito,5102,0.18,13.3
13633,2026-06-07 09:11:17,PDV 06,22,3.7,38.9,143.93,Dinheiro,5102,0.18,25.91
13634,2026-06-08 13:58:54,PDV 05,22,2.7,38.9,105.03,PIX,5102,0.18,18.91
13635,2026-06-09 16:51:33,PDV 06,22,1.2,38.9,46.68,Cartão Débito,5102,0.18,8.4
13636,2026-06-09 08:00:48,PDV 05,22,1.2,38.9,46.68,Cartão Débito,5102,0.18,8.4
13637,2026-06-10 17:33:25,PDV 04,22,1.1,38.9,42.79,Cartão Crédito,5102,0.18,7.7
13638,2026-06-10 16:08:12,PDV 01,22,1.1,38.9,42.79,Cartão Débito,5102,0.18,7.7
13639,2026-06-11 15:59:50,PDV 01,22,1.2,38.9,46.68,Dinheiro,5102,0.18,8.4
13640,2026-06-11 12:28:08,PDV 06,22,1.3,38.9,50.57,Cartão Crédito,5102,0.18,9.1
13641,2026-06-12 10:40:51,PDV 04,22,1.4,38.9,54.46,Cartão Débito,5102,0.18,9.8
13642,2026-06-12 19:07:58,PDV 02,22,1.5,38.9,58.35,Cartão Débito,5102,0.18,10.5
13643,2026-06-13 12:14:47,PDV 04,22,1.0,38.9,38.9,Cartão Débito,5102,0.18,7.0
13644,2026-06-13 14:22:44,PDV 05,22,1.0,38.9,38.9,Cartão Crédito,5102,0.18,7.0
13645,2026-06-13 20:34:03,PDV 04,22,1.0,38.9,38.9,Cartão Crédito,5102,0.18,7.0
13646,2026-06-14 13:16:32,PDV 02,22,2.2,38.9,85.58,Cartão Débito,5102,0.18,15.4
13647,2026-06-15 09:42:35,PDV 06,22,1.9,38.9,73.91,PIX,5102,0.18,13.3
13648,2026-06-16 16:20:56,PDV 03,22,1.8,38.9,70.02,Cartão Débito,5102,0.18,12.6
13649,2026-06-17 08:02:43,PDV 04,22,1.1,38.9,42.79,Cartão Débito,5102,0.18,7.7
13650,2026-06-17 18:23:18,PDV 06,22,1.0,38.9,38.9,Cartão Crédito,5102,0.18,7.0
13651,2026-06-18 11:54:56,PDV 01,22,2.7,38.9,105.03,Cartão Débito,5102,0.18,18.91
13652,2026-06-19 10:59:45,PDV 04,22,3.2,38.9,124.48,Cartão Débito,5102,0.18,22.41
13653,2026-06-20 17:48:47,PDV 06,22,1.2,38.9,46.68,Dinheiro,5102,0.18,8.4
13654,2026-06-20 18:39:46,PDV 01,22,1.1,38.9,42.79,Cartão Crédito,5102,0.18,7.7
13655,2026-06-20 20:25:48,PDV 02,22,1.2,38.9,46.68,Cartão Débito,5102,0.18,8.4
13656,2026-06-21 18:41:43,PDV 06,22,1.4,38.9,54.46,Cartão Débito,5102,0.18,9.8
13657,2026-06-21 10:01:12,PDV 05,22,1.3,38.9,50.57,Cartão Crédito,5102,0.18,9.1
13658,2026-06-22 18:10:52,PDV 01,22,1.9,38.9,73.91,PIX,5102,0.18,13.3
13659,2026-06-23 13:45:00,PDV 06,22,1.8,38.9,70.02,Cartão Crédito,5102,0.18,12.6
13660,2026-06-24 20:54:04,PDV 05,22,2.0,38.9,77.8,PIX,5102,0.18,14.0
13661,2026-06-25 08:16:21,PDV 06,22,2.5,38.9,97.25,Cartão Crédito,5102,0.18,17.5
13662,2026-06-26 14:38:50,PDV 02,22,3.8,38.9,147.82,Cartão Débito,5102,0.18,26.61
13663,2026-06-27 16:53:09,PDV 03,22,1.2,38.9,46.68,Cartão Crédito,5102,0.18,8.4
13664,2026-06-27 11:21:54,PDV 02,22,1.2,38.9,46.68,PIX,5102,0.18,8.4
13665,2026-06-27 08:02:54,PDV 06,22,1.2,38.9,46.68,PIX,5102,0.18,8.4
13666,2026-06-28 16:04:45,PDV 04,22,2.8,38.9,108.92,Cartão Crédito,5102,0.18,19.61
13667,2026-06-29 16:57:04,PDV 04,22,1.1,38.9,42.79,Cartão Débito,5102,0.18,7.7
13668,2026-06-29 10:17:16,PDV 03,22,1.0,38.9,38.9,Dinheiro,5102,0.18,7.0
13669,2026-04-01 19:24:07,PDV 01,23,1.9,28.9,54.91,Cartão Crédito,5102,0.18,9.88
13670,2026-04-01 12:12:23,PDV 04,23,2.0,28.9,57.8,PIX,5102,0.18,10.4
13671,2026-04-02 08:58:46,PDV 02,23,1.4,28.9,40.46,PIX,5102,0.18,7.28
13672,2026-04-02 12:59:20,PDV 06,23,1.4,28.9,40.46,Cartão Débito,5102,0.18,7.28
13673,2026-04-02 09:37:32,PDV 01,23,1.5,28.9,43.35,PIX,5102,0.18,7.8
13674,2026-04-03 14:50:48,PDV 05,23,1.9,28.9,54.91,Cartão Crédito,5102,0.18,9.88
13675,2026-04-03 11:20:19,PDV 04,23,1.9,28.9,54.91,PIX,5102,0.18,9.88
13676,2026-04-03 17:20:53,PDV 06,23,2.0,28.9,57.8,PIX,5102,0.18,10.4
13677,2026-04-04 08:12:46,PDV 01,23,6.5,28.9,187.85,Cartão Crédito,5102,0.18,33.81
13678,2026-04-05 10:00:23,PDV 03,23,1.1,28.9,31.79,Dinheiro,5102,0.18,5.72
13679,2026-04-05 19:37:24,PDV 04,23,1.1,28.9,31.79,PIX,5102,0.18,5.72
13680,2026-04-05 13:01:57,PDV 06,23,1.0,28.9,28.9,Cartão Débito,5102,0.18,5.2
13681,2026-04-05 14:57:42,PDV 04,23,1.1,28.9,31.79,Cartão Crédito,5102,0.18,5.72
13682,2026-04-06 09:00:57,PDV 06,23,3.5,28.9,101.15,Cartão Débito,5102,0.18,18.21
13683,2026-04-07 12:55:05,PDV 06,23,1.6,28.9,46.24,Cartão Débito,5102,0.18,8.32
13684,2026-04-07 11:18:00,PDV 04,23,1.7,28.9,49.13,Cartão Crédito,5102,0.18,8.84
13685,2026-04-08 14:39:52,PDV 05,23,3.0,28.9,86.7,Cartão Débito,5102,0.18,15.61
13686,2026-04-09 08:33:39,PDV 01,23,1.2,28.9,34.68,Cartão Débito,5102,0.18,6.24
13687,2026-04-09 16:48:12,PDV 04,23,1.2,28.9,34.68,Cartão Crédito,5102,0.18,6.24
13688,2026-04-09 11:18:35,PDV 02,23,1.2,28.9,34.68,Cartão Débito,5102,0.18,6.24
13689,2026-04-09 19:36:36,PDV 05,23,1.2,28.9,34.68,Cartão Crédito,5102,0.18,6.24
13690,2026-04-10 17:29:50,PDV 01,23,1.4,28.9,40.46,Cartão Crédito,5102,0.18,7.28
13691,2026-04-10 16:27:35,PDV 05,23,1.3,28.9,37.57,Cartão Crédito,5102,0.18,6.76
13692,2026-04-10 18:36:07,PDV 04,23,1.4,28.9,40.46,Cartão Crédito,5102,0.18,7.28
13693,2026-04-10 18:42:41,PDV 04,23,1.3,28.9,37.57,PIX,5102,0.18,6.76
13694,2026-04-11 13:01:23,PDV 05,23,5.0,28.9,144.5,Cartão Crédito,5102,0.18,26.01
13695,2026-04-12 15:54:04,PDV 05,23,1.9,28.9,54.91,Cartão Crédito,5102,0.18,9.88
13696,2026-04-12 14:01:44,PDV 05,23,1.9,28.9,54.91,Cartão Débito,5102,0.18,9.88
13697,2026-04-13 09:08:27,PDV 06,23,2.4,28.9,69.36,PIX,5102,0.18,12.48
13698,2026-04-14 15:54:40,PDV 05,23,1.4,28.9,40.46,Cartão Crédito,5102,0.18,7.28
13699,2026-04-14 10:24:00,PDV 03,23,1.5,28.9,43.35,Dinheiro,5102,0.18,7.8
13700,2026-04-15 08:48:57,PDV 05,23,1.0,28.9,28.9,Cartão Débito,5102,0.18,5.2
13701,2026-04-15 10:04:50,PDV 04,23,1.0,28.9,28.9,Cartão Débito,5102,0.18,5.2
13702,2026-04-15 16:20:07,PDV 04,23,1.0,28.9,28.9,Cartão Crédito,5102,0.18,5.2
13703,2026-04-16 19:05:42,PDV 06,23,1.4,28.9,40.46,Cartão Débito,5102,0.18,7.28
13704,2026-04-16 12:24:38,PDV 02,23,1.3,28.9,37.57,PIX,5102,0.18,6.76
13705,2026-04-16 09:34:43,PDV 06,23,1.4,28.9,40.46,Cartão Crédito,5102,0.18,7.28
13706,2026-04-17 09:38:45,PDV 05,23,1.7,28.9,49.13,Cartão Crédito,5102,0.18,8.84
13707,2026-04-17 10:27:17,PDV 02,23,1.6,28.9,46.24,Cartão Débito,5102,0.18,8.32
13708,2026-04-17 17:30:21,PDV 05,23,1.7,28.9,49.13,Cartão Crédito,5102,0.18,8.84
13709,2026-04-18 08:51:45,PDV 03,23,1.1,28.9,31.79,Cartão Crédito,5102,0.18,5.72
13710,2026-04-18 13:17:58,PDV 02,23,1.1,28.9,31.79,Cartão Débito,5102,0.18,5.72
13711,2026-04-18 16:22:43,PDV 03,23,1.1,28.9,31.79,Cartão Débito,5102,0.18,5.72
13712,2026-04-18 08:20:27,PDV 05,23,1.1,28.9,31.79,Cartão Débito,5102,0.18,5.72
13713,2026-04-19 10:08:54,PDV 03,23,1.3,28.9,37.57,Cartão Crédito,5102,0.18,6.76
13714,2026-04-19 08:45:36,PDV 01,23,1.3,28.9,37.57,Dinheiro,5102,0.18,6.76
13715,2026-04-19 08:04:40,PDV 04,23,1.3,28.9,37.57,Cartão Débito,5102,0.18,6.76
13716,2026-04-20 14:17:03,PDV 04,23,1.2,28.9,34.68,Cartão Débito,5102,0.18,6.24
13717,2026-04-20 10:17:54,PDV 04,23,1.3,28.9,37.57,Dinheiro,5102,0.18,6.76
13718,2026-04-21 16:39:20,PDV 06,23,2.7,28.9,78.03,PIX,5102,0.18,14.05
13719,2026-04-22 08:03:05,PDV 04,23,1.4,28.9,40.46,Cartão Crédito,5102,0.18,7.28
13720,2026-04-22 16:11:10,PDV 06,23,1.4,28.9,40.46,Cartão Débito,5102,0.18,7.28
13721,2026-04-23 11:05:08,PDV 04,23,1.9,28.9,54.91,Cartão Débito,5102,0.18,9.88
13722,2026-04-23 16:59:59,PDV 03,23,2.0,28.9,57.8,Cartão Débito,5102,0.18,10.4
13723,2026-04-24 08:50:22,PDV 05,23,5.3,28.9,153.17,Cartão Crédito,5102,0.18,27.57
13724,2026-04-25 09:07:36,PDV 03,23,5.1,28.9,147.39,Dinheiro,5102,0.18,26.53
13725,2026-04-26 15:56:51,PDV 01,23,2.0,28.9,57.8,Dinheiro,5102,0.18,10.4
13726,2026-04-26 18:05:20,PDV 02,23,2.1,28.9,60.69,Cartão Crédito,5102,0.18,10.92
13727,2026-04-27 19:23:14,PDV 04,23,2.8,28.9,80.92,Cartão Débito,5102,0.18,14.57
13728,2026-04-28 11:02:02,PDV 04,23,2.7,28.9,78.03,Cartão Débito,5102,0.18,14.05
13729,2026-04-29 17:20:43,PDV 01,23,1.4,28.9,40.46,Cartão Débito,5102,0.18,7.28
13730,2026-04-29 15:16:57,PDV 06,23,1.4,28.9,40.46,PIX,5102,0.18,7.28
13731,2026-04-30 09:56:32,PDV 05,23,1.3,28.9,37.57,PIX,5102,0.18,6.76
13732,2026-04-30 16:45:20,PDV 06,23,1.2,28.9,34.68,Cartão Débito,5102,0.18,6.24
13733,2026-04-30 20:41:09,PDV 05,23,1.3,28.9,37.57,Cartão Crédito,5102,0.18,6.76
13734,2026-05-01 17:35:36,PDV 02,23,1.3,28.9,37.57,PIX,5102,0.18,6.76
13735,2026-05-01 14:22:08,PDV 05,23,1.3,28.9,37.57,Cartão Débito,5102,0.18,6.76
13736,2026-05-01 15:49:07,PDV 04,23,1.4,28.9,40.46,PIX,5102,0.18,7.28
13737,2026-05-01 09:39:50,PDV 06,23,1.3,28.9,37.57,Cartão Crédito,5102,0.18,6.76
13738,2026-05-02 15:12:51,PDV 03,23,3.3,28.9,95.37,PIX,5102,0.18,17.17
13739,2026-05-02 09:13:57,PDV 06,23,3.3,28.9,95.37,PIX,5102,0.18,17.17
13740,2026-05-03 12:21:02,PDV 02,23,5.0,28.9,144.5,Cartão Débito,5102,0.18,26.01
13741,2026-05-04 18:39:25,PDV 02,23,1.0,28.9,28.9,Cartão Crédito,5102,0.18,5.2
13742,2026-05-04 09:29:57,PDV 03,23,1.0,28.9,28.9,Cartão Débito,5102,0.18,5.2
13743,2026-05-04 20:50:46,PDV 03,23,1.0,28.9,28.9,Cartão Crédito,5102,0.18,5.2
13744,2026-05-05 13:55:58,PDV 02,23,2.0,28.9,57.8,Cartão Crédito,5102,0.18,10.4
13745,2026-05-05 08:25:55,PDV 03,23,2.0,28.9,57.8,Dinheiro,5102,0.18,10.4
13746,2026-05-06 08:47:27,PDV 04,23,1.6,28.9,46.24,Cartão Débito,5102,0.18,8.32
13747,2026-05-06 16:14:45,PDV 03,23,1.7,28.9,49.13,PIX,5102,0.18,8.84
13748,2026-05-07 16:19:11,PDV 03,23,2.4,28.9,69.36,PIX,5102,0.18,12.48
13749,2026-05-07 14:58:51,PDV 06,23,2.4,28.9,69.36,Dinheiro,5102,0.18,12.48
13750,2026-05-08 14:58:08,PDV 05,23,1.8,28.9,52.02,Cartão Débito,5102,0.18,9.36
13751,2026-05-08 13:03:28,PDV 04,23,1.8,28.9,52.02,Dinheiro,5102,0.18,9.36
13752,2026-05-08 19:03:25,PDV 03,23,1.7,28.9,49.13,Cartão Crédito,5102,0.18,8.84
13753,2026-05-09 13:05:23,PDV 04,23,2.0,28.9,57.8,Cartão Débito,5102,0.18,10.4
13754,2026-05-09 17:11:46,PDV 01,23,2.0,28.9,57.8,Cartão Crédito,5102,0.18,10.4
13755,2026-05-09 16:59:21,PDV 03,23,1.9,28.9,54.91,Cartão Débito,5102,0.18,9.88
13756,2026-05-10 18:44:19,PDV 06,23,1.1,28.9,31.79,Cartão Débito,5102,0.18,5.72
13757,2026-05-10 17:06:56,PDV 02,23,1.1,28.9,31.79,Cartão Débito,5102,0.18,5.72
13758,2026-05-10 09:06:29,PDV 05,23,1.1,28.9,31.79,Dinheiro,5102,0.18,5.72
13759,2026-05-10 09:38:43,PDV 01,23,1.1,28.9,31.79,Cartão Débito,5102,0.18,5.72
13760,2026-05-11 19:28:43,PDV 04,23,1.4,28.9,40.46,Cartão Débito,5102,0.18,7.28
13761,2026-05-11 19:11:10,PDV 06,23,1.3,28.9,37.57,Cartão Débito,5102,0.18,6.76
13762,2026-05-12 11:20:52,PDV 03,23,1.2,28.9,34.68,Cartão Crédito,5102,0.18,6.24
13763,2026-05-12 09:43:11,PDV 01,23,1.3,28.9,37.57,PIX,5102,0.18,6.76
13764,2026-05-13 10:28:57,PDV 03,23,2.7,28.9,78.03,PIX,5102,0.18,14.05
13765,2026-05-14 13:55:03,PDV 01,23,1.1,28.9,31.79,Cartão Débito,5102,0.18,5.72
13766,2026-05-14 14:48:51,PDV 06,23,1.1,28.9,31.79,Dinheiro,5102,0.18,5.72
13767,2026-05-14 09:20:07,PDV 03,23,1.0,28.9,28.9,Cartão Débito,5102,0.18,5.2
13768,2026-05-15 13:51:41,PDV 06,23,2.0,28.9,57.8,Cartão Crédito,5102,0.18,10.4
13769,2026-05-15 12:28:40,PDV 05,23,2.1,28.9,60.69,Cartão Débito,5102,0.18,10.92
13770,2026-05-16 12:02:53,PDV 04,23,1.3,28.9,37.57,Cartão Débito,5102,0.18,6.76
13771,2026-05-16 15:45:12,PDV 02,23,1.3,28.9,37.57,Cartão Crédito,5102,0.18,6.76
13772,2026-05-16 16:03:59,PDV 03,23,1.2,28.9,34.68,Cartão Crédito,5102,0.18,6.24
13773,2026-05-16 17:43:23,PDV 06,23,1.3,28.9,37.57,Cartão Débito,5102,0.18,6.76
13774,2026-05-17 18:48:53,PDV 01,23,3.9,28.9,112.71,Cartão Débito,5102,0.18,20.29
13775,2026-05-18 12:43:39,PDV 02,23,1.5,28.9,43.35,Dinheiro,5102,0.18,7.8
13776,2026-05-18 20:46:00,PDV 02,23,1.5,28.9,43.35,Cartão Crédito,5102,0.18,7.8
13777,2026-05-19 08:17:22,PDV 02,23,2.7,28.9,78.03,Dinheiro,5102,0.18,14.05
13778,2026-05-20 14:02:32,PDV 05,23,2.6,28.9,75.14,Cartão Crédito,5102,0.18,13.53
13779,2026-05-21 09:04:34,PDV 03,23,1.8,28.9,52.02,Cartão Crédito,5102,0.18,9.36
13780,2026-05-21 09:14:41,PDV 03,23,1.7,28.9,49.13,PIX,5102,0.18,8.84
13781,2026-05-22 16:22:22,PDV 02,23,2.6,28.9,75.14,Dinheiro,5102,0.18,13.53
13782,2026-05-22 18:36:21,PDV 02,23,2.7,28.9,78.03,Cartão Débito,5102,0.18,14.05
13783,2026-05-23 09:02:03,PDV 04,23,1.3,28.9,37.57,Dinheiro,5102,0.18,6.76
13784,2026-05-23 17:36:00,PDV 06,23,1.3,28.9,37.57,Cartão Débito,5102,0.18,6.76
13785,2026-05-23 17:27:58,PDV 05,23,1.3,28.9,37.57,Cartão Débito,5102,0.18,6.76
13786,2026-05-23 16:24:45,PDV 04,23,1.3,28.9,37.57,Cartão Crédito,5102,0.18,6.76
13787,2026-05-24 20:44:57,PDV 02,23,3.9,28.9,112.71,Dinheiro,5102,0.18,20.29
13788,2026-05-25 19:43:08,PDV 06,23,1.4,28.9,40.46,PIX,5102,0.18,7.28
13789,2026-05-25 11:42:12,PDV 05,23,1.4,28.9,40.46,PIX,5102,0.18,7.28
13790,2026-05-26 17:44:23,PDV 02,23,1.2,28.9,34.68,Cartão Débito,5102,0.18,6.24
13791,2026-05-26 14:31:29,PDV 04,23,1.3,28.9,37.57,PIX,5102,0.18,6.76
13792,2026-05-27 13:20:00,PDV 02,23,2.6,28.9,75.14,Cartão Débito,5102,0.18,13.53
13793,2026-05-28 08:04:31,PDV 02,23,1.9,28.9,54.91,Dinheiro,5102,0.18,9.88
13794,2026-05-28 13:16:08,PDV 04,23,1.9,28.9,54.91,Cartão Débito,5102,0.18,9.88
13795,2026-05-29 15:34:16,PDV 02,23,4.2,28.9,121.38,Cartão Crédito,5102,0.18,21.85
13796,2026-05-30 18:36:44,PDV 02,23,2.7,28.9,78.03,Cartão Débito,5102,0.18,14.05
13797,2026-05-30 11:19:21,PDV 01,23,2.7,28.9,78.03,Cartão Débito,5102,0.18,14.05
13798,2026-05-31 17:02:41,PDV 04,23,4.3,28.9,124.27,PIX,5102,0.18,22.37
13799,2026-06-01 13:15:00,PDV 06,23,3.6,28.9,104.04,PIX,5102,0.18,18.73
13800,2026-06-02 16:58:26,PDV 05,23,1.2,28.9,34.68,Cartão Débito,5102,0.18,6.24
13801,2026-06-02 08:09:56,PDV 01,23,1.1,28.9,31.79,Cartão Débito,5102,0.18,5.72
13802,2026-06-02 14:28:14,PDV 02,23,1.2,28.9,34.68,Cartão Crédito,5102,0.18,6.24
13803,2026-06-03 12:57:43,PDV 03,23,3.4,28.9,98.26,Dinheiro,5102,0.18,17.69
13804,2026-06-04 13:48:56,PDV 05,23,1.3,28.9,37.57,Cartão Crédito,5102,0.18,6.76
13805,2026-06-04 16:28:20,PDV 05,23,1.3,28.9,37.57,PIX,5102,0.18,6.76
13806,2026-06-04 09:10:37,PDV 06,23,1.2,28.9,34.68,Cartão Crédito,5102,0.18,6.24
13807,2026-06-04 14:19:10,PDV 04,23,1.3,28.9,37.57,Cartão Débito,5102,0.18,6.76
13808,2026-06-05 14:42:51,PDV 02,23,3.4,28.9,98.26,PIX,5102,0.18,17.69
13809,2026-06-05 19:09:29,PDV 03,23,3.3,28.9,95.37,Cartão Débito,5102,0.18,17.17
13810,2026-06-06 09:16:29,PDV 04,23,3.0,28.9,86.7,PIX,5102,0.18,15.61
13811,2026-06-06 19:38:08,PDV 01,23,3.0,28.9,86.7,Dinheiro,5102,0.18,15.61
13812,2026-06-07 09:51:22,PDV 02,23,5.4,28.9,156.06,Cartão Débito,5102,0.18,28.09
13813,2026-06-08 08:11:12,PDV 04,23,1.2,28.9,34.68,Cartão Crédito,5102,0.18,6.24
13814,2026-06-08 10:06:41,PDV 05,23,1.1,28.9,31.79,Cartão Crédito,5102,0.18,5.72
13815,2026-06-08 10:04:22,PDV 05,23,1.2,28.9,34.68,PIX,5102,0.18,6.24
13816,2026-06-09 17:58:31,PDV 06,23,1.2,28.9,34.68,Cartão Débito,5102,0.18,6.24
13817,2026-06-09 13:36:06,PDV 04,23,1.1,28.9,31.79,Cartão Débito,5102,0.18,5.72
13818,2026-06-09 09:32:27,PDV 02,23,1.2,28.9,34.68,Cartão Crédito,5102,0.18,6.24
13819,2026-06-10 16:35:05,PDV 06,23,1.5,28.9,43.35,Cartão Crédito,5102,0.18,7.8
13820,2026-06-10 13:36:47,PDV 04,23,1.5,28.9,43.35,Cartão Crédito,5102,0.18,7.8
13821,2026-06-11 10:45:44,PDV 01,23,1.9,28.9,54.91,Cartão Débito,5102,0.18,9.88
13822,2026-06-11 16:02:45,PDV 01,23,1.9,28.9,54.91,PIX,5102,0.18,9.88
13823,2026-06-12 11:30:34,PDV 06,23,1.8,28.9,52.02,Cartão Crédito,5102,0.18,9.36
13824,2026-06-12 11:04:35,PDV 04,23,1.8,28.9,52.02,Cartão Crédito,5102,0.18,9.36
13825,2026-06-12 10:32:58,PDV 05,23,1.7,28.9,49.13,Cartão Crédito,5102,0.18,8.84
13826,2026-06-13 20:32:17,PDV 03,23,2.1,28.9,60.69,Dinheiro,5102,0.18,10.92
13827,2026-06-13 12:55:03,PDV 06,23,2.2,28.9,63.58,Cartão Débito,5102,0.18,11.44
13828,2026-06-14 10:10:46,PDV 04,23,1.1,28.9,31.79,Cartão Débito,5102,0.18,5.72
13829,2026-06-14 08:11:35,PDV 02,23,1.1,28.9,31.79,Cartão Crédito,5102,0.18,5.72
13830,2026-06-14 16:08:40,PDV 02,23,1.1,28.9,31.79,Cartão Débito,5102,0.18,5.72
13831,2026-06-15 08:16:05,PDV 03,23,3.0,28.9,86.7,Cartão Débito,5102,0.18,15.61
13832,2026-06-16 18:13:46,PDV 02,23,1.2,28.9,34.68,Dinheiro,5102,0.18,6.24
13833,2026-06-16 16:47:07,PDV 01,23,1.2,28.9,34.68,Cartão Crédito,5102,0.18,6.24
13834,2026-06-17 17:38:45,PDV 02,23,1.2,28.9,34.68,Cartão Crédito,5102,0.18,6.24
13835,2026-06-17 18:08:47,PDV 06,23,1.3,28.9,37.57,Cartão Crédito,5102,0.18,6.76
13836,2026-06-18 08:40:13,PDV 01,23,2.1,28.9,60.69,Cartão Débito,5102,0.18,10.92
13837,2026-06-18 19:44:09,PDV 02,23,2.1,28.9,60.69,PIX,5102,0.18,10.92
13838,2026-06-19 19:28:31,PDV 03,23,2.0,28.9,57.8,PIX,5102,0.18,10.4
13839,2026-06-19 10:44:56,PDV 01,23,2.0,28.9,57.8,Cartão Débito,5102,0.18,10.4
13840,2026-06-20 08:57:49,PDV 02,23,2.5,28.9,72.25,Cartão Crédito,5102,0.18,13.0
13841,2026-06-20 14:21:56,PDV 01,23,2.5,28.9,72.25,Cartão Crédito,5102,0.18,13.0
13842,2026-06-21 11:00:43,PDV 01,23,1.8,28.9,52.02,Cartão Débito,5102,0.18,9.36
13843,2026-06-21 20:38:14,PDV 04,23,1.8,28.9,52.02,Cartão Crédito,5102,0.18,9.36
13844,2026-06-22 14:57:37,PDV 01,23,1.4,28.9,40.46,Cartão Crédito,5102,0.18,7.28
13845,2026-06-22 11:08:49,PDV 01,23,1.3,28.9,37.57,Cartão Crédito,5102,0.18,6.76
13846,2026-06-23 17:05:26,PDV 06,23,2.4,28.9,69.36,PIX,5102,0.18,12.48
13847,2026-06-24 19:04:30,PDV 03,23,1.0,28.9,28.9,Cartão Débito,5102,0.18,5.2
13848,2026-06-24 17:02:55,PDV 02,23,1.1,28.9,31.79,Cartão Crédito,5102,0.18,5.72
13849,2026-06-24 16:13:07,PDV 01,23,1.0,28.9,28.9,Cartão Débito,5102,0.18,5.2
13850,2026-06-25 16:52:17,PDV 01,23,1.3,28.9,37.57,Cartão Crédito,5102,0.18,6.76
13851,2026-06-25 14:10:09,PDV 05,23,1.2,28.9,34.68,Cartão Débito,5102,0.18,6.24
13852,2026-06-25 11:07:26,PDV 04,23,1.3,28.9,37.57,Cartão Débito,5102,0.18,6.76
13853,2026-06-26 13:25:35,PDV 03,23,4.9,28.9,141.61,Dinheiro,5102,0.18,25.49
13854,2026-06-27 14:29:48,PDV 01,23,1.2,28.9,34.68,Cartão Débito,5102,0.18,6.24
13855,2026-06-27 19:25:59,PDV 02,23,1.3,28.9,37.57,Cartão Débito,5102,0.18,6.76
13856,2026-06-27 16:51:25,PDV 03,23,1.2,28.9,34.68,Cartão Débito,5102,0.18,6.24
13857,2026-06-27 12:37:18,PDV 03,23,1.3,28.9,37.57,Cartão Débito,5102,0.18,6.76
13858,2026-06-28 15:27:25,PDV 02,23,3.8,28.9,109.82,Cartão Crédito,5102,0.18,19.77
13859,2026-06-29 19:14:36,PDV 04,23,2.6,28.9,75.14,Cartão Débito,5102,0.18,13.53
13860,2026-04-01 11:57:17,PDV 02,24,1.8,18.9,34.02,Cartão Débito,5102,0.18,6.12
13861,2026-04-01 13:18:23,PDV 01,24,1.7,18.9,32.13,Cartão Crédito,5102,0.18,5.78
13862,2026-04-02 17:21:59,PDV 05,24,5.3,18.9,100.17,Dinheiro,5102,0.18,18.03
13863,2026-04-03 16:05:52,PDV 03,24,1.9,18.9,35.91,Cartão Débito,5102,0.18,6.46
13864,2026-04-03 14:38:09,PDV 03,24,1.9,18.9,35.91,PIX,5102,0.18,6.46
13865,2026-04-03 13:36:24,PDV 04,24,2.0,18.9,37.8,Cartão Débito,5102,0.18,6.8
13866,2026-04-04 10:07:54,PDV 02,24,1.4,18.9,26.46,Cartão Débito,5102,0.18,4.76
13867,2026-04-04 12:08:15,PDV 03,24,1.5,18.9,28.35,PIX,5102,0.18,5.1
13868,2026-04-04 17:07:17,PDV 02,24,1.5,18.9,28.35,Cartão Débito,5102,0.18,5.1
13869,2026-04-04 12:03:42,PDV 03,24,1.4,18.9,26.46,Cartão Crédito,5102,0.18,4.76
13870,2026-04-05 11:50:57,PDV 02,24,2.8,18.9,52.92,Dinheiro,5102,0.18,9.53
13871,2026-04-05 09:19:49,PDV 03,24,2.8,18.9,52.92,PIX,5102,0.18,9.53
13872,2026-04-06 19:51:03,PDV 04,24,3.6,18.9,68.04,Cartão Crédito,5102,0.18,12.25
13873,2026-04-07 18:49:29,PDV 02,24,3.7,18.9,69.93,Cartão Débito,5102,0.18,12.59
13874,2026-04-08 08:34:41,PDV 06,24,4.1,18.9,77.49,Cartão Crédito,5102,0.18,13.95
13875,2026-04-09 16:52:22,PDV 02,24,1.1,18.9,20.79,Cartão Débito,5102,0.18,3.74
13876,2026-04-09 09:05:23,PDV 06,24,1.1,18.9,20.79,Cartão Crédito,5102,0.18,3.74
13877,2026-04-09 09:58:59,PDV 05,24,1.1,18.9,20.79,Cartão Débito,5102,0.18,3.74
13878,2026-04-09 10:13:23,PDV 06,24,1.2,18.9,22.68,Cartão Débito,5102,0.18,4.08
13879,2026-04-10 14:56:57,PDV 05,24,3.6,18.9,68.04,PIX,5102,0.18,12.25
13880,2026-04-10 12:17:54,PDV 06,24,3.7,18.9,69.93,Cartão Crédito,5102,0.18,12.59
13881,2026-04-11 08:07:31,PDV 02,24,1.2,18.9,22.68,Cartão Crédito,5102,0.18,4.08
13882,2026-04-11 10:55:41,PDV 06,24,1.2,18.9,22.68,Cartão Débito,5102,0.18,4.08
13883,2026-04-11 16:26:50,PDV 03,24,1.2,18.9,22.68,PIX,5102,0.18,4.08
13884,2026-04-11 10:14:57,PDV 04,24,1.2,18.9,22.68,Cartão Crédito,5102,0.18,4.08
13885,2026-04-12 17:27:25,PDV 06,24,2.2,18.9,41.58,Cartão Débito,5102,0.18,7.48
13886,2026-04-12 11:12:29,PDV 01,24,2.2,18.9,41.58,Cartão Débito,5102,0.18,7.48
13887,2026-04-13 18:52:02,PDV 06,24,3.2,18.9,60.48,Cartão Crédito,5102,0.18,10.89
13888,2026-04-14 15:59:34,PDV 01,24,3.4,18.9,64.26,Cartão Débito,5102,0.18,11.57
13889,2026-04-15 13:41:33,PDV 06,24,1.6,18.9,30.24,Dinheiro,5102,0.18,5.44
13890,2026-04-15 08:01:58,PDV 02,24,1.6,18.9,30.24,Cartão Crédito,5102,0.18,5.44
13891,2026-04-16 19:08:04,PDV 03,24,2.3,18.9,43.47,Cartão Débito,5102,0.18,7.82
13892,2026-04-16 15:42:54,PDV 02,24,2.3,18.9,43.47,Cartão Débito,5102,0.18,7.82
13893,2026-04-17 17:19:14,PDV 05,24,5.2,18.9,98.28,Cartão Crédito,5102,0.18,17.69
13894,2026-04-18 20:58:13,PDV 04,24,4.9,18.9,92.61,Cartão Crédito,5102,0.18,16.67
13895,2026-04-19 15:10:58,PDV 01,24,4.3,18.9,81.27,Cartão Débito,5102,0.18,14.63
13896,2026-04-20 14:39:22,PDV 03,24,2.7,18.9,51.03,Cartão Crédito,5102,0.18,9.19
13897,2026-04-21 20:25:11,PDV 06,24,1.0,18.9,18.9,Cartão Débito,5102,0.18,3.4
13898,2026-04-21 18:11:36,PDV 06,24,1.0,18.9,18.9,Cartão Crédito,5102,0.18,3.4
13899,2026-04-21 15:50:15,PDV 03,24,1.0,18.9,18.9,Cartão Débito,5102,0.18,3.4
13900,2026-04-22 17:22:52,PDV 06,24,1.5,18.9,28.35,Cartão Crédito,5102,0.18,5.1
13901,2026-04-22 11:09:10,PDV 02,24,1.5,18.9,28.35,Cartão Crédito,5102,0.18,5.1
13902,2026-04-23 11:44:39,PDV 02,24,1.1,18.9,20.79,PIX,5102,0.18,3.74
13903,2026-04-23 17:38:11,PDV 01,24,1.1,18.9,20.79,Cartão Débito,5102,0.18,3.74
13904,2026-04-23 15:44:44,PDV 02,24,1.1,18.9,20.79,PIX,5102,0.18,3.74
13905,2026-04-23 11:08:14,PDV 04,24,1.2,18.9,22.68,Cartão Crédito,5102,0.18,4.08
13906,2026-04-24 08:30:25,PDV 01,24,1.5,18.9,28.35,Dinheiro,5102,0.18,5.1
13907,2026-04-24 16:29:02,PDV 05,24,1.5,18.9,28.35,Cartão Débito,5102,0.18,5.1
13908,2026-04-24 17:31:50,PDV 01,24,1.4,18.9,26.46,PIX,5102,0.18,4.76
13909,2026-04-25 11:24:02,PDV 01,24,2.8,18.9,52.92,Cartão Débito,5102,0.18,9.53
13910,2026-04-25 09:09:25,PDV 01,24,2.7,18.9,51.03,Cartão Débito,5102,0.18,9.19
13911,2026-04-26 16:43:35,PDV 06,24,2.3,18.9,43.47,Dinheiro,5102,0.18,7.82
13912,2026-04-26 19:05:54,PDV 04,24,2.3,18.9,43.47,Cartão Crédito,5102,0.18,7.82
13913,2026-04-27 14:59:45,PDV 03,24,1.0,18.9,18.9,Cartão Crédito,5102,0.18,3.4
13914,2026-04-27 12:49:25,PDV 04,24,1.1,18.9,20.79,Cartão Débito,5102,0.18,3.74
13915,2026-04-27 15:48:16,PDV 02,24,1.0,18.9,18.9,Cartão Débito,5102,0.18,3.4
13916,2026-04-28 19:09:09,PDV 02,24,3.2,18.9,60.48,Dinheiro,5102,0.18,10.89
13917,2026-04-29 18:06:48,PDV 05,24,2.6,18.9,49.14,Cartão Débito,5102,0.18,8.85
13918,2026-04-30 13:35:42,PDV 06,24,2.1,18.9,39.69,Cartão Crédito,5102,0.18,7.14
13919,2026-04-30 19:52:42,PDV 06,24,2.1,18.9,39.69,Cartão Crédito,5102,0.18,7.14
13920,2026-05-01 10:46:22,PDV 04,24,3.1,18.9,58.59,Cartão Débito,5102,0.18,10.55
13921,2026-05-01 10:52:56,PDV 05,24,3.1,18.9,58.59,Dinheiro,5102,0.18,10.55
13922,2026-05-02 11:23:41,PDV 01,24,2.2,18.9,41.58,Dinheiro,5102,0.18,7.48
13923,2026-05-02 11:53:57,PDV 06,24,2.2,18.9,41.58,PIX,5102,0.18,7.48
13924,2026-05-02 15:55:51,PDV 02,24,2.3,18.9,43.47,Cartão Débito,5102,0.18,7.82
13925,2026-05-03 16:03:17,PDV 04,24,5.4,18.9,102.06,Cartão Crédito,5102,0.18,18.37
13926,2026-05-04 12:06:52,PDV 02,24,1.1,18.9,20.79,Cartão Débito,5102,0.18,3.74
13927,2026-05-04 18:20:14,PDV 05,24,1.0,18.9,18.9,Dinheiro,5102,0.18,3.4
13928,2026-05-04 20:07:41,PDV 05,24,1.1,18.9,20.79,Cartão Débito,5102,0.18,3.74
13929,2026-05-04 08:56:42,PDV 01,24,1.0,18.9,18.9,Cartão Débito,5102,0.18,3.4
13930,2026-05-05 10:25:42,PDV 01,24,1.0,18.9,18.9,Cartão Crédito,5102,0.18,3.4
13931,2026-05-05 12:42:25,PDV 02,24,1.0,18.9,18.9,Cartão Crédito,5102,0.18,3.4
13932,2026-05-05 19:30:42,PDV 03,24,1.0,18.9,18.9,Cartão Débito,5102,0.18,3.4
13933,2026-05-05 13:46:17,PDV 04,24,1.0,18.9,18.9,Cartão Débito,5102,0.18,3.4
13934,2026-05-06 12:36:04,PDV 02,24,1.9,18.9,35.91,Dinheiro,5102,0.18,6.46
13935,2026-05-06 18:04:23,PDV 01,24,2.0,18.9,37.8,Cartão Crédito,5102,0.18,6.8
13936,2026-05-07 09:04:36,PDV 06,24,1.7,18.9,32.13,Cartão Débito,5102,0.18,5.78
13937,2026-05-07 14:17:01,PDV 05,24,1.8,18.9,34.02,Dinheiro,5102,0.18,6.12
13938,2026-05-07 09:36:46,PDV 04,24,1.7,18.9,32.13,Cartão Crédito,5102,0.18,5.78
13939,2026-05-08 17:20:28,PDV 05,24,3.1,18.9,58.59,Cartão Crédito,5102,0.18,10.55
13940,2026-05-08 20:11:03,PDV 04,24,3.1,18.9,58.59,PIX,5102,0.18,10.55
13941,2026-05-09 08:16:10,PDV 04,24,3.0,18.9,56.7,Dinheiro,5102,0.18,10.21
13942,2026-05-09 18:00:04,PDV 05,24,2.9,18.9,54.81,PIX,5102,0.18,9.87
13943,2026-05-10 09:08:46,PDV 06,24,1.3,18.9,24.57,Cartão Débito,5102,0.18,4.42
13944,2026-05-10 12:04:12,PDV 05,24,1.3,18.9,24.57,Cartão Débito,5102,0.18,4.42
13945,2026-05-10 19:27:57,PDV 05,24,1.3,18.9,24.57,Cartão Crédito,5102,0.18,4.42
13946,2026-05-10 16:36:41,PDV 04,24,1.3,18.9,24.57,Cartão Crédito,5102,0.18,4.42
13947,2026-05-11 16:30:13,PDV 01,24,1.1,18.9,20.79,Cartão Débito,5102,0.18,3.74
13948,2026-05-11 15:57:30,PDV 02,24,1.1,18.9,20.79,Cartão Débito,5102,0.18,3.74
13949,2026-05-11 17:49:11,PDV 02,24,1.1,18.9,20.79,Cartão Crédito,5102,0.18,3.74
13950,2026-05-12 18:48:01,PDV 04,24,1.7,18.9,32.13,Dinheiro,5102,0.18,5.78
13951,2026-05-12 19:36:33,PDV 05,24,1.7,18.9,32.13,Cartão Crédito,5102,0.18,5.78
13952,2026-05-13 16:26:22,PDV 02,24,1.1,18.9,20.79,PIX,5102,0.18,3.74
13953,2026-05-13 11:40:43,PDV 05,24,1.1,18.9,20.79,Dinheiro,5102,0.18,3.74
13954,2026-05-13 19:44:19,PDV 02,24,1.0,18.9,18.9,Cartão Débito,5102,0.18,3.4
13955,2026-05-14 18:49:24,PDV 03,24,4.6,18.9,86.94,Cartão Débito,5102,0.18,15.65
13956,2026-05-15 16:43:46,PDV 05,24,4.8,18.9,90.72,Cartão Crédito,5102,0.18,16.33
13957,2026-05-16 11:07:09,PDV 01,24,2.5,18.9,47.25,Cartão Débito,5102,0.18,8.5
13958,2026-05-16 17:04:22,PDV 01,24,2.6,18.9,49.14,PIX,5102,0.18,8.85
13959,2026-05-17 20:24:17,PDV 03,24,1.1,18.9,20.79,Cartão Crédito,5102,0.18,3.74
13960,2026-05-17 15:51:58,PDV 03,24,1.2,18.9,22.68,Cartão Crédito,5102,0.18,4.08
13961,2026-05-17 19:03:00,PDV 02,24,1.1,18.9,20.79,Cartão Crédito,5102,0.18,3.74
13962,2026-05-17 16:29:25,PDV 03,24,1.2,18.9,22.68,Cartão Débito,5102,0.18,4.08
13963,2026-05-18 20:27:31,PDV 04,24,1.1,18.9,20.79,Cartão Débito,5102,0.18,3.74
13964,2026-05-18 15:37:28,PDV 03,24,1.1,18.9,20.79,PIX,5102,0.18,3.74
13965,2026-05-18 09:26:52,PDV 02,24,1.2,18.9,22.68,Cartão Débito,5102,0.18,4.08
13966,2026-05-19 14:44:02,PDV 03,24,1.6,18.9,30.24,PIX,5102,0.18,5.44
13967,2026-05-19 08:01:26,PDV 02,24,1.6,18.9,30.24,Cartão Débito,5102,0.18,5.44
13968,2026-05-20 15:12:02,PDV 05,24,2.9,18.9,54.81,Cartão Crédito,5102,0.18,9.87
13969,2026-05-21 17:27:39,PDV 02,24,1.9,18.9,35.91,Dinheiro,5102,0.18,6.46
13970,2026-05-21 15:05:07,PDV 06,24,1.9,18.9,35.91,Cartão Crédito,5102,0.18,6.46
13971,2026-05-22 10:36:44,PDV 04,24,1.6,18.9,30.24,Cartão Débito,5102,0.18,5.44
13972,2026-05-22 11:03:44,PDV 03,24,1.6,18.9,30.24,Cartão Crédito,5102,0.18,5.44
13973,2026-05-22 19:00:11,PDV 03,24,1.5,18.9,28.35,Cartão Débito,5102,0.18,5.1
13974,2026-05-23 16:10:29,PDV 04,24,2.9,18.9,54.81,Cartão Crédito,5102,0.18,9.87
13975,2026-05-23 14:19:15,PDV 01,24,2.9,18.9,54.81,PIX,5102,0.18,9.87
13976,2026-05-24 16:39:54,PDV 05,24,1.5,18.9,28.35,PIX,5102,0.18,5.1
13977,2026-05-24 20:21:39,PDV 04,24,1.5,18.9,28.35,Cartão Débito,5102,0.18,5.1
13978,2026-05-24 12:26:42,PDV 04,24,1.6,18.9,30.24,Cartão Débito,5102,0.18,5.44
13979,2026-05-25 20:16:55,PDV 03,24,1.3,18.9,24.57,Cartão Crédito,5102,0.18,4.42
13980,2026-05-25 12:45:16,PDV 01,24,1.3,18.9,24.57,PIX,5102,0.18,4.42
13981,2026-05-26 17:07:25,PDV 05,24,1.6,18.9,30.24,Dinheiro,5102,0.18,5.44
13982,2026-05-26 17:15:48,PDV 05,24,1.6,18.9,30.24,Cartão Débito,5102,0.18,5.44
13983,2026-05-27 12:37:28,PDV 03,24,1.3,18.9,24.57,Cartão Débito,5102,0.18,4.42
13984,2026-05-27 12:56:26,PDV 03,24,1.3,18.9,24.57,Cartão Débito,5102,0.18,4.42
13985,2026-05-28 10:14:03,PDV 05,24,2.1,18.9,39.69,Cartão Débito,5102,0.18,7.14
13986,2026-05-28 14:08:38,PDV 06,24,2.2,18.9,41.58,Cartão Crédito,5102,0.18,7.48
13987,2026-05-29 17:42:52,PDV 05,24,2.5,18.9,47.25,Cartão Crédito,5102,0.18,8.5
13988,2026-05-29 16:37:54,PDV 03,24,2.4,18.9,45.36,Cartão Débito,5102,0.18,8.16
13989,2026-05-30 09:00:57,PDV 05,24,2.7,18.9,51.03,Cartão Crédito,5102,0.18,9.19
13990,2026-05-30 08:44:11,PDV 01,24,2.7,18.9,51.03,PIX,5102,0.18,9.19
13991,2026-05-31 15:20:19,PDV 05,24,4.1,18.9,77.49,Cartão Débito,5102,0.18,13.95
13992,2026-06-01 18:45:50,PDV 04,24,1.6,18.9,30.24,Cartão Débito,5102,0.18,5.44
13993,2026-06-01 15:51:37,PDV 02,24,1.6,18.9,30.24,PIX,5102,0.18,5.44
13994,2026-06-02 08:15:00,PDV 01,24,2.1,18.9,39.69,Cartão Débito,5102,0.18,7.14
13995,2026-06-02 17:27:54,PDV 03,24,2.2,18.9,41.58,Cartão Débito,5102,0.18,7.48
13996,2026-06-03 10:46:39,PDV 02,24,3.5,18.9,66.15,Cartão Crédito,5102,0.18,11.91
13997,2026-06-04 10:57:47,PDV 03,24,5.6,18.9,105.84,Cartão Débito,5102,0.18,19.05
13998,2026-06-05 11:46:55,PDV 04,24,7.0,18.9,132.3,Cartão Débito,5102,0.18,23.81
13999,2026-06-06 13:33:45,PDV 05,24,1.6,18.9,30.24,Cartão Débito,5102,0.18,5.44
14000,2026-06-06 13:37:21,PDV 06,24,1.5,18.9,28.35,Cartão Crédito,5102,0.18,5.1
14001,2026-06-06 15:00:35,PDV 04,24,1.5,18.9,28.35,Dinheiro,5102,0.18,5.1
14002,2026-06-06 09:59:36,PDV 05,24,1.6,18.9,30.24,Cartão Débito,5102,0.18,5.44
14003,2026-06-07 12:45:23,PDV 05,24,5.4,18.9,102.06,Cartão Débito,5102,0.18,18.37
14004,2026-06-08 19:20:25,PDV 04,24,1.3,18.9,24.57,Cartão Débito,5102,0.18,4.42
14005,2026-06-08 09:14:59,PDV 05,24,1.4,18.9,26.46,Cartão Crédito,5102,0.18,4.76
14006,2026-06-08 08:56:13,PDV 03,24,1.3,18.9,24.57,PIX,5102,0.18,4.42
14007,2026-06-09 14:10:59,PDV 06,24,3.8,18.9,71.82,Cartão Crédito,5102,0.18,12.93
14008,2026-06-10 11:12:19,PDV 04,24,4.1,18.9,77.49,Cartão Débito,5102,0.18,13.95
14009,2026-06-11 14:13:41,PDV 01,24,1.3,18.9,24.57,Cartão Débito,5102,0.18,4.42
14010,2026-06-11 11:42:28,PDV 06,24,1.4,18.9,26.46,Cartão Crédito,5102,0.18,4.76
14011,2026-06-11 16:47:44,PDV 06,24,1.3,18.9,24.57,PIX,5102,0.18,4.42
14012,2026-06-12 20:52:34,PDV 01,24,1.4,18.9,26.46,Cartão Débito,5102,0.18,4.76
14013,2026-06-12 20:57:41,PDV 03,24,1.4,18.9,26.46,Cartão Crédito,5102,0.18,4.76
14014,2026-06-12 10:36:55,PDV 03,24,1.3,18.9,24.57,Cartão Débito,5102,0.18,4.42
14015,2026-06-12 17:03:09,PDV 06,24,1.4,18.9,26.46,Cartão Débito,5102,0.18,4.76
14016,2026-06-13 15:56:18,PDV 01,24,1.4,18.9,26.46,Cartão Crédito,5102,0.18,4.76
14017,2026-06-13 11:02:19,PDV 02,24,1.4,18.9,26.46,PIX,5102,0.18,4.76
14018,2026-06-13 08:09:14,PDV 05,24,1.3,18.9,24.57,PIX,5102,0.18,4.42
14019,2026-06-13 13:03:10,PDV 02,24,1.4,18.9,26.46,PIX,5102,0.18,4.76
14020,2026-06-14 14:25:21,PDV 02,24,1.6,18.9,30.24,Cartão Crédito,5102,0.18,5.44
14021,2026-06-14 13:46:55,PDV 02,24,1.6,18.9,30.24,Cartão Débito,5102,0.18,5.44
14022,2026-06-14 10:33:09,PDV 05,24,1.5,18.9,28.35,PIX,5102,0.18,5.1
14023,2026-06-15 10:01:08,PDV 03,24,3.2,18.9,60.48,Cartão Crédito,5102,0.18,10.89
14024,2026-06-16 11:13:56,PDV 01,24,3.4,18.9,64.26,Cartão Débito,5102,0.18,11.57
14025,2026-06-17 11:16:26,PDV 04,24,3.4,18.9,64.26,Cartão Crédito,5102,0.18,11.57
14026,2026-06-18 19:07:42,PDV 04,24,1.3,18.9,24.57,PIX,5102,0.18,4.42
14027,2026-06-18 13:59:52,PDV 01,24,1.3,18.9,24.57,Cartão Crédito,5102,0.18,4.42
14028,2026-06-18 14:09:49,PDV 04,24,1.3,18.9,24.57,Cartão Crédito,5102,0.18,4.42
14029,2026-06-19 20:52:20,PDV 02,24,1.6,18.9,30.24,PIX,5102,0.18,5.44
14030,2026-06-19 08:11:17,PDV 06,24,1.6,18.9,30.24,Cartão Débito,5102,0.18,5.44
14031,2026-06-19 08:05:57,PDV 02,24,1.5,18.9,28.35,Dinheiro,5102,0.18,5.1
14032,2026-06-20 15:10:15,PDV 01,24,2.0,18.9,37.8,Cartão Débito,5102,0.18,6.8
14033,2026-06-20 19:58:50,PDV 02,24,2.0,18.9,37.8,Cartão Débito,5102,0.18,6.8
14034,2026-06-20 16:18:29,PDV 01,24,1.9,18.9,35.91,Dinheiro,5102,0.18,6.46
14035,2026-06-21 09:29:45,PDV 02,24,4.0,18.9,75.6,Dinheiro,5102,0.18,13.61
14036,2026-06-22 20:08:18,PDV 01,24,1.0,18.9,18.9,PIX,5102,0.18,3.4
14037,2026-06-22 08:28:52,PDV 06,24,1.1,18.9,20.79,Cartão Crédito,5102,0.18,3.74
14038,2026-06-22 12:42:56,PDV 05,24,1.0,18.9,18.9,Cartão Crédito,5102,0.18,3.4
14039,2026-06-23 15:41:40,PDV 06,24,3.5,18.9,66.15,Cartão Crédito,5102,0.18,11.91
14040,2026-06-24 14:06:39,PDV 05,24,1.4,18.9,26.46,Dinheiro,5102,0.18,4.76
14041,2026-06-24 10:59:16,PDV 01,24,1.4,18.9,26.46,Cartão Débito,5102,0.18,4.76
14042,2026-06-25 16:14:34,PDV 04,24,1.3,18.9,24.57,Cartão Débito,5102,0.18,4.42
14043,2026-06-25 18:30:40,PDV 02,24,1.3,18.9,24.57,Cartão Débito,5102,0.18,4.42
14044,2026-06-25 09:11:09,PDV 03,24,1.3,18.9,24.57,Cartão Crédito,5102,0.18,4.42
14045,2026-06-26 14:25:48,PDV 05,24,1.8,18.9,34.02,Cartão Débito,5102,0.18,6.12
14046,2026-06-26 12:58:32,PDV 06,24,1.9,18.9,35.91,Cartão Crédito,5102,0.18,6.46
14047,2026-06-26 11:31:15,PDV 06,24,1.8,18.9,34.02,Cartão Débito,5102,0.18,6.12
14048,2026-06-27 20:11:06,PDV 02,24,5.6,18.9,105.84,Cartão Débito,5102,0.18,19.05
14049,2026-06-28 09:33:29,PDV 05,24,3.9,18.9,73.71,Cartão Débito,5102,0.18,13.27
14050,2026-06-29 13:44:35,PDV 04,24,1.0,18.9,18.9,PIX,5102,0.18,3.4
14051,2026-06-29 19:39:03,PDV 06,24,1.1,18.9,20.79,Dinheiro,5102,0.18,3.74
14052,2026-06-29 09:29:54,PDV 01,24,1.0,18.9,18.9,PIX,5102,0.18,3.4
14053,2026-04-01 11:02:09,PDV 05,25,1.1,12.9,14.19,Cartão Débito,5102,0.18,2.55
14054,2026-04-01 20:42:44,PDV 05,25,1.1,12.9,14.19,Cartão Crédito,5102,0.18,2.55
14055,2026-04-01 14:15:29,PDV 06,25,1.1,12.9,14.19,Cartão Crédito,5102,0.18,2.55
14056,2026-04-01 10:41:26,PDV 02,25,1.2,12.9,15.48,PIX,5102,0.18,2.79
14057,2026-04-02 18:48:11,PDV 01,25,2.2,12.9,28.38,Cartão Crédito,5102,0.18,5.11
14058,2026-04-02 09:21:42,PDV 03,25,2.1,12.9,27.09,Cartão Crédito,5102,0.18,4.88
14059,2026-04-02 08:41:42,PDV 05,25,2.2,12.9,28.38,Cartão Débito,5102,0.18,5.11
14060,2026-04-03 11:46:06,PDV 02,25,4.2,12.9,54.18,Cartão Crédito,5102,0.18,9.75
14061,2026-04-03 20:54:02,PDV 01,25,4.2,12.9,54.18,Cartão Débito,5102,0.18,9.75
14062,2026-04-04 19:54:10,PDV 01,25,4.3,12.9,55.47,PIX,5102,0.18,9.98
14063,2026-04-04 09:11:54,PDV 02,25,4.4,12.9,56.76,Cartão Débito,5102,0.18,10.22
14064,2026-04-05 20:04:23,PDV 06,25,3.1,12.9,39.99,Cartão Débito,5102,0.18,7.2
14065,2026-04-05 18:58:56,PDV 01,25,3.2,12.9,41.28,Cartão Crédito,5102,0.18,7.43
14066,2026-04-06 14:34:26,PDV 05,25,2.1,12.9,27.09,Cartão Crédito,5102,0.18,4.88
14067,2026-04-06 14:19:57,PDV 01,25,2.2,12.9,28.38,Cartão Débito,5102,0.18,5.11
14068,2026-04-07 16:20:16,PDV 05,25,4.6,12.9,59.34,Cartão Crédito,5102,0.18,10.68
14069,2026-04-08 12:19:48,PDV 02,25,1.2,12.9,15.48,PIX,5102,0.18,2.79
14070,2026-04-08 18:00:02,PDV 04,25,1.2,12.9,15.48,Cartão Débito,5102,0.18,2.79
14071,2026-04-08 16:58:59,PDV 04,25,1.1,12.9,14.19,Cartão Crédito,5102,0.18,2.55
14072,2026-04-08 16:30:15,PDV 03,25,1.2,12.9,15.48,Cartão Crédito,5102,0.18,2.79
14073,2026-04-09 18:25:18,PDV 04,25,1.4,12.9,18.06,Cartão Crédito,5102,0.18,3.25
14074,2026-04-09 20:47:07,PDV 05,25,1.4,12.9,18.06,Cartão Crédito,5102,0.18,3.25
14075,2026-04-09 10:13:18,PDV 06,25,1.5,12.9,19.35,Cartão Débito,5102,0.18,3.48
14076,2026-04-09 17:09:45,PDV 04,25,1.4,12.9,18.06,PIX,5102,0.18,3.25
14077,2026-04-10 09:12:11,PDV 01,25,3.7,12.9,47.73,Cartão Débito,5102,0.18,8.59
14078,2026-04-10 09:02:18,PDV 02,25,3.7,12.9,47.73,Cartão Crédito,5102,0.18,8.59
14079,2026-04-11 20:07:18,PDV 06,25,3.1,12.9,39.99,Cartão Crédito,5102,0.18,7.2
14080,2026-04-11 16:58:56,PDV 05,25,3.2,12.9,41.28,PIX,5102,0.18,7.43
14081,2026-04-12 09:30:55,PDV 05,25,5.2,12.9,67.08,Cartão Crédito,5102,0.18,12.07
14082,2026-04-13 17:39:38,PDV 05,25,1.0,12.9,12.9,Cartão Débito,5102,0.18,2.32
14083,2026-04-13 19:33:06,PDV 06,25,1.0,12.9,12.9,Cartão Débito,5102,0.18,2.32
14084,2026-04-13 19:12:07,PDV 06,25,1.0,12.9,12.9,Cartão Crédito,5102,0.18,2.32
14085,2026-04-13 08:14:56,PDV 04,25,1.0,12.9,12.9,Cartão Crédito,5102,0.18,2.32
14086,2026-04-14 19:44:47,PDV 02,25,3.2,12.9,41.28,Cartão Crédito,5102,0.18,7.43
14087,2026-04-15 08:22:59,PDV 02,25,3.2,12.9,41.28,Cartão Crédito,5102,0.18,7.43
14088,2026-04-16 11:34:25,PDV 02,25,1.5,12.9,19.35,PIX,5102,0.18,3.48
14089,2026-04-16 08:20:40,PDV 01,25,1.5,12.9,19.35,Cartão Débito,5102,0.18,3.48
14090,2026-04-16 10:17:15,PDV 05,25,1.4,12.9,18.06,PIX,5102,0.18,3.25
14091,2026-04-17 13:35:44,PDV 02,25,6.9,12.9,89.01,Dinheiro,5102,0.18,16.02
14092,2026-04-18 18:49:36,PDV 05,25,3.5,12.9,45.15,Cartão Débito,5102,0.18,8.13
14093,2026-04-18 15:25:34,PDV 06,25,3.5,12.9,45.15,Cartão Crédito,5102,0.18,8.13
14094,2026-04-19 20:27:59,PDV 02,25,1.3,12.9,16.77,PIX,5102,0.18,3.02
14095,2026-04-19 10:54:35,PDV 02,25,1.3,12.9,16.77,PIX,5102,0.18,3.02
14096,2026-04-19 16:39:57,PDV 04,25,1.4,12.9,18.06,Cartão Crédito,5102,0.18,3.25
14097,2026-04-19 11:13:52,PDV 04,25,1.3,12.9,16.77,Cartão Crédito,5102,0.18,3.02
14098,2026-04-20 09:32:21,PDV 06,25,1.1,12.9,14.19,Cartão Débito,5102,0.18,2.55
14099,2026-04-20 18:34:58,PDV 04,25,1.1,12.9,14.19,Cartão Débito,5102,0.18,2.55
14100,2026-04-20 15:06:15,PDV 04,25,1.1,12.9,14.19,Cartão Crédito,5102,0.18,2.55
14101,2026-04-21 08:04:12,PDV 02,25,3.7,12.9,47.73,Cartão Crédito,5102,0.18,8.59
14102,2026-04-22 11:57:14,PDV 06,25,3.3,12.9,42.57,Cartão Crédito,5102,0.18,7.66
14103,2026-04-23 18:34:54,PDV 05,25,4.2,12.9,54.18,Cartão Crédito,5102,0.18,9.75
14104,2026-04-24 13:57:11,PDV 04,25,3.4,12.9,43.86,Cartão Crédito,5102,0.18,7.89
14105,2026-04-24 19:54:04,PDV 05,25,3.4,12.9,43.86,Cartão Crédito,5102,0.18,7.89
14106,2026-04-25 14:57:30,PDV 04,25,5.5,12.9,70.95,Cartão Débito,5102,0.18,12.77
14107,2026-04-26 14:48:40,PDV 06,25,4.3,12.9,55.47,Cartão Débito,5102,0.18,9.98
14108,2026-04-27 10:00:40,PDV 05,25,1.1,12.9,14.19,Cartão Crédito,5102,0.18,2.55
14109,2026-04-27 18:52:17,PDV 02,25,1.1,12.9,14.19,PIX,5102,0.18,2.55
14110,2026-04-27 17:08:29,PDV 05,25,1.1,12.9,14.19,Cartão Crédito,5102,0.18,2.55
14111,2026-04-28 09:29:58,PDV 05,25,1.9,12.9,24.51,Cartão Crédito,5102,0.18,4.41
14112,2026-04-28 13:37:26,PDV 05,25,1.9,12.9,24.51,PIX,5102,0.18,4.41
14113,2026-04-29 11:34:44,PDV 03,25,1.3,12.9,16.77,Cartão Débito,5102,0.18,3.02
14114,2026-04-29 15:11:47,PDV 06,25,1.2,12.9,15.48,Cartão Débito,5102,0.18,2.79
14115,2026-04-29 19:52:46,PDV 02,25,1.3,12.9,16.77,Cartão Crédito,5102,0.18,3.02
14116,2026-04-30 13:44:52,PDV 04,25,1.1,12.9,14.19,Cartão Crédito,5102,0.18,2.55
14117,2026-04-30 20:10:39,PDV 03,25,1.1,12.9,14.19,Cartão Crédito,5102,0.18,2.55
14118,2026-04-30 09:08:20,PDV 04,25,1.1,12.9,14.19,Cartão Débito,5102,0.18,2.55
14119,2026-04-30 17:32:37,PDV 05,25,1.2,12.9,15.48,PIX,5102,0.18,2.79
14120,2026-05-01 13:20:14,PDV 05,25,4.3,12.9,55.47,Cartão Débito,5102,0.18,9.98
14121,2026-05-01 14:40:40,PDV 01,25,4.3,12.9,55.47,PIX,5102,0.18,9.98
14122,2026-05-02 10:37:55,PDV 05,25,2.5,12.9,32.25,Cartão Débito,5102,0.18,5.8
14123,2026-05-02 12:40:30,PDV 02,25,2.5,12.9,32.25,PIX,5102,0.18,5.8
14124,2026-05-02 14:27:37,PDV 03,25,2.4,12.9,30.96,Cartão Débito,5102,0.18,5.57
14125,2026-05-03 17:39:25,PDV 04,25,1.8,12.9,23.22,Cartão Débito,5102,0.18,4.18
14126,2026-05-03 08:35:50,PDV 05,25,1.7,12.9,21.93,Cartão Crédito,5102,0.18,3.95
14127,2026-05-03 18:43:31,PDV 03,25,1.8,12.9,23.22,Cartão Crédito,5102,0.18,4.18
14128,2026-05-03 18:39:54,PDV 05,25,1.7,12.9,21.93,Cartão Débito,5102,0.18,3.95
14129,2026-05-04 09:32:12,PDV 05,25,1.7,12.9,21.93,PIX,5102,0.18,3.95
14130,2026-05-04 12:07:26,PDV 04,25,1.7,12.9,21.93,Cartão Débito,5102,0.18,3.95
14131,2026-05-04 15:33:40,PDV 03,25,1.7,12.9,21.93,Cartão Débito,5102,0.18,3.95
14132,2026-05-05 14:18:49,PDV 05,25,4.8,12.9,61.92,Cartão Crédito,5102,0.18,11.15
14133,2026-05-06 12:20:00,PDV 05,25,1.9,12.9,24.51,Cartão Débito,5102,0.18,4.41
14134,2026-05-06 18:32:51,PDV 04,25,1.9,12.9,24.51,PIX,5102,0.18,4.41
14135,2026-05-07 10:07:53,PDV 01,25,2.1,12.9,27.09,Cartão Débito,5102,0.18,4.88
14136,2026-05-07 10:29:02,PDV 04,25,2.0,12.9,25.8,Cartão Crédito,5102,0.18,4.64
14137,2026-05-07 16:38:57,PDV 01,25,2.1,12.9,27.09,Cartão Débito,5102,0.18,4.88
14138,2026-05-08 12:34:53,PDV 03,25,3.5,12.9,45.15,Cartão Débito,5102,0.18,8.13
14139,2026-05-08 09:49:14,PDV 01,25,3.5,12.9,45.15,Cartão Crédito,5102,0.18,8.13
14140,2026-05-09 18:51:02,PDV 03,25,4.4,12.9,56.76,Cartão Crédito,5102,0.18,10.22
14141,2026-05-09 18:52:34,PDV 05,25,4.4,12.9,56.76,Cartão Débito,5102,0.18,10.22
14142,2026-05-10 12:53:54,PDV 06,25,1.4,12.9,18.06,Dinheiro,5102,0.18,3.25
14143,2026-05-10 16:22:26,PDV 02,25,1.4,12.9,18.06,Cartão Débito,5102,0.18,3.25
14144,2026-05-10 15:50:23,PDV 01,25,1.5,12.9,19.35,Cartão Débito,5102,0.18,3.48
14145,2026-05-10 11:02:43,PDV 03,25,1.4,12.9,18.06,Cartão Crédito,5102,0.18,3.25
14146,2026-05-11 14:06:37,PDV 05,25,1.2,12.9,15.48,Cartão Débito,5102,0.18,2.79
14147,2026-05-11 11:01:58,PDV 03,25,1.2,12.9,15.48,Cartão Débito,5102,0.18,2.79
14148,2026-05-11 09:35:16,PDV 05,25,1.2,12.9,15.48,Cartão Débito,5102,0.18,2.79
14149,2026-05-12 16:42:54,PDV 03,25,1.0,12.9,12.9,Cartão Crédito,5102,0.18,2.32
14150,2026-05-12 17:03:32,PDV 04,25,1.0,12.9,12.9,Dinheiro,5102,0.18,2.32
14151,2026-05-12 08:41:07,PDV 05,25,1.0,12.9,12.9,Cartão Crédito,5102,0.18,2.32
14152,2026-05-12 14:56:41,PDV 01,25,1.1,12.9,14.19,Cartão Débito,5102,0.18,2.55
14153,2026-05-13 20:13:27,PDV 03,25,1.0,12.9,12.9,PIX,5102,0.18,2.32
14154,2026-05-13 09:03:14,PDV 03,25,1.1,12.9,14.19,Dinheiro,5102,0.18,2.55
14155,2026-05-13 12:16:08,PDV 05,25,1.0,12.9,12.9,Cartão Crédito,5102,0.18,2.32
14156,2026-05-14 14:30:17,PDV 06,25,4.9,12.9,63.21,Cartão Débito,5102,0.18,11.38
14157,2026-05-15 16:57:59,PDV 04,25,1.6,12.9,20.64,PIX,5102,0.18,3.72
14158,2026-05-15 13:10:19,PDV 01,25,1.5,12.9,19.35,Cartão Débito,5102,0.18,3.48
14159,2026-05-15 20:49:08,PDV 01,25,1.5,12.9,19.35,Cartão Débito,5102,0.18,3.48
14160,2026-05-15 13:39:38,PDV 04,25,1.6,12.9,20.64,PIX,5102,0.18,3.72
14161,2026-05-16 13:59:27,PDV 02,25,3.1,12.9,39.99,Cartão Débito,5102,0.18,7.2
14162,2026-05-16 10:07:38,PDV 01,25,3.1,12.9,39.99,Cartão Débito,5102,0.18,7.2
14163,2026-05-17 18:41:42,PDV 03,25,2.5,12.9,32.25,Cartão Crédito,5102,0.18,5.8
14164,2026-05-17 08:16:31,PDV 03,25,2.5,12.9,32.25,Cartão Crédito,5102,0.18,5.8
14165,2026-05-18 12:34:18,PDV 06,25,1.7,12.9,21.93,PIX,5102,0.18,3.95
14166,2026-05-18 13:38:14,PDV 05,25,1.7,12.9,21.93,Cartão Crédito,5102,0.18,3.95
14167,2026-05-19 09:54:52,PDV 02,25,3.4,12.9,43.86,Cartão Crédito,5102,0.18,7.89
14168,2026-05-20 08:31:53,PDV 01,25,1.6,12.9,20.64,Dinheiro,5102,0.18,3.72
14169,2026-05-20 12:21:46,PDV 03,25,1.5,12.9,19.35,Cartão Débito,5102,0.18,3.48
14170,2026-05-21 19:53:55,PDV 05,25,2.2,12.9,28.38,Cartão Débito,5102,0.18,5.11
14171,2026-05-21 19:15:25,PDV 02,25,2.2,12.9,28.38,Cartão Crédito,5102,0.18,5.11
14172,2026-05-22 09:59:45,PDV 04,25,6.8,12.9,87.72,Cartão Débito,5102,0.18,15.79
14173,2026-05-23 18:29:31,PDV 02,25,3.2,12.9,41.28,Cartão Crédito,5102,0.18,7.43
14174,2026-05-23 12:34:41,PDV 05,25,3.2,12.9,41.28,Cartão Crédito,5102,0.18,7.43
14175,2026-05-24 16:20:45,PDV 06,25,1.6,12.9,20.64,Cartão Débito,5102,0.18,3.72
14176,2026-05-24 13:10:11,PDV 05,25,1.6,12.9,20.64,Cartão Crédito,5102,0.18,3.72
14177,2026-05-24 10:43:53,PDV 03,25,1.5,12.9,19.35,Cartão Débito,5102,0.18,3.48
14178,2026-05-25 09:25:07,PDV 05,25,1.8,12.9,23.22,Cartão Débito,5102,0.18,4.18
14179,2026-05-25 13:39:05,PDV 04,25,1.8,12.9,23.22,Cartão Débito,5102,0.18,4.18
14180,2026-05-26 08:33:54,PDV 06,25,1.8,12.9,23.22,Cartão Débito,5102,0.18,4.18
14181,2026-05-26 12:38:05,PDV 03,25,1.7,12.9,21.93,Cartão Crédito,5102,0.18,3.95
14182,2026-05-27 12:30:14,PDV 03,25,1.9,12.9,24.51,Cartão Crédito,5102,0.18,4.41
14183,2026-05-27 13:49:09,PDV 03,25,1.8,12.9,23.22,Cartão Crédito,5102,0.18,4.18
14184,2026-05-28 09:53:50,PDV 04,25,1.8,12.9,23.22,Cartão Débito,5102,0.18,4.18
14185,2026-05-28 17:19:44,PDV 05,25,1.8,12.9,23.22,Cartão Crédito,5102,0.18,4.18
14186,2026-05-28 12:18:54,PDV 05,25,1.8,12.9,23.22,Cartão Débito,5102,0.18,4.18
14187,2026-05-29 11:31:32,PDV 05,25,1.9,12.9,24.51,Cartão Débito,5102,0.18,4.41
14188,2026-05-29 11:07:33,PDV 02,25,1.8,12.9,23.22,Cartão Crédito,5102,0.18,4.18
14189,2026-05-29 20:04:44,PDV 02,25,1.9,12.9,24.51,Cartão Débito,5102,0.18,4.41
14190,2026-05-30 14:59:02,PDV 05,25,3.2,12.9,41.28,Cartão Crédito,5102,0.18,7.43
14191,2026-05-30 16:56:11,PDV 05,25,3.3,12.9,42.57,Cartão Débito,5102,0.18,7.66
14192,2026-05-31 15:34:30,PDV 02,25,2.5,12.9,32.25,Cartão Débito,5102,0.18,5.8
14193,2026-05-31 16:27:11,PDV 03,25,2.4,12.9,30.96,Cartão Crédito,5102,0.18,5.57
14194,2026-06-01 10:07:28,PDV 06,25,1.6,12.9,20.64,Cartão Débito,5102,0.18,3.72
14195,2026-06-01 13:53:42,PDV 02,25,1.6,12.9,20.64,Dinheiro,5102,0.18,3.72
14196,2026-06-01 19:14:30,PDV 05,25,1.5,12.9,19.35,Cartão Débito,5102,0.18,3.48
14197,2026-06-02 13:27:43,PDV 04,25,5.1,12.9,65.79,Cartão Débito,5102,0.18,11.84
14198,2026-06-03 14:31:05,PDV 06,25,1.5,12.9,19.35,Cartão Crédito,5102,0.18,3.48
14199,2026-06-03 19:24:59,PDV 02,25,1.5,12.9,19.35,Cartão Crédito,5102,0.18,3.48
14200,2026-06-03 14:37:59,PDV 01,25,1.4,12.9,18.06,Dinheiro,5102,0.18,3.25
14201,2026-06-04 11:52:25,PDV 02,25,3.2,12.9,41.28,Cartão Crédito,5102,0.18,7.43
14202,2026-06-04 17:16:56,PDV 04,25,3.2,12.9,41.28,Cartão Crédito,5102,0.18,7.43
14203,2026-06-05 12:57:21,PDV 01,25,1.8,12.9,23.22,Cartão Crédito,5102,0.18,4.18
14204,2026-06-05 17:37:50,PDV 01,25,1.7,12.9,21.93,Cartão Crédito,5102,0.18,3.95
14205,2026-06-05 09:03:34,PDV 05,25,1.8,12.9,23.22,Cartão Crédito,5102,0.18,4.18
14206,2026-06-05 15:14:36,PDV 01,25,1.7,12.9,21.93,Cartão Crédito,5102,0.18,3.95
14207,2026-06-06 18:45:21,PDV 02,25,4.3,12.9,55.47,Cartão Débito,5102,0.18,9.98
14208,2026-06-06 09:34:38,PDV 04,25,4.4,12.9,56.76,Cartão Crédito,5102,0.18,10.22
14209,2026-06-07 12:10:41,PDV 03,25,2.1,12.9,27.09,Cartão Débito,5102,0.18,4.88
14210,2026-06-07 19:32:49,PDV 05,25,2.1,12.9,27.09,Cartão Débito,5102,0.18,4.88
14211,2026-06-07 20:57:53,PDV 06,25,2.1,12.9,27.09,Cartão Crédito,5102,0.18,4.88
14212,2026-06-08 17:23:28,PDV 02,25,1.1,12.9,14.19,Cartão Crédito,5102,0.18,2.55
14213,2026-06-08 13:52:49,PDV 04,25,1.1,12.9,14.19,Cartão Débito,5102,0.18,2.55
14214,2026-06-08 19:36:22,PDV 05,25,1.0,12.9,12.9,Cartão Débito,5102,0.18,2.32
14215,2026-06-08 16:47:07,PDV 05,25,1.1,12.9,14.19,Cartão Débito,5102,0.18,2.55
14216,2026-06-09 09:28:47,PDV 05,25,2.1,12.9,27.09,Cartão Crédito,5102,0.18,4.88
14217,2026-06-09 16:38:42,PDV 06,25,2.1,12.9,27.09,PIX,5102,0.18,4.88
14218,2026-06-10 10:19:33,PDV 05,25,4.1,12.9,52.89,Cartão Débito,5102,0.18,9.52
14219,2026-06-11 09:29:00,PDV 03,25,1.4,12.9,18.06,PIX,5102,0.18,3.25
14220,2026-06-11 16:19:58,PDV 03,25,1.4,12.9,18.06,Dinheiro,5102,0.18,3.25
14221,2026-06-11 20:06:50,PDV 03,25,1.3,12.9,16.77,PIX,5102,0.18,3.02
14222,2026-06-11 11:27:31,PDV 02,25,1.4,12.9,18.06,Cartão Crédito,5102,0.18,3.25
14223,2026-06-12 16:06:05,PDV 02,25,1.5,12.9,19.35,Cartão Crédito,5102,0.18,3.48
14224,2026-06-12 18:01:13,PDV 05,25,1.5,12.9,19.35,Cartão Crédito,5102,0.18,3.48
14225,2026-06-12 20:27:54,PDV 05,25,1.5,12.9,19.35,Cartão Débito,5102,0.18,3.48
14226,2026-06-12 09:36:15,PDV 05,25,1.6,12.9,20.64,Dinheiro,5102,0.18,3.72
14227,2026-06-13 16:05:17,PDV 03,25,1.7,12.9,21.93,Cartão Crédito,5102,0.18,3.95
14228,2026-06-13 08:47:50,PDV 05,25,1.7,12.9,21.93,Cartão Crédito,5102,0.18,3.95
14229,2026-06-13 19:36:40,PDV 02,25,1.6,12.9,20.64,PIX,5102,0.18,3.72
14230,2026-06-13 15:29:36,PDV 01,25,1.7,12.9,21.93,Cartão Débito,5102,0.18,3.95
14231,2026-06-14 16:55:27,PDV 04,25,2.2,12.9,28.38,Cartão Crédito,5102,0.18,5.11
14232,2026-06-14 11:52:50,PDV 03,25,2.2,12.9,28.38,Cartão Débito,5102,0.18,5.11
14233,2026-06-15 13:47:32,PDV 05,25,1.2,12.9,15.48,PIX,5102,0.18,2.79
14234,2026-06-15 20:46:29,PDV 06,25,1.1,12.9,14.19,Cartão Débito,5102,0.18,2.55
14235,2026-06-15 18:20:12,PDV 02,25,1.2,12.9,15.48,Cartão Crédito,5102,0.18,2.79
14236,2026-06-16 19:47:07,PDV 01,25,3.2,12.9,41.28,Cartão Crédito,5102,0.18,7.43
14237,2026-06-17 09:00:15,PDV 05,25,1.2,12.9,15.48,Cartão Débito,5102,0.18,2.79
14238,2026-06-17 17:30:19,PDV 02,25,1.1,12.9,14.19,Cartão Crédito,5102,0.18,2.55
14239,2026-06-17 13:22:07,PDV 02,25,1.2,12.9,15.48,Cartão Crédito,5102,0.18,2.79
14240,2026-06-18 17:03:44,PDV 05,25,5.5,12.9,70.95,Cartão Débito,5102,0.18,12.77
14241,2026-06-19 16:45:07,PDV 01,25,5.9,12.9,76.11,Cartão Débito,5102,0.18,13.7
14242,2026-06-20 10:19:13,PDV 06,25,5.4,12.9,69.66,Cartão Crédito,5102,0.18,12.54
14243,2026-06-21 09:57:21,PDV 06,25,1.3,12.9,16.77,PIX,5102,0.18,3.02
14244,2026-06-21 16:31:13,PDV 04,25,1.3,12.9,16.77,PIX,5102,0.18,3.02
14245,2026-06-21 10:58:28,PDV 01,25,1.4,12.9,18.06,Cartão Débito,5102,0.18,3.25
14246,2026-06-21 13:32:46,PDV 05,25,1.3,12.9,16.77,Cartão Crédito,5102,0.18,3.02
14247,2026-06-22 11:22:15,PDV 05,25,3.2,12.9,41.28,Cartão Débito,5102,0.18,7.43
14248,2026-06-23 18:21:34,PDV 03,25,3.8,12.9,49.02,Dinheiro,5102,0.18,8.82
14249,2026-06-24 09:23:40,PDV 03,25,1.9,12.9,24.51,Cartão Crédito,5102,0.18,4.41
14250,2026-06-24 11:05:41,PDV 03,25,1.8,12.9,23.22,PIX,5102,0.18,4.18
14251,2026-06-25 11:37:31,PDV 05,25,1.4,12.9,18.06,Cartão Débito,5102,0.18,3.25
14252,2026-06-25 13:50:56,PDV 01,25,1.4,12.9,18.06,Cartão Débito,5102,0.18,3.25
14253,2026-06-25 12:15:25,PDV 06,25,1.3,12.9,16.77,Cartão Crédito,5102,0.18,3.02
14254,2026-06-25 18:08:53,PDV 05,25,1.4,12.9,18.06,Dinheiro,5102,0.18,3.25
14255,2026-06-26 15:11:29,PDV 01,25,1.4,12.9,18.06,PIX,5102,0.18,3.25
14256,2026-06-26 16:38:26,PDV 06,25,1.4,12.9,18.06,Cartão Débito,5102,0.18,3.25
14257,2026-06-26 08:21:58,PDV 02,25,1.3,12.9,16.77,Cartão Débito,5102,0.18,3.02
14258,2026-06-26 16:05:24,PDV 03,25,1.4,12.9,18.06,Cartão Débito,5102,0.18,3.25
14259,2026-06-27 09:02:57,PDV 01,25,1.4,12.9,18.06,Cartão Crédito,5102,0.18,3.25
14260,2026-06-27 19:29:20,PDV 06,25,1.5,12.9,19.35,PIX,5102,0.18,3.48
14261,2026-06-27 13:34:55,PDV 06,25,1.5,12.9,19.35,Dinheiro,5102,0.18,3.48
14262,2026-06-27 14:53:16,PDV 01,25,1.4,12.9,18.06,Dinheiro,5102,0.18,3.25
14263,2026-06-28 08:12:42,PDV 05,25,4.3,12.9,55.47,Cartão Crédito,5102,0.18,9.98
14264,2026-06-29 15:13:00,PDV 03,25,2.1,12.9,27.09,Cartão Débito,5102,0.18,4.88
14265,2026-06-29 14:13:27,PDV 02,25,2.0,12.9,25.8,Dinheiro,5102,0.18,4.64
14266,2026-04-01 18:22:28,PDV 04,26,1.2,19.9,23.88,Cartão Débito,5102,0.18,4.3
14267,2026-04-01 12:48:17,PDV 01,26,1.2,19.9,23.88,Cartão Débito,5102,0.18,4.3
14268,2026-04-01 19:44:31,PDV 06,26,1.2,19.9,23.88,Cartão Crédito,5102,0.18,4.3
14269,2026-04-02 09:36:13,PDV 02,26,1.4,19.9,27.86,Cartão Débito,5102,0.18,5.01
14270,2026-04-02 20:15:53,PDV 05,26,1.4,19.9,27.86,Cartão Crédito,5102,0.18,5.01
14271,2026-04-02 08:39:30,PDV 06,26,1.5,19.9,29.85,Cartão Crédito,5102,0.18,5.37
14272,2026-04-03 18:59:09,PDV 02,26,6.4,19.9,127.36,PIX,5102,0.18,22.92
14273,2026-04-04 08:37:46,PDV 06,26,1.6,19.9,31.84,Cartão Crédito,5102,0.18,5.73
14274,2026-04-04 10:47:24,PDV 03,26,1.6,19.9,31.84,PIX,5102,0.18,5.73
14275,2026-04-04 17:26:13,PDV 02,26,1.6,19.9,31.84,Cartão Débito,5102,0.18,5.73
14276,2026-04-04 09:31:53,PDV 03,26,1.6,19.9,31.84,PIX,5102,0.18,5.73
14277,2026-04-05 12:00:16,PDV 06,26,2.4,19.9,47.76,Cartão Crédito,5102,0.18,8.6
14278,2026-04-05 11:11:26,PDV 01,26,2.4,19.9,47.76,Cartão Débito,5102,0.18,8.6
14279,2026-04-06 08:02:12,PDV 03,26,1.2,19.9,23.88,Cartão Débito,5102,0.18,4.3
14280,2026-04-06 14:06:44,PDV 04,26,1.2,19.9,23.88,Cartão Débito,5102,0.18,4.3
14281,2026-04-06 15:00:09,PDV 05,26,1.2,19.9,23.88,Cartão Débito,5102,0.18,4.3
14282,2026-04-07 18:10:03,PDV 02,26,1.2,19.9,23.88,PIX,5102,0.18,4.3
14283,2026-04-07 08:38:21,PDV 02,26,1.2,19.9,23.88,Cartão Débito,5102,0.18,4.3
14284,2026-04-07 20:26:46,PDV 02,26,1.3,19.9,25.87,Cartão Débito,5102,0.18,4.66
14285,2026-04-08 11:26:34,PDV 05,26,1.9,19.9,37.81,Cartão Débito,5102,0.18,6.81
14286,2026-04-08 13:29:30,PDV 05,26,1.8,19.9,35.82,Cartão Débito,5102,0.18,6.45
14287,2026-04-09 09:31:15,PDV 02,26,5.3,19.9,105.47,Cartão Débito,5102,0.18,18.98
14288,2026-04-10 08:51:29,PDV 02,26,6.9,19.9,137.31,Cartão Crédito,5102,0.18,24.72
14289,2026-04-11 11:48:49,PDV 01,26,5.0,19.9,99.5,Cartão Crédito,5102,0.18,17.91
14290,2026-04-12 10:05:06,PDV 02,26,2.0,19.9,39.8,Cartão Crédito,5102,0.18,7.16
14291,2026-04-12 14:36:02,PDV 06,26,2.0,19.9,39.8,Cartão Crédito,5102,0.18,7.16
14292,2026-04-13 18:24:31,PDV 02,26,2.5,19.9,49.75,Cartão Débito,5102,0.18,8.96
14293,2026-04-14 20:52:16,PDV 03,26,2.9,19.9,57.71,PIX,5102,0.18,10.39
14294,2026-04-15 19:26:50,PDV 01,26,1.4,19.9,27.86,Dinheiro,5102,0.18,5.01
14295,2026-04-15 09:36:10,PDV 05,26,1.3,19.9,25.87,PIX,5102,0.18,4.66
14296,2026-04-16 15:53:00,PDV 04,26,4.2,19.9,83.58,Cartão Débito,5102,0.18,15.04
14297,2026-04-17 14:03:09,PDV 02,26,2.8,19.9,55.72,PIX,5102,0.18,10.03
14298,2026-04-17 12:54:50,PDV 02,26,2.7,19.9,53.73,Cartão Débito,5102,0.18,9.67
14299,2026-04-18 09:41:25,PDV 01,26,2.7,19.9,53.73,Cartão Débito,5102,0.18,9.67
14300,2026-04-18 10:13:58,PDV 05,26,2.7,19.9,53.73,Cartão Débito,5102,0.18,9.67
14301,2026-04-19 10:46:58,PDV 06,26,4.0,19.9,79.6,Cartão Crédito,5102,0.18,14.33
14302,2026-04-20 12:19:47,PDV 04,26,1.0,19.9,19.9,PIX,5102,0.18,3.58
14303,2026-04-20 15:56:11,PDV 04,26,1.0,19.9,19.9,Cartão Crédito,5102,0.18,3.58
14304,2026-04-20 11:43:11,PDV 04,26,1.0,19.9,19.9,Cartão Crédito,5102,0.18,3.58
14305,2026-04-21 13:06:14,PDV 02,26,1.2,19.9,23.88,Cartão Crédito,5102,0.18,4.3
14306,2026-04-21 09:41:29,PDV 05,26,1.2,19.9,23.88,PIX,5102,0.18,4.3
14307,2026-04-22 18:08:17,PDV 03,26,2.6,19.9,51.74,PIX,5102,0.18,9.31
14308,2026-04-23 17:34:22,PDV 01,26,1.9,19.9,37.81,Cartão Débito,5102,0.18,6.81
14309,2026-04-23 10:06:06,PDV 05,26,2.0,19.9,39.8,Cartão Crédito,5102,0.18,7.16
14310,2026-04-24 16:37:59,PDV 01,26,1.8,19.9,35.82,Cartão Débito,5102,0.18,6.45
14311,2026-04-24 14:34:56,PDV 04,26,1.8,19.9,35.82,Dinheiro,5102,0.18,6.45
14312,2026-04-24 19:18:46,PDV 05,26,1.7,19.9,33.83,PIX,5102,0.18,6.09
14313,2026-04-25 12:30:35,PDV 04,26,1.1,19.9,21.89,PIX,5102,0.18,3.94
14314,2026-04-25 16:43:26,PDV 02,26,1.2,19.9,23.88,Cartão Débito,5102,0.18,4.3
14315,2026-04-25 14:03:58,PDV 01,26,1.1,19.9,21.89,Cartão Crédito,5102,0.18,3.94
14316,2026-04-25 12:19:29,PDV 03,26,1.2,19.9,23.88,Cartão Débito,5102,0.18,4.3
14317,2026-04-26 15:52:42,PDV 05,26,2.0,19.9,39.8,Dinheiro,5102,0.18,7.16
14318,2026-04-26 17:07:36,PDV 01,26,2.0,19.9,39.8,Cartão Crédito,5102,0.18,7.16
14319,2026-04-27 09:27:19,PDV 01,26,2.8,19.9,55.72,Cartão Débito,5102,0.18,10.03
14320,2026-04-28 14:38:46,PDV 06,26,2.7,19.9,53.73,Cartão Débito,5102,0.18,9.67
14321,2026-04-29 20:20:14,PDV 03,26,2.7,19.9,53.73,Cartão Crédito,5102,0.18,9.67
14322,2026-04-30 12:28:02,PDV 05,26,1.1,19.9,21.89,Cartão Débito,5102,0.18,3.94
14323,2026-04-30 11:36:33,PDV 04,26,1.1,19.9,21.89,Cartão Débito,5102,0.18,3.94
14324,2026-04-30 14:11:09,PDV 06,26,1.1,19.9,21.89,PIX,5102,0.18,3.94
14325,2026-04-30 10:04:10,PDV 02,26,1.1,19.9,21.89,Cartão Crédito,5102,0.18,3.94
14326,2026-05-01 18:47:09,PDV 01,26,1.4,19.9,27.86,Cartão Débito,5102,0.18,5.01
14327,2026-05-01 13:00:56,PDV 02,26,1.3,19.9,25.87,PIX,5102,0.18,4.66
14328,2026-05-01 08:03:01,PDV 01,26,1.4,19.9,27.86,Cartão Crédito,5102,0.18,5.01
14329,2026-05-01 14:15:50,PDV 03,26,1.3,19.9,25.87,Cartão Crédito,5102,0.18,4.66
14330,2026-05-02 15:15:37,PDV 01,26,1.6,19.9,31.84,Cartão Crédito,5102,0.18,5.73
14331,2026-05-02 08:33:33,PDV 05,26,1.6,19.9,31.84,PIX,5102,0.18,5.73
14332,2026-05-02 17:05:07,PDV 03,26,1.7,19.9,33.83,Cartão Débito,5102,0.18,6.09
14333,2026-05-02 20:00:01,PDV 05,26,1.6,19.9,31.84,Dinheiro,5102,0.18,5.73
14334,2026-05-03 14:36:48,PDV 06,26,5.3,19.9,105.47,Cartão Crédito,5102,0.18,18.98
14335,2026-05-04 10:43:31,PDV 02,26,3.9,19.9,77.61,Dinheiro,5102,0.18,13.97
14336,2026-05-05 17:43:34,PDV 05,26,1.2,19.9,23.88,Cartão Crédito,5102,0.18,4.3
14337,2026-05-05 19:45:39,PDV 01,26,1.2,19.9,23.88,Cartão Débito,5102,0.18,4.3
14338,2026-05-05 16:50:46,PDV 03,26,1.2,19.9,23.88,Cartão Débito,5102,0.18,4.3
14339,2026-05-06 16:27:30,PDV 03,26,4.0,19.9,79.6,Cartão Débito,5102,0.18,14.33
14340,2026-05-07 08:01:58,PDV 05,26,4.3,19.9,85.57,PIX,5102,0.18,15.4
14341,2026-05-08 18:14:15,PDV 04,26,2.0,19.9,39.8,Cartão Débito,5102,0.18,7.16
14342,2026-05-08 09:46:53,PDV 02,26,2.0,19.9,39.8,Dinheiro,5102,0.18,7.16
14343,2026-05-08 09:59:06,PDV 05,26,2.1,19.9,41.79,PIX,5102,0.18,7.52
14344,2026-05-09 09:42:38,PDV 05,26,2.0,19.9,39.8,Cartão Crédito,5102,0.18,7.16
14345,2026-05-09 19:16:21,PDV 05,26,2.0,19.9,39.8,Cartão Débito,5102,0.18,7.16
14346,2026-05-09 17:51:19,PDV 02,26,2.0,19.9,39.8,Dinheiro,5102,0.18,7.16
14347,2026-05-10 18:16:51,PDV 06,26,2.7,19.9,53.73,Cartão Débito,5102,0.18,9.67
14348,2026-05-10 13:13:20,PDV 02,26,2.7,19.9,53.73,Cartão Débito,5102,0.18,9.67
14349,2026-05-11 08:28:20,PDV 04,26,1.2,19.9,23.88,Dinheiro,5102,0.18,4.3
14350,2026-05-11 17:38:16,PDV 03,26,1.3,19.9,25.87,Cartão Crédito,5102,0.18,4.66
14351,2026-05-12 12:55:25,PDV 04,26,1.1,19.9,21.89,Cartão Crédito,5102,0.18,3.94
14352,2026-05-12 19:03:06,PDV 01,26,1.1,19.9,21.89,Cartão Crédito,5102,0.18,3.94
14353,2026-05-12 12:56:41,PDV 06,26,1.1,19.9,21.89,Cartão Débito,5102,0.18,3.94
14354,2026-05-13 19:49:34,PDV 01,26,3.1,19.9,61.69,Cartão Crédito,5102,0.18,11.1
14355,2026-05-14 10:41:14,PDV 05,26,2.2,19.9,43.78,Cartão Crédito,5102,0.18,7.88
14356,2026-05-14 20:18:00,PDV 02,26,2.2,19.9,43.78,Dinheiro,5102,0.18,7.88
14357,2026-05-15 10:02:33,PDV 03,26,1.4,19.9,27.86,Cartão Crédito,5102,0.18,5.01
14358,2026-05-15 09:31:16,PDV 06,26,1.4,19.9,27.86,Cartão Débito,5102,0.18,5.01
14359,2026-05-15 10:29:14,PDV 03,26,1.4,19.9,27.86,Cartão Crédito,5102,0.18,5.01
14360,2026-05-15 11:26:19,PDV 02,26,1.4,19.9,27.86,Dinheiro,5102,0.18,5.01
14361,2026-05-16 13:29:01,PDV 01,26,2.6,19.9,51.74,Cartão Débito,5102,0.18,9.31
14362,2026-05-16 10:39:06,PDV 05,26,2.7,19.9,53.73,Dinheiro,5102,0.18,9.67
14363,2026-05-17 09:35:07,PDV 06,26,1.4,19.9,27.86,Cartão Crédito,5102,0.18,5.01
14364,2026-05-17 09:40:11,PDV 06,26,1.4,19.9,27.86,Dinheiro,5102,0.18,5.01
14365,2026-05-17 13:36:01,PDV 03,26,1.4,19.9,27.86,Cartão Crédito,5102,0.18,5.01
14366,2026-05-18 09:56:02,PDV 01,26,1.6,19.9,31.84,Cartão Crédito,5102,0.18,5.73
14367,2026-05-18 10:14:03,PDV 03,26,1.6,19.9,31.84,Cartão Crédito,5102,0.18,5.73
14368,2026-05-19 08:05:08,PDV 05,26,3.1,19.9,61.69,Cartão Débito,5102,0.18,11.1
14369,2026-05-20 15:05:01,PDV 01,26,3.1,19.9,61.69,Cartão Crédito,5102,0.18,11.1
14370,2026-05-21 11:57:08,PDV 05,26,2.1,19.9,41.79,Cartão Crédito,5102,0.18,7.52
14371,2026-05-21 18:27:04,PDV 03,26,2.1,19.9,41.79,Cartão Débito,5102,0.18,7.52
14372,2026-05-22 18:57:16,PDV 05,26,4.2,19.9,83.58,Cartão Crédito,5102,0.18,15.04
14373,2026-05-23 15:47:27,PDV 04,26,4.6,19.9,91.54,PIX,5102,0.18,16.48
14374,2026-05-24 20:57:46,PDV 03,26,3.5,19.9,69.65,Cartão Débito,5102,0.18,12.54
14375,2026-05-25 12:41:11,PDV 02,26,2.9,19.9,57.71,Dinheiro,5102,0.18,10.39
14376,2026-05-26 11:54:40,PDV 03,26,1.4,19.9,27.86,Cartão Débito,5102,0.18,5.01
14377,2026-05-26 08:06:39,PDV 01,26,1.5,19.9,29.85,Cartão Débito,5102,0.18,5.37
14378,2026-05-27 13:31:46,PDV 06,26,2.5,19.9,49.75,PIX,5102,0.18,8.96
14379,2026-05-28 19:19:31,PDV 02,26,3.9,19.9,77.61,Cartão Débito,5102,0.18,13.97
14380,2026-05-29 16:26:05,PDV 04,26,1.7,19.9,33.83,Dinheiro,5102,0.18,6.09
14381,2026-05-29 16:10:10,PDV 03,26,1.6,19.9,31.84,PIX,5102,0.18,5.73
14382,2026-05-29 19:43:08,PDV 04,26,1.7,19.9,33.83,Cartão Crédito,5102,0.18,6.09
14383,2026-05-30 14:28:00,PDV 05,26,2.4,19.9,47.76,Cartão Débito,5102,0.18,8.6
14384,2026-05-30 14:45:51,PDV 04,26,2.4,19.9,47.76,Dinheiro,5102,0.18,8.6
14385,2026-05-31 10:54:08,PDV 03,26,1.1,19.9,21.89,Dinheiro,5102,0.18,3.94
14386,2026-05-31 17:56:28,PDV 04,26,1.0,19.9,19.9,PIX,5102,0.18,3.58
14387,2026-05-31 15:32:54,PDV 03,26,1.1,19.9,21.89,PIX,5102,0.18,3.94
14388,2026-05-31 12:30:29,PDV 01,26,1.0,19.9,19.9,Cartão Crédito,5102,0.18,3.58
14389,2026-06-01 18:13:23,PDV 01,26,4.1,19.9,81.59,Cartão Débito,5102,0.18,14.69
14390,2026-06-02 20:32:19,PDV 05,26,3.3,19.9,65.67,Cartão Crédito,5102,0.18,11.82
14391,2026-06-03 10:08:15,PDV 03,26,1.6,19.9,31.84,PIX,5102,0.18,5.73
14392,2026-06-03 20:13:19,PDV 01,26,1.7,19.9,33.83,Cartão Débito,5102,0.18,6.09
14393,2026-06-04 19:48:24,PDV 05,26,1.2,19.9,23.88,Cartão Débito,5102,0.18,4.3
14394,2026-06-04 09:09:05,PDV 03,26,1.2,19.9,23.88,PIX,5102,0.18,4.3
14395,2026-06-04 14:53:16,PDV 05,26,1.1,19.9,21.89,Cartão Crédito,5102,0.18,3.94
14396,2026-06-04 13:10:22,PDV 03,26,1.2,19.9,23.88,Cartão Crédito,5102,0.18,4.3
14397,2026-06-05 08:25:42,PDV 06,26,3.3,19.9,65.67,Cartão Débito,5102,0.18,11.82
14398,2026-06-05 12:41:52,PDV 01,26,3.3,19.9,65.67,PIX,5102,0.18,11.82
14399,2026-06-06 18:45:39,PDV 04,26,6.0,19.9,119.4,PIX,5102,0.18,21.49
14400,2026-06-07 16:09:29,PDV 02,26,5.3,19.9,105.47,Cartão Débito,5102,0.18,18.98
14401,2026-06-08 14:14:19,PDV 02,26,1.0,19.9,19.9,Cartão Débito,5102,0.18,3.58
14402,2026-06-08 17:50:18,PDV 05,26,1.1,19.9,21.89,PIX,5102,0.18,3.94
14403,2026-06-08 16:51:11,PDV 06,26,1.0,19.9,19.9,Cartão Débito,5102,0.18,3.58
14404,2026-06-09 12:37:51,PDV 04,26,1.3,19.9,25.87,Cartão Crédito,5102,0.18,4.66
14405,2026-06-09 14:25:16,PDV 01,26,1.2,19.9,23.88,Cartão Débito,5102,0.18,4.3
14406,2026-06-09 09:52:06,PDV 01,26,1.3,19.9,25.87,Cartão Débito,5102,0.18,4.66
14407,2026-06-10 13:19:12,PDV 06,26,3.7,19.9,73.63,Cartão Crédito,5102,0.18,13.25
14408,2026-06-11 20:46:11,PDV 02,26,4.0,19.9,79.6,PIX,5102,0.18,14.33
14409,2026-06-12 19:25:03,PDV 03,26,4.3,19.9,85.57,Cartão Crédito,5102,0.18,15.4
14410,2026-06-13 08:52:15,PDV 04,26,1.4,19.9,27.86,Cartão Débito,5102,0.18,5.01
14411,2026-06-13 19:46:41,PDV 05,26,1.4,19.9,27.86,Cartão Débito,5102,0.18,5.01
14412,2026-06-13 08:12:10,PDV 01,26,1.4,19.9,27.86,Dinheiro,5102,0.18,5.01
14413,2026-06-13 11:06:38,PDV 04,26,1.4,19.9,27.86,Cartão Crédito,5102,0.18,5.01
14414,2026-06-14 17:38:58,PDV 01,26,1.2,19.9,23.88,Cartão Débito,5102,0.18,4.3
14415,2026-06-14 20:17:02,PDV 01,26,1.1,19.9,21.89,Cartão Débito,5102,0.18,3.94
14416,2026-06-14 15:52:07,PDV 02,26,1.2,19.9,23.88,Cartão Débito,5102,0.18,4.3
14417,2026-06-15 15:47:06,PDV 05,26,1.0,19.9,19.9,PIX,5102,0.18,3.58
14418,2026-06-15 20:41:35,PDV 04,26,1.1,19.9,21.89,Cartão Débito,5102,0.18,3.94
14419,2026-06-15 19:06:56,PDV 06,26,1.0,19.9,19.9,PIX,5102,0.18,3.58
14420,2026-06-16 20:22:43,PDV 06,26,3.2,19.9,63.68,Cartão Crédito,5102,0.18,11.46
14421,2026-06-17 19:32:16,PDV 01,26,3.3,19.9,65.67,Cartão Crédito,5102,0.18,11.82
14422,2026-06-18 18:29:52,PDV 05,26,1.8,19.9,35.82,Cartão Débito,5102,0.18,6.45
14423,2026-06-18 13:58:00,PDV 06,26,1.7,19.9,33.83,Cartão Débito,5102,0.18,6.09
14424,2026-06-19 15:21:14,PDV 03,26,2.1,19.9,41.79,Cartão Crédito,5102,0.18,7.52
14425,2026-06-19 19:07:01,PDV 04,26,2.2,19.9,43.78,Dinheiro,5102,0.18,7.88
14426,2026-06-20 16:47:00,PDV 04,26,1.1,19.9,21.89,Cartão Débito,5102,0.18,3.94
14427,2026-06-20 15:38:48,PDV 01,26,1.1,19.9,21.89,Cartão Crédito,5102,0.18,3.94
14428,2026-06-20 15:07:26,PDV 01,26,1.1,19.9,21.89,Cartão Crédito,5102,0.18,3.94
14429,2026-06-20 16:44:32,PDV 01,26,1.1,19.9,21.89,PIX,5102,0.18,3.94
14430,2026-06-21 10:08:57,PDV 02,26,1.8,19.9,35.82,Cartão Crédito,5102,0.18,6.45
14431,2026-06-21 20:37:40,PDV 04,26,1.8,19.9,35.82,Cartão Débito,5102,0.18,6.45
14432,2026-06-22 20:07:34,PDV 02,26,1.3,19.9,25.87,Cartão Crédito,5102,0.18,4.66
14433,2026-06-22 11:02:28,PDV 04,26,1.3,19.9,25.87,Cartão Crédito,5102,0.18,4.66
14434,2026-06-23 08:11:51,PDV 03,26,2.5,19.9,49.75,Cartão Crédito,5102,0.18,8.96
14435,2026-06-24 20:22:29,PDV 05,26,1.4,19.9,27.86,Cartão Débito,5102,0.18,5.01
14436,2026-06-24 10:41:16,PDV 06,26,1.3,19.9,25.87,PIX,5102,0.18,4.66
14437,2026-06-25 20:49:08,PDV 02,26,2.0,19.9,39.8,PIX,5102,0.18,7.16
14438,2026-06-25 10:10:52,PDV 01,26,2.1,19.9,41.79,Cartão Débito,5102,0.18,7.52
14439,2026-06-26 20:24:38,PDV 06,26,4.4,19.9,87.56,PIX,5102,0.18,15.76
14440,2026-06-27 15:16:25,PDV 06,26,1.8,19.9,35.82,Cartão Crédito,5102,0.18,6.45
14441,2026-06-27 14:51:28,PDV 06,26,1.8,19.9,35.82,Cartão Crédito,5102,0.18,6.45
14442,2026-06-27 09:27:39,PDV 06,26,1.8,19.9,35.82,Cartão Débito,5102,0.18,6.45
14443,2026-06-28 19:47:56,PDV 02,26,1.4,19.9,27.86,Cartão Débito,5102,0.18,5.01
14444,2026-06-28 08:47:07,PDV 04,26,1.4,19.9,27.86,PIX,5102,0.18,5.01
14445,2026-06-28 10:24:04,PDV 01,26,1.5,19.9,29.85,Cartão Crédito,5102,0.18,5.37
14446,2026-06-29 11:12:23,PDV 01,26,2.7,19.9,53.73,Dinheiro,5102,0.18,9.67
14447,2026-04-01 09:23:24,PDV 03,27,1.3,21.9,28.47,PIX,5102,0.18,5.12
14448,2026-04-01 15:34:41,PDV 02,27,1.3,21.9,28.47,Cartão Crédito,5102,0.18,5.12
14449,2026-04-01 19:03:13,PDV 01,27,1.3,21.9,28.47,Cartão Crédito,5102,0.18,5.12
14450,2026-04-01 12:14:33,PDV 01,27,1.3,21.9,28.47,PIX,5102,0.18,5.12
14451,2026-04-02 12:52:04,PDV 03,27,1.6,21.9,35.04,Cartão Crédito,5102,0.18,6.31
14452,2026-04-02 13:45:29,PDV 06,27,1.6,21.9,35.04,Cartão Débito,5102,0.18,6.31
14453,2026-04-02 08:10:36,PDV 02,27,1.7,21.9,37.23,Cartão Débito,5102,0.18,6.7
14454,2026-04-02 20:48:25,PDV 06,27,1.6,21.9,35.04,Cartão Crédito,5102,0.18,6.31
14455,2026-04-03 15:11:35,PDV 05,27,4.2,21.9,91.98,PIX,5102,0.18,16.56
14456,2026-04-03 08:28:26,PDV 04,27,4.3,21.9,94.17,Cartão Débito,5102,0.18,16.95
14457,2026-04-04 15:41:57,PDV 04,27,8.8,21.9,192.72,Cartão Crédito,5102,0.18,34.69
14458,2026-04-05 15:04:55,PDV 06,27,2.8,21.9,61.32,Cartão Débito,5102,0.18,11.04
14459,2026-04-05 13:13:46,PDV 05,27,2.8,21.9,61.32,Dinheiro,5102,0.18,11.04
14460,2026-04-06 15:26:44,PDV 02,27,1.3,21.9,28.47,Cartão Débito,5102,0.18,5.12
14461,2026-04-06 10:13:57,PDV 05,27,1.3,21.9,28.47,Cartão Crédito,5102,0.18,5.12
14462,2026-04-06 16:53:30,PDV 05,27,1.2,21.9,26.28,Cartão Débito,5102,0.18,4.73
14463,2026-04-06 18:44:01,PDV 03,27,1.3,21.9,28.47,Cartão Crédito,5102,0.18,5.12
14464,2026-04-07 17:43:14,PDV 02,27,1.2,21.9,26.28,Cartão Débito,5102,0.18,4.73
14465,2026-04-07 13:49:23,PDV 02,27,1.2,21.9,26.28,Cartão Débito,5102,0.18,4.73
14466,2026-04-07 13:50:01,PDV 06,27,1.2,21.9,26.28,Cartão Crédito,5102,0.18,4.73
14467,2026-04-07 17:49:09,PDV 04,27,1.3,21.9,28.47,Cartão Débito,5102,0.18,5.12
14468,2026-04-08 19:05:57,PDV 03,27,1.2,21.9,26.28,Cartão Crédito,5102,0.18,4.73
14469,2026-04-08 15:27:16,PDV 01,27,1.2,21.9,26.28,Cartão Débito,5102,0.18,4.73
14470,2026-04-08 18:41:47,PDV 03,27,1.2,21.9,26.28,Cartão Crédito,5102,0.18,4.73
14471,2026-04-08 08:47:30,PDV 05,27,1.3,21.9,28.47,Cartão Crédito,5102,0.18,5.12
14472,2026-04-09 15:45:21,PDV 03,27,1.6,21.9,35.04,Cartão Débito,5102,0.18,6.31
14473,2026-04-09 14:54:04,PDV 05,27,1.6,21.9,35.04,Cartão Crédito,5102,0.18,6.31
14474,2026-04-09 08:15:53,PDV 05,27,1.7,21.9,37.23,Cartão Débito,5102,0.18,6.7
14475,2026-04-09 10:30:13,PDV 04,27,1.6,21.9,35.04,Cartão Crédito,5102,0.18,6.31
14476,2026-04-10 15:46:13,PDV 02,27,4.3,21.9,94.17,Cartão Débito,5102,0.18,16.95
14477,2026-04-10 10:11:41,PDV 02,27,4.4,21.9,96.36,Cartão Crédito,5102,0.18,17.34
14478,2026-04-11 20:04:53,PDV 04,27,6.4,21.9,140.16,PIX,5102,0.18,25.23
14479,2026-04-12 14:38:07,PDV 04,27,1.2,21.9,26.28,Cartão Débito,5102,0.18,4.73
14480,2026-04-12 10:03:49,PDV 03,27,1.2,21.9,26.28,Cartão Débito,5102,0.18,4.73
14481,2026-04-12 16:23:07,PDV 03,27,1.1,21.9,24.09,Cartão Débito,5102,0.18,4.34
14482,2026-04-12 16:25:36,PDV 05,27,1.2,21.9,26.28,Cartão Débito,5102,0.18,4.73
14483,2026-04-13 10:06:53,PDV 04,27,1.4,21.9,30.66,Dinheiro,5102,0.18,5.52
14484,2026-04-13 08:13:37,PDV 02,27,1.3,21.9,28.47,Cartão Débito,5102,0.18,5.12
14485,2026-04-13 10:47:26,PDV 05,27,1.4,21.9,30.66,PIX,5102,0.18,5.52
14486,2026-04-14 09:56:17,PDV 02,27,3.7,21.9,81.03,Cartão Crédito,5102,0.18,14.59
14487,2026-04-15 15:53:04,PDV 01,27,1.7,21.9,37.23,Cartão Crédito,5102,0.18,6.7
14488,2026-04-15 08:55:04,PDV 04,27,1.7,21.9,37.23,Cartão Crédito,5102,0.18,6.7
14489,2026-04-16 11:51:05,PDV 04,27,4.3,21.9,94.17,Dinheiro,5102,0.18,16.95
14490,2026-04-17 20:02:56,PDV 03,27,1.8,21.9,39.42,Cartão Crédito,5102,0.18,7.1
14491,2026-04-17 08:18:37,PDV 02,27,1.8,21.9,39.42,Cartão Débito,5102,0.18,7.1
14492,2026-04-17 14:53:29,PDV 02,27,1.8,21.9,39.42,Cartão Débito,5102,0.18,7.1
14493,2026-04-17 12:24:36,PDV 02,27,1.7,21.9,37.23,PIX,5102,0.18,6.7
14494,2026-04-18 10:36:17,PDV 04,27,1.7,21.9,37.23,Cartão Crédito,5102,0.18,6.7
14495,2026-04-18 11:58:35,PDV 01,27,1.7,21.9,37.23,Cartão Crédito,5102,0.18,6.7
14496,2026-04-18 17:02:47,PDV 04,27,1.6,21.9,35.04,PIX,5102,0.18,6.31
14497,2026-04-18 13:16:03,PDV 02,27,1.7,21.9,37.23,PIX,5102,0.18,6.7
14498,2026-04-19 09:44:38,PDV 02,27,1.7,21.9,37.23,Cartão Crédito,5102,0.18,6.7
14499,2026-04-19 11:08:29,PDV 06,27,1.7,21.9,37.23,Cartão Débito,5102,0.18,6.7
14500,2026-04-19 20:31:11,PDV 05,27,1.7,21.9,37.23,PIX,5102,0.18,6.7
14501,2026-04-20 17:07:52,PDV 04,27,2.0,21.9,43.8,Cartão Débito,5102,0.18,7.88
14502,2026-04-20 18:03:19,PDV 05,27,2.0,21.9,43.8,PIX,5102,0.18,7.88
14503,2026-04-21 10:53:27,PDV 06,27,4.0,21.9,87.6,Cartão Crédito,5102,0.18,15.77
14504,2026-04-22 18:21:52,PDV 02,27,1.8,21.9,39.42,Cartão Crédito,5102,0.18,7.1
14505,2026-04-22 10:35:41,PDV 03,27,1.7,21.9,37.23,Cartão Débito,5102,0.18,6.7
14506,2026-04-23 17:31:16,PDV 05,27,2.3,21.9,50.37,Cartão Crédito,5102,0.18,9.07
14507,2026-04-23 17:23:01,PDV 04,27,2.3,21.9,50.37,Cartão Crédito,5102,0.18,9.07
14508,2026-04-24 12:52:00,PDV 04,27,1.4,21.9,30.66,Cartão Crédito,5102,0.18,5.52
14509,2026-04-24 13:48:26,PDV 01,27,1.4,21.9,30.66,Cartão Débito,5102,0.18,5.52
14510,2026-04-24 16:00:42,PDV 06,27,1.4,21.9,30.66,Dinheiro,5102,0.18,5.52
14511,2026-04-24 17:53:54,PDV 02,27,1.4,21.9,30.66,Cartão Crédito,5102,0.18,5.52
14512,2026-04-25 10:49:04,PDV 03,27,3.0,21.9,65.7,PIX,5102,0.18,11.83
14513,2026-04-25 12:56:52,PDV 02,27,3.0,21.9,65.7,Cartão Crédito,5102,0.18,11.83
14514,2026-04-26 12:34:36,PDV 01,27,1.5,21.9,32.85,Cartão Crédito,5102,0.18,5.91
14515,2026-04-26 10:57:10,PDV 03,27,1.5,21.9,32.85,Dinheiro,5102,0.18,5.91
14516,2026-04-26 11:13:11,PDV 01,27,1.4,21.9,30.66,Dinheiro,5102,0.18,5.52
14517,2026-04-27 13:04:02,PDV 02,27,3.7,21.9,81.03,PIX,5102,0.18,14.59
14518,2026-04-28 20:21:22,PDV 01,27,1.2,21.9,26.28,Cartão Débito,5102,0.18,4.73
14519,2026-04-28 19:14:21,PDV 03,27,1.1,21.9,24.09,Cartão Débito,5102,0.18,4.34
14520,2026-04-28 19:43:57,PDV 01,27,1.2,21.9,26.28,Cartão Débito,5102,0.18,4.73
14521,2026-04-29 17:32:52,PDV 05,27,1.0,21.9,21.9,PIX,5102,0.18,3.94
14522,2026-04-29 12:44:50,PDV 02,27,1.0,21.9,21.9,Cartão Crédito,5102,0.18,3.94
14523,2026-04-29 20:49:15,PDV 02,27,1.0,21.9,21.9,PIX,5102,0.18,3.94
14524,2026-04-29 12:54:15,PDV 04,27,1.0,21.9,21.9,Dinheiro,5102,0.18,3.94
14525,2026-04-30 10:00:51,PDV 05,27,1.3,21.9,28.47,Cartão Débito,5102,0.18,5.12
14526,2026-04-30 17:47:47,PDV 05,27,1.3,21.9,28.47,Dinheiro,5102,0.18,5.12
14527,2026-04-30 11:07:08,PDV 03,27,1.2,21.9,26.28,PIX,5102,0.18,4.73
14528,2026-04-30 09:10:56,PDV 05,27,1.3,21.9,28.47,Cartão Débito,5102,0.18,5.12
14529,2026-05-01 20:38:25,PDV 03,27,2.5,21.9,54.75,Dinheiro,5102,0.18,9.86
14530,2026-05-01 17:38:39,PDV 02,27,2.5,21.9,54.75,Dinheiro,5102,0.18,9.86
14531,2026-05-01 09:09:15,PDV 04,27,2.6,21.9,56.94,Cartão Crédito,5102,0.18,10.25
14532,2026-05-02 15:29:19,PDV 05,27,7.4,21.9,162.06,Cartão Débito,5102,0.18,29.17
14533,2026-05-03 09:58:00,PDV 04,27,3.3,21.9,72.27,Cartão Débito,5102,0.18,13.01
14534,2026-05-03 20:55:17,PDV 06,27,3.3,21.9,72.27,Cartão Débito,5102,0.18,13.01
14535,2026-05-04 15:21:39,PDV 01,27,2.1,21.9,45.99,Cartão Crédito,5102,0.18,8.28
14536,2026-05-04 10:25:28,PDV 01,27,2.2,21.9,48.18,Cartão Crédito,5102,0.18,8.67
14537,2026-05-05 15:23:14,PDV 06,27,4.8,21.9,105.12,Cartão Crédito,5102,0.18,18.92
14538,2026-05-06 12:30:20,PDV 02,27,1.3,21.9,28.47,Cartão Crédito,5102,0.18,5.12
14539,2026-05-06 16:40:58,PDV 04,27,1.3,21.9,28.47,Cartão Débito,5102,0.18,5.12
14540,2026-05-06 09:57:57,PDV 02,27,1.3,21.9,28.47,Cartão Crédito,5102,0.18,5.12
14541,2026-05-06 17:27:07,PDV 04,27,1.3,21.9,28.47,PIX,5102,0.18,5.12
14542,2026-05-07 08:00:36,PDV 05,27,3.5,21.9,76.65,Cartão Débito,5102,0.18,13.8
14543,2026-05-07 19:56:34,PDV 03,27,3.4,21.9,74.46,Cartão Débito,5102,0.18,13.4
14544,2026-05-08 12:03:12,PDV 02,27,3.6,21.9,78.84,Cartão Crédito,5102,0.18,14.19
14545,2026-05-08 09:22:44,PDV 02,27,3.6,21.9,78.84,PIX,5102,0.18,14.19
14546,2026-05-09 08:20:06,PDV 03,27,2.7,21.9,59.13,Cartão Débito,5102,0.18,10.64
14547,2026-05-09 20:08:06,PDV 05,27,2.6,21.9,56.94,Cartão Crédito,5102,0.18,10.25
14548,2026-05-09 12:15:42,PDV 01,27,2.7,21.9,59.13,Cartão Crédito,5102,0.18,10.64
14549,2026-05-10 15:58:37,PDV 04,27,1.4,21.9,30.66,Cartão Crédito,5102,0.18,5.52
14550,2026-05-10 12:29:38,PDV 02,27,1.4,21.9,30.66,Cartão Débito,5102,0.18,5.52
14551,2026-05-10 19:16:55,PDV 02,27,1.3,21.9,28.47,Cartão Débito,5102,0.18,5.12
14552,2026-05-10 09:32:34,PDV 02,27,1.4,21.9,30.66,Cartão Crédito,5102,0.18,5.52
14553,2026-05-11 18:51:43,PDV 03,27,1.8,21.9,39.42,Cartão Crédito,5102,0.18,7.1
14554,2026-05-11 16:50:07,PDV 05,27,1.7,21.9,37.23,Cartão Débito,5102,0.18,6.7
14555,2026-05-12 12:49:34,PDV 04,27,4.0,21.9,87.6,Cartão Crédito,5102,0.18,15.77
14556,2026-05-13 15:40:24,PDV 05,27,1.0,21.9,21.9,Cartão Débito,5102,0.18,3.94
14557,2026-05-13 11:56:15,PDV 02,27,1.0,21.9,21.9,Cartão Crédito,5102,0.18,3.94
14558,2026-05-13 16:27:22,PDV 01,27,1.0,21.9,21.9,Cartão Débito,5102,0.18,3.94
14559,2026-05-13 17:03:10,PDV 03,27,1.1,21.9,24.09,Cartão Crédito,5102,0.18,4.34
14560,2026-05-14 14:17:03,PDV 05,27,1.6,21.9,35.04,Cartão Débito,5102,0.18,6.31
14561,2026-05-14 16:50:50,PDV 03,27,1.6,21.9,35.04,Cartão Crédito,5102,0.18,6.31
14562,2026-05-14 16:12:53,PDV 06,27,1.5,21.9,32.85,Cartão Crédito,5102,0.18,5.91
14563,2026-05-15 19:27:45,PDV 04,27,2.1,21.9,45.99,Cartão Débito,5102,0.18,8.28
14564,2026-05-15 20:11:01,PDV 06,27,2.1,21.9,45.99,Cartão Crédito,5102,0.18,8.28
14565,2026-05-15 14:30:08,PDV 06,27,2.1,21.9,45.99,Cartão Crédito,5102,0.18,8.28
14566,2026-05-16 13:19:59,PDV 02,27,2.9,21.9,63.51,PIX,5102,0.18,11.43
14567,2026-05-16 18:55:20,PDV 06,27,2.9,21.9,63.51,Cartão Débito,5102,0.18,11.43
14568,2026-05-17 10:35:10,PDV 02,27,1.4,21.9,30.66,Cartão Débito,5102,0.18,5.52
14569,2026-05-17 13:00:48,PDV 01,27,1.4,21.9,30.66,Cartão Crédito,5102,0.18,5.52
14570,2026-05-17 13:46:50,PDV 06,27,1.5,21.9,32.85,Dinheiro,5102,0.18,5.91
14571,2026-05-17 14:10:48,PDV 03,27,1.4,21.9,30.66,Cartão Crédito,5102,0.18,5.52
14572,2026-05-18 14:12:37,PDV 03,27,1.2,21.9,26.28,PIX,5102,0.18,4.73
14573,2026-05-18 18:00:05,PDV 02,27,1.2,21.9,26.28,PIX,5102,0.18,4.73
14574,2026-05-18 11:59:17,PDV 01,27,1.3,21.9,28.47,Cartão Débito,5102,0.18,5.12
14575,2026-05-19 17:00:50,PDV 01,27,2.0,21.9,43.8,Cartão Crédito,5102,0.18,7.88
14576,2026-05-19 18:26:25,PDV 02,27,2.0,21.9,43.8,PIX,5102,0.18,7.88
14577,2026-05-20 08:08:26,PDV 04,27,1.9,21.9,41.61,Cartão Débito,5102,0.18,7.49
14578,2026-05-20 13:52:53,PDV 01,27,1.9,21.9,41.61,Dinheiro,5102,0.18,7.49
14579,2026-05-21 14:12:11,PDV 01,27,1.6,21.9,35.04,Cartão Crédito,5102,0.18,6.31
14580,2026-05-21 12:41:02,PDV 01,27,1.7,21.9,37.23,Cartão Crédito,5102,0.18,6.7
14581,2026-05-21 17:04:03,PDV 06,27,1.6,21.9,35.04,PIX,5102,0.18,6.31
14582,2026-05-22 11:23:48,PDV 02,27,3.6,21.9,78.84,Cartão Crédito,5102,0.18,14.19
14583,2026-05-22 10:08:10,PDV 03,27,3.6,21.9,78.84,PIX,5102,0.18,14.19
14584,2026-05-23 09:37:14,PDV 04,27,6.0,21.9,131.4,PIX,5102,0.18,23.65
14585,2026-05-24 14:01:59,PDV 05,27,4.6,21.9,100.74,Cartão Débito,5102,0.18,18.13
14586,2026-05-25 18:02:20,PDV 04,27,1.8,21.9,39.42,Cartão Débito,5102,0.18,7.1
14587,2026-05-25 09:59:43,PDV 06,27,1.7,21.9,37.23,Cartão Crédito,5102,0.18,6.7
14588,2026-05-26 15:27:55,PDV 02,27,4.0,21.9,87.6,Cartão Débito,5102,0.18,15.77
14589,2026-05-27 19:33:45,PDV 03,27,2.0,21.9,43.8,Cartão Débito,5102,0.18,7.88
14590,2026-05-27 17:20:14,PDV 04,27,2.1,21.9,45.99,Cartão Débito,5102,0.18,8.28
14591,2026-05-28 14:05:28,PDV 04,27,1.5,21.9,32.85,Cartão Crédito,5102,0.18,5.91
14592,2026-05-28 11:43:07,PDV 02,27,1.5,21.9,32.85,Dinheiro,5102,0.18,5.91
14593,2026-05-28 11:50:26,PDV 01,27,1.4,21.9,30.66,Cartão Débito,5102,0.18,5.52
14594,2026-05-29 12:45:05,PDV 04,27,2.1,21.9,45.99,Cartão Débito,5102,0.18,8.28
14595,2026-05-29 11:45:06,PDV 04,27,2.2,21.9,48.18,Cartão Débito,5102,0.18,8.67
14596,2026-05-29 12:07:58,PDV 06,27,2.1,21.9,45.99,Cartão Débito,5102,0.18,8.28
14597,2026-05-30 15:30:42,PDV 04,27,2.8,21.9,61.32,Cartão Crédito,5102,0.18,11.04
14598,2026-05-30 15:26:57,PDV 01,27,2.7,21.9,59.13,Cartão Crédito,5102,0.18,10.64
14599,2026-05-31 20:16:38,PDV 03,27,2.5,21.9,54.75,Cartão Débito,5102,0.18,9.86
14600,2026-05-31 08:52:17,PDV 04,27,2.4,21.9,52.56,PIX,5102,0.18,9.46
14601,2026-06-01 13:54:21,PDV 01,27,1.1,21.9,24.09,Cartão Crédito,5102,0.18,4.34
14602,2026-06-01 15:01:05,PDV 04,27,1.2,21.9,26.28,Cartão Crédito,5102,0.18,4.73
14603,2026-06-01 17:12:11,PDV 03,27,1.1,21.9,24.09,Cartão Crédito,5102,0.18,4.34
14604,2026-06-01 08:56:10,PDV 03,27,1.2,21.9,26.28,Cartão Crédito,5102,0.18,4.73
14605,2026-06-02 12:17:49,PDV 03,27,1.2,21.9,26.28,Cartão Débito,5102,0.18,4.73
14606,2026-06-02 15:10:14,PDV 03,27,1.3,21.9,28.47,Cartão Débito,5102,0.18,5.12
14607,2026-06-02 20:21:50,PDV 02,27,1.2,21.9,26.28,Cartão Crédito,5102,0.18,4.73
14608,2026-06-02 14:36:16,PDV 04,27,1.3,21.9,28.47,Cartão Crédito,5102,0.18,5.12
14609,2026-06-03 10:22:55,PDV 03,27,4.1,21.9,89.79,PIX,5102,0.18,16.16
14610,2026-06-04 19:14:24,PDV 02,27,2.1,21.9,45.99,Cartão Crédito,5102,0.18,8.28
14611,2026-06-04 17:02:17,PDV 06,27,2.2,21.9,48.18,Cartão Crédito,5102,0.18,8.67
14612,2026-06-04 11:33:27,PDV 06,27,2.1,21.9,45.99,Cartão Crédito,5102,0.18,8.28
14613,2026-06-05 18:00:00,PDV 05,27,8.5,21.9,186.15,Cartão Débito,5102,0.18,33.51
14614,2026-06-06 18:56:20,PDV 04,27,2.6,21.9,56.94,Cartão Crédito,5102,0.18,10.25
14615,2026-06-06 12:11:05,PDV 04,27,2.7,21.9,59.13,Cartão Crédito,5102,0.18,10.64
14616,2026-06-06 11:20:49,PDV 05,27,2.6,21.9,56.94,Cartão Crédito,5102,0.18,10.25
14617,2026-06-07 17:49:14,PDV 04,27,5.5,21.9,120.45,Cartão Crédito,5102,0.18,21.68
14618,2026-06-08 18:27:03,PDV 03,27,1.5,21.9,32.85,Cartão Crédito,5102,0.18,5.91
14619,2026-06-08 18:40:26,PDV 06,27,1.5,21.9,32.85,Cartão Débito,5102,0.18,5.91
14620,2026-06-08 11:29:32,PDV 05,27,1.4,21.9,30.66,Cartão Débito,5102,0.18,5.52
14621,2026-06-09 15:03:25,PDV 06,27,2.0,21.9,43.8,Cartão Débito,5102,0.18,7.88
14622,2026-06-09 16:48:28,PDV 06,27,2.1,21.9,45.99,Dinheiro,5102,0.18,8.28
14623,2026-06-10 14:16:57,PDV 04,27,1.7,21.9,37.23,PIX,5102,0.18,6.7
14624,2026-06-10 10:43:56,PDV 04,27,1.7,21.9,37.23,PIX,5102,0.18,6.7
14625,2026-06-10 14:35:59,PDV 01,27,1.7,21.9,37.23,Cartão Débito,5102,0.18,6.7
14626,2026-06-11 19:05:33,PDV 03,27,1.7,21.9,37.23,PIX,5102,0.18,6.7
14627,2026-06-11 19:38:36,PDV 01,27,1.8,21.9,39.42,Dinheiro,5102,0.18,7.1
14628,2026-06-11 10:28:30,PDV 06,27,1.7,21.9,37.23,Cartão Débito,5102,0.18,6.7
14629,2026-06-12 08:49:33,PDV 03,27,6.8,21.9,148.92,Cartão Débito,5102,0.18,26.81
14630,2026-06-13 18:53:53,PDV 05,27,1.7,21.9,37.23,Cartão Débito,5102,0.18,6.7
14631,2026-06-13 12:15:23,PDV 04,27,1.7,21.9,37.23,PIX,5102,0.18,6.7
14632,2026-06-13 14:02:21,PDV 01,27,1.8,21.9,39.42,Cartão Débito,5102,0.18,7.1
14633,2026-06-13 11:28:17,PDV 04,27,1.7,21.9,37.23,Cartão Crédito,5102,0.18,6.7
14634,2026-06-14 11:01:25,PDV 04,27,2.5,21.9,54.75,Cartão Crédito,5102,0.18,9.86
14635,2026-06-14 18:13:01,PDV 04,27,2.4,21.9,52.56,Cartão Crédito,5102,0.18,9.46
14636,2026-06-15 16:59:08,PDV 02,27,3.4,21.9,74.46,Cartão Crédito,5102,0.18,13.4
14637,2026-06-16 14:56:54,PDV 04,27,1.8,21.9,39.42,Dinheiro,5102,0.18,7.1
14638,2026-06-16 18:17:49,PDV 01,27,1.8,21.9,39.42,Cartão Crédito,5102,0.18,7.1
14639,2026-06-17 15:32:41,PDV 05,27,1.1,21.9,24.09,Cartão Crédito,5102,0.18,4.34
14640,2026-06-17 11:32:48,PDV 03,27,1.1,21.9,24.09,Cartão Crédito,5102,0.18,4.34
14641,2026-06-17 20:52:02,PDV 04,27,1.1,21.9,24.09,Cartão Crédito,5102,0.18,4.34
14642,2026-06-18 17:26:13,PDV 03,27,2.7,21.9,59.13,Cartão Crédito,5102,0.18,10.64
14643,2026-06-18 10:44:32,PDV 06,27,2.7,21.9,59.13,Cartão Crédito,5102,0.18,10.64
14644,2026-06-19 14:01:47,PDV 03,27,1.6,21.9,35.04,PIX,5102,0.18,6.31
14645,2026-06-19 18:20:54,PDV 01,27,1.5,21.9,32.85,PIX,5102,0.18,5.91
14646,2026-06-19 18:19:36,PDV 02,27,1.5,21.9,32.85,Cartão Débito,5102,0.18,5.91
14647,2026-06-19 09:44:29,PDV 01,27,1.6,21.9,35.04,Cartão Débito,5102,0.18,6.31
14648,2026-06-20 20:44:48,PDV 01,27,1.7,21.9,37.23,Cartão Crédito,5102,0.18,6.7
14649,2026-06-20 14:43:46,PDV 04,27,1.7,21.9,37.23,Cartão Débito,5102,0.18,6.7
14650,2026-06-20 14:13:11,PDV 01,27,1.6,21.9,35.04,PIX,5102,0.18,6.31
14651,2026-06-20 14:48:10,PDV 05,27,1.7,21.9,37.23,Dinheiro,5102,0.18,6.7
14652,2026-06-21 15:12:51,PDV 05,27,5.7,21.9,124.83,Cartão Crédito,5102,0.18,22.47
14653,2026-06-22 18:36:52,PDV 05,27,4.0,21.9,87.6,Dinheiro,5102,0.18,15.77
14654,2026-06-23 09:35:09,PDV 04,27,1.8,21.9,39.42,Cartão Crédito,5102,0.18,7.1
14655,2026-06-23 20:13:49,PDV 02,27,1.8,21.9,39.42,Cartão Crédito,5102,0.18,7.1
14656,2026-06-24 19:58:59,PDV 01,27,1.8,21.9,39.42,Cartão Crédito,5102,0.18,7.1
14657,2026-06-24 12:39:16,PDV 02,27,1.8,21.9,39.42,Cartão Crédito,5102,0.18,7.1
14658,2026-06-25 10:01:13,PDV 06,27,1.5,21.9,32.85,Cartão Crédito,5102,0.18,5.91
14659,2026-06-25 16:43:42,PDV 02,27,1.5,21.9,32.85,Dinheiro,5102,0.18,5.91
14660,2026-06-25 09:43:49,PDV 02,27,1.5,21.9,32.85,Dinheiro,5102,0.18,5.91
14661,2026-06-26 18:40:38,PDV 06,27,2.0,21.9,43.8,Cartão Débito,5102,0.18,7.88
14662,2026-06-26 12:22:49,PDV 05,27,2.0,21.9,43.8,Cartão Crédito,5102,0.18,7.88
14663,2026-06-26 14:28:01,PDV 04,27,2.0,21.9,43.8,Cartão Crédito,5102,0.18,7.88
14664,2026-06-27 17:21:52,PDV 05,27,6.2,21.9,135.78,Cartão Crédito,5102,0.18,24.44
14665,2026-06-28 13:16:38,PDV 05,27,4.3,21.9,94.17,Cartão Débito,5102,0.18,16.95
14666,2026-06-29 11:35:58,PDV 05,27,1.8,21.9,39.42,Cartão Crédito,5102,0.18,7.1
14667,2026-06-29 12:42:50,PDV 02,27,1.8,21.9,39.42,PIX,5102,0.18,7.1
14668,2026-04-01 12:13:20,PDV 05,28,2.0,9.49,18.98,Cartão Débito,5102,0.18,3.42
14669,2026-04-01 18:11:41,PDV 03,28,2.0,9.49,18.98,Cartão Débito,5102,0.18,3.42
14670,2026-04-01 16:43:52,PDV 04,28,2.0,9.49,18.98,PIX,5102,0.18,3.42
14671,2026-04-02 10:00:47,PDV 06,28,9.0,9.49,85.41,Cartão Débito,5102,0.18,15.37
14672,2026-04-03 12:10:42,PDV 03,28,6.0,9.49,56.94,Cartão Débito,5102,0.18,10.25
14673,2026-04-03 17:01:37,PDV 01,28,5.0,9.49,47.45,Dinheiro,5102,0.18,8.54
14674,2026-04-04 11:29:23,PDV 02,28,6.0,9.49,56.94,Cartão Débito,5102,0.18,10.25
14675,2026-04-04 16:58:17,PDV 05,28,5.0,9.49,47.45,Cartão Crédito,5102,0.18,8.54
14676,2026-04-05 11:39:24,PDV 06,28,7.0,9.49,66.43,PIX,5102,0.18,11.96
14677,2026-04-06 10:58:48,PDV 03,28,6.0,9.49,56.94,Cartão Débito,5102,0.18,10.25
14678,2026-04-07 10:54:48,PDV 06,28,2.0,9.49,18.98,Cartão Débito,5102,0.18,3.42
14679,2026-04-07 13:22:14,PDV 06,28,2.0,9.49,18.98,PIX,5102,0.18,3.42
14680,2026-04-07 12:32:48,PDV 01,28,1.0,9.49,9.49,Cartão Crédito,5102,0.18,1.71
14681,2026-04-08 20:23:49,PDV 03,28,2.0,9.49,18.98,Cartão Crédito,5102,0.18,3.42
14682,2026-04-08 11:55:25,PDV 06,28,1.0,9.49,9.49,Cartão Débito,5102,0.18,1.71
14683,2026-04-08 16:34:09,PDV 01,28,2.0,9.49,18.98,Cartão Débito,5102,0.18,3.42
14684,2026-04-08 19:36:28,PDV 04,28,1.0,9.49,9.49,Cartão Débito,5102,0.18,1.71
14685,2026-04-09 12:45:25,PDV 04,28,3.0,9.49,28.47,Cartão Débito,5102,0.18,5.12
14686,2026-04-09 11:08:14,PDV 04,28,3.0,9.49,28.47,Cartão Débito,5102,0.18,5.12
14687,2026-04-09 14:51:29,PDV 05,28,3.0,9.49,28.47,PIX,5102,0.18,5.12
14688,2026-04-10 12:37:04,PDV 02,28,2.0,9.49,18.98,Cartão Débito,5102,0.18,3.42
14689,2026-04-10 12:36:52,PDV 04,28,2.0,9.49,18.98,Dinheiro,5102,0.18,3.42
14690,2026-04-10 18:57:11,PDV 02,28,2.0,9.49,18.98,Cartão Crédito,5102,0.18,3.42
14691,2026-04-10 12:11:38,PDV 05,28,3.0,9.49,28.47,Cartão Débito,5102,0.18,5.12
14692,2026-04-11 14:36:39,PDV 02,28,4.0,9.49,37.96,Cartão Débito,5102,0.18,6.83
14693,2026-04-11 14:25:04,PDV 04,28,5.0,9.49,47.45,Dinheiro,5102,0.18,8.54
14694,2026-04-12 10:12:57,PDV 03,28,2.0,9.49,18.98,Cartão Débito,5102,0.18,3.42
14695,2026-04-12 17:58:56,PDV 05,28,2.0,9.49,18.98,Cartão Crédito,5102,0.18,3.42
14696,2026-04-12 10:37:58,PDV 06,28,2.0,9.49,18.98,Cartão Crédito,5102,0.18,3.42
14697,2026-04-12 19:35:15,PDV 02,28,1.0,9.49,9.49,Cartão Débito,5102,0.18,1.71
14698,2026-04-13 14:35:32,PDV 04,28,1.0,9.49,9.49,Cartão Crédito,5102,0.18,1.71
14699,2026-04-13 15:39:11,PDV 03,28,1.0,9.49,9.49,Dinheiro,5102,0.18,1.71
14700,2026-04-13 14:00:19,PDV 01,28,1.0,9.49,9.49,Cartão Débito,5102,0.18,1.71
14701,2026-04-13 16:11:03,PDV 05,28,1.0,9.49,9.49,Dinheiro,5102,0.18,1.71
14702,2026-04-14 17:52:15,PDV 01,28,1.0,9.49,9.49,Cartão Débito,5102,0.18,1.71
14703,2026-04-14 17:33:47,PDV 02,28,2.0,9.49,18.98,Dinheiro,5102,0.18,3.42
14704,2026-04-14 17:05:09,PDV 02,28,1.0,9.49,9.49,Cartão Crédito,5102,0.18,1.71
14705,2026-04-15 08:57:04,PDV 03,28,4.0,9.49,37.96,Cartão Débito,5102,0.18,6.83
14706,2026-04-16 14:09:53,PDV 05,28,2.0,9.49,18.98,Cartão Crédito,5102,0.18,3.42
14707,2026-04-16 09:50:19,PDV 06,28,2.0,9.49,18.98,Cartão Crédito,5102,0.18,3.42
14708,2026-04-16 11:54:02,PDV 03,28,2.0,9.49,18.98,Cartão Crédito,5102,0.18,3.42
14709,2026-04-16 17:04:13,PDV 03,28,1.0,9.49,9.49,Cartão Débito,5102,0.18,1.71
14710,2026-04-17 16:51:36,PDV 04,28,4.0,9.49,37.96,Cartão Débito,5102,0.18,6.83
14711,2026-04-17 18:53:34,PDV 04,28,4.0,9.49,37.96,Cartão Débito,5102,0.18,6.83
14712,2026-04-18 18:20:53,PDV 06,28,2.0,9.49,18.98,Cartão Débito,5102,0.18,3.42
14713,2026-04-18 10:47:50,PDV 06,28,2.0,9.49,18.98,Dinheiro,5102,0.18,3.42
14714,2026-04-18 10:18:58,PDV 01,28,2.0,9.49,18.98,Cartão Débito,5102,0.18,3.42
14715,2026-04-18 19:41:09,PDV 01,28,3.0,9.49,28.47,Cartão Crédito,5102,0.18,5.12
14716,2026-04-19 13:53:14,PDV 01,28,4.0,9.49,37.96,Cartão Crédito,5102,0.18,6.83
14717,2026-04-19 15:27:27,PDV 05,28,3.0,9.49,28.47,Dinheiro,5102,0.18,5.12
14718,2026-04-20 17:16:35,PDV 05,28,5.0,9.49,47.45,Cartão Crédito,5102,0.18,8.54
14719,2026-04-21 18:54:23,PDV 04,28,4.0,9.49,37.96,Cartão Crédito,5102,0.18,6.83
14720,2026-04-22 09:30:42,PDV 03,28,5.0,9.49,47.45,Cartão Débito,5102,0.18,8.54
14721,2026-04-23 15:39:26,PDV 04,28,6.0,9.49,56.94,Cartão Débito,5102,0.18,10.25
14722,2026-04-24 17:21:30,PDV 02,28,2.0,9.49,18.98,PIX,5102,0.18,3.42
14723,2026-04-24 18:58:46,PDV 06,28,2.0,9.49,18.98,Dinheiro,5102,0.18,3.42
14724,2026-04-24 12:54:54,PDV 01,28,2.0,9.49,18.98,Cartão Débito,5102,0.18,3.42
14725,2026-04-24 20:19:31,PDV 03,28,3.0,9.49,28.47,Cartão Débito,5102,0.18,5.12
14726,2026-04-25 13:14:04,PDV 06,28,4.0,9.49,37.96,Cartão Débito,5102,0.18,6.83
14727,2026-04-25 18:39:20,PDV 04,28,5.0,9.49,47.45,Cartão Débito,5102,0.18,8.54
14728,2026-04-26 15:31:31,PDV 02,28,7.0,9.49,66.43,Cartão Crédito,5102,0.18,11.96
14729,2026-04-27 15:22:03,PDV 02,28,5.0,9.49,47.45,Cartão Crédito,5102,0.18,8.54
14730,2026-04-28 08:09:44,PDV 03,28,2.0,9.49,18.98,PIX,5102,0.18,3.42
14731,2026-04-28 19:53:37,PDV 05,28,3.0,9.49,28.47,Cartão Crédito,5102,0.18,5.12
14732,2026-04-29 16:30:12,PDV 02,28,2.0,9.49,18.98,Cartão Crédito,5102,0.18,3.42
14733,2026-04-29 11:19:46,PDV 02,28,2.0,9.49,18.98,PIX,5102,0.18,3.42
14734,2026-04-30 12:54:28,PDV 03,28,2.0,9.49,18.98,Cartão Crédito,5102,0.18,3.42
14735,2026-04-30 08:49:17,PDV 04,28,2.0,9.49,18.98,Cartão Crédito,5102,0.18,3.42
14736,2026-04-30 15:47:34,PDV 04,28,2.0,9.49,18.98,PIX,5102,0.18,3.42
14737,2026-05-01 13:04:59,PDV 01,28,6.0,9.49,56.94,Cartão Crédito,5102,0.18,10.25
14738,2026-05-01 15:26:20,PDV 01,28,6.0,9.49,56.94,PIX,5102,0.18,10.25
14739,2026-05-02 20:30:40,PDV 01,28,11.0,9.49,104.39,Dinheiro,5102,0.18,18.79
14740,2026-05-03 09:30:44,PDV 02,28,2.0,9.49,18.98,Dinheiro,5102,0.18,3.42
14741,2026-05-03 10:55:34,PDV 05,28,2.0,9.49,18.98,Cartão Débito,5102,0.18,3.42
14742,2026-05-03 12:22:24,PDV 02,28,3.0,9.49,28.47,Dinheiro,5102,0.18,5.12
14743,2026-05-04 17:52:04,PDV 05,28,5.0,9.49,47.45,PIX,5102,0.18,8.54
14744,2026-05-05 13:22:34,PDV 06,28,6.0,9.49,56.94,Cartão Débito,5102,0.18,10.25
14745,2026-05-06 13:57:53,PDV 04,28,5.0,9.49,47.45,Cartão Débito,5102,0.18,8.54
14746,2026-05-07 18:23:15,PDV 05,28,2.0,9.49,18.98,Cartão Crédito,5102,0.18,3.42
14747,2026-05-07 14:03:41,PDV 04,28,2.0,9.49,18.98,PIX,5102,0.18,3.42
14748,2026-05-07 08:03:18,PDV 01,28,2.0,9.49,18.98,Cartão Crédito,5102,0.18,3.42
14749,2026-05-07 20:00:45,PDV 03,28,2.0,9.49,18.98,Cartão Débito,5102,0.18,3.42
14750,2026-05-08 09:34:17,PDV 01,28,3.0,9.49,28.47,Dinheiro,5102,0.18,5.12
14751,2026-05-08 11:38:59,PDV 06,28,3.0,9.49,28.47,Cartão Crédito,5102,0.18,5.12
14752,2026-05-08 10:05:51,PDV 05,28,3.0,9.49,28.47,Cartão Débito,5102,0.18,5.12
14753,2026-05-09 17:24:25,PDV 02,28,6.0,9.49,56.94,PIX,5102,0.18,10.25
14754,2026-05-09 19:46:02,PDV 02,28,5.0,9.49,47.45,Cartão Crédito,5102,0.18,8.54
14755,2026-05-10 18:17:40,PDV 06,28,2.0,9.49,18.98,Cartão Crédito,5102,0.18,3.42
14756,2026-05-10 18:28:34,PDV 05,28,2.0,9.49,18.98,Cartão Débito,5102,0.18,3.42
14757,2026-05-10 14:20:10,PDV 05,28,2.0,9.49,18.98,Cartão Crédito,5102,0.18,3.42
14758,2026-05-10 09:57:24,PDV 03,28,1.0,9.49,9.49,Cartão Crédito,5102,0.18,1.71
14759,2026-05-11 11:46:15,PDV 03,28,2.0,9.49,18.98,Cartão Crédito,5102,0.18,3.42
14760,2026-05-11 10:12:03,PDV 02,28,3.0,9.49,28.47,Cartão Crédito,5102,0.18,5.12
14761,2026-05-12 12:16:54,PDV 01,28,1.0,9.49,9.49,Cartão Crédito,5102,0.18,1.71
14762,2026-05-12 16:57:03,PDV 04,28,1.0,9.49,9.49,Cartão Crédito,5102,0.18,1.71
14763,2026-05-12 16:46:38,PDV 05,28,2.0,9.49,18.98,Cartão Crédito,5102,0.18,3.42
14764,2026-05-12 08:38:10,PDV 01,28,1.0,9.49,9.49,Dinheiro,5102,0.18,1.71
14765,2026-05-13 17:44:39,PDV 01,28,5.0,9.49,47.45,Cartão Crédito,5102,0.18,8.54
14766,2026-05-14 11:05:05,PDV 02,28,2.0,9.49,18.98,Cartão Crédito,5102,0.18,3.42
14767,2026-05-14 10:51:24,PDV 04,28,2.0,9.49,18.98,Cartão Débito,5102,0.18,3.42
14768,2026-05-14 13:34:17,PDV 05,28,3.0,9.49,28.47,Cartão Débito,5102,0.18,5.12
14769,2026-05-15 13:10:51,PDV 04,28,9.0,9.49,85.41,Cartão Débito,5102,0.18,15.37
14770,2026-05-16 09:38:41,PDV 04,28,7.0,9.49,66.43,Cartão Débito,5102,0.18,11.96
14771,2026-05-17 20:43:43,PDV 02,28,2.0,9.49,18.98,Cartão Débito,5102,0.18,3.42
14772,2026-05-17 13:14:38,PDV 04,28,1.0,9.49,9.49,Cartão Crédito,5102,0.18,1.71
14773,2026-05-17 15:30:17,PDV 03,28,2.0,9.49,18.98,Cartão Crédito,5102,0.18,3.42
14774,2026-05-17 12:30:46,PDV 06,28,1.0,9.49,9.49,Dinheiro,5102,0.18,1.71
14775,2026-05-18 16:43:57,PDV 06,28,4.0,9.49,37.96,PIX,5102,0.18,6.83
14776,2026-05-19 09:28:48,PDV 01,28,2.0,9.49,18.98,Cartão Débito,5102,0.18,3.42
14777,2026-05-19 19:04:52,PDV 05,28,2.0,9.49,18.98,Cartão Crédito,5102,0.18,3.42
14778,2026-05-20 17:17:26,PDV 04,28,2.0,9.49,18.98,PIX,5102,0.18,3.42
14779,2026-05-20 14:08:55,PDV 04,28,3.0,9.49,28.47,Cartão Débito,5102,0.18,5.12
14780,2026-05-21 19:48:36,PDV 04,28,2.0,9.49,18.98,Dinheiro,5102,0.18,3.42
14781,2026-05-21 13:14:00,PDV 02,28,2.0,9.49,18.98,Cartão Crédito,5102,0.18,3.42
14782,2026-05-21 09:47:34,PDV 03,28,3.0,9.49,28.47,Cartão Débito,5102,0.18,5.12
14783,2026-05-22 15:52:35,PDV 04,28,3.0,9.49,28.47,Cartão Débito,5102,0.18,5.12
14784,2026-05-22 14:33:25,PDV 01,28,3.0,9.49,28.47,Cartão Débito,5102,0.18,5.12
14785,2026-05-22 08:25:15,PDV 01,28,3.0,9.49,28.47,Cartão Débito,5102,0.18,5.12
14786,2026-05-23 14:53:00,PDV 03,28,4.0,9.49,37.96,Cartão Débito,5102,0.18,6.83
14787,2026-05-23 19:33:56,PDV 06,28,5.0,9.49,47.45,Cartão Débito,5102,0.18,8.54
14788,2026-05-24 12:53:00,PDV 05,28,2.0,9.49,18.98,Cartão Crédito,5102,0.18,3.42
14789,2026-05-24 09:00:55,PDV 02,28,2.0,9.49,18.98,Cartão Crédito,5102,0.18,3.42
14790,2026-05-24 17:07:10,PDV 01,28,2.0,9.49,18.98,PIX,5102,0.18,3.42
14791,2026-05-24 11:40:01,PDV 02,28,1.0,9.49,9.49,Cartão Débito,5102,0.18,1.71
14792,2026-05-25 17:16:21,PDV 02,28,5.0,9.49,47.45,Cartão Crédito,5102,0.18,8.54
14793,2026-05-26 20:23:36,PDV 04,28,1.0,9.49,9.49,Cartão Crédito,5102,0.18,1.71
14794,2026-05-26 13:14:54,PDV 01,28,1.0,9.49,9.49,Cartão Crédito,5102,0.18,1.71
14795,2026-05-26 10:25:02,PDV 01,28,2.0,9.49,18.98,Cartão Crédito,5102,0.18,3.42
14796,2026-05-26 16:27:02,PDV 02,28,1.0,9.49,9.49,PIX,5102,0.18,1.71
14797,2026-05-27 13:58:52,PDV 04,28,1.0,9.49,9.49,Dinheiro,5102,0.18,1.71
14798,2026-05-27 18:20:16,PDV 03,28,1.0,9.49,9.49,Dinheiro,5102,0.18,1.71
14799,2026-05-27 17:08:02,PDV 03,28,2.0,9.49,18.98,Cartão Débito,5102,0.18,3.42
14800,2026-05-27 16:38:18,PDV 06,28,1.0,9.49,9.49,Cartão Débito,5102,0.18,1.71
14801,2026-05-28 11:32:05,PDV 01,28,2.0,9.49,18.98,Cartão Crédito,5102,0.18,3.42
14802,2026-05-28 18:35:07,PDV 06,28,2.0,9.49,18.98,Cartão Crédito,5102,0.18,3.42
14803,2026-05-28 14:22:40,PDV 03,28,3.0,9.49,28.47,Cartão Crédito,5102,0.18,5.12
14804,2026-05-29 12:48:21,PDV 04,28,2.0,9.49,18.98,Dinheiro,5102,0.18,3.42
14805,2026-05-29 10:55:10,PDV 05,28,2.0,9.49,18.98,PIX,5102,0.18,3.42
14806,2026-05-29 13:09:07,PDV 04,28,3.0,9.49,28.47,Cartão Crédito,5102,0.18,5.12
14807,2026-05-30 13:44:26,PDV 04,28,7.0,9.49,66.43,Cartão Débito,5102,0.18,11.96
14808,2026-05-31 09:51:26,PDV 02,28,2.0,9.49,18.98,Cartão Débito,5102,0.18,3.42
14809,2026-05-31 14:01:28,PDV 01,28,2.0,9.49,18.98,Cartão Débito,5102,0.18,3.42
14810,2026-05-31 18:09:48,PDV 04,28,2.0,9.49,18.98,Dinheiro,5102,0.18,3.42
14811,2026-05-31 14:01:08,PDV 02,28,1.0,9.49,9.49,Cartão Débito,5102,0.18,1.71
14812,2026-06-01 13:32:23,PDV 01,28,6.0,9.49,56.94,Cartão Débito,5102,0.18,10.25
14813,2026-06-02 18:00:04,PDV 04,28,3.0,9.49,28.47,Cartão Débito,5102,0.18,5.12
14814,2026-06-02 19:40:05,PDV 04,28,3.0,9.49,28.47,Cartão Crédito,5102,0.18,5.12
14815,2026-06-03 13:27:03,PDV 03,28,6.0,9.49,56.94,Cartão Crédito,5102,0.18,10.25
14816,2026-06-04 13:08:11,PDV 03,28,8.0,9.49,75.92,Cartão Débito,5102,0.18,13.67
14817,2026-06-05 11:37:20,PDV 03,28,5.0,9.49,47.45,Cartão Crédito,5102,0.18,8.54
14818,2026-06-05 12:03:45,PDV 04,28,5.0,9.49,47.45,Dinheiro,5102,0.18,8.54
14819,2026-06-06 11:06:43,PDV 03,28,3.0,9.49,28.47,Cartão Crédito,5102,0.18,5.12
14820,2026-06-06 15:37:03,PDV 03,28,4.0,9.49,37.96,Cartão Crédito,5102,0.18,6.83
14821,2026-06-06 09:36:59,PDV 06,28,3.0,9.49,28.47,Cartão Débito,5102,0.18,5.12
14822,2026-06-07 14:47:59,PDV 03,28,2.0,9.49,18.98,PIX,5102,0.18,3.42
14823,2026-06-07 14:37:13,PDV 04,28,2.0,9.49,18.98,Cartão Débito,5102,0.18,3.42
14824,2026-06-07 09:35:15,PDV 02,28,2.0,9.49,18.98,PIX,5102,0.18,3.42
14825,2026-06-07 19:38:31,PDV 03,28,1.0,9.49,9.49,Cartão Crédito,5102,0.18,1.71
14826,2026-06-08 14:35:00,PDV 03,28,2.0,9.49,18.98,Cartão Crédito,5102,0.18,3.42
14827,2026-06-08 08:49:11,PDV 02,28,1.0,9.49,9.49,Dinheiro,5102,0.18,1.71
14828,2026-06-08 19:30:54,PDV 04,28,2.0,9.49,18.98,PIX,5102,0.18,3.42
14829,2026-06-08 09:34:16,PDV 02,28,1.0,9.49,9.49,PIX,5102,0.18,1.71
14830,2026-06-09 17:11:10,PDV 01,28,6.0,9.49,56.94,Cartão Crédito,5102,0.18,10.25
14831,2026-06-10 15:15:13,PDV 02,28,2.0,9.49,18.98,PIX,5102,0.18,3.42
14832,2026-06-10 10:44:45,PDV 05,28,1.0,9.49,9.49,Cartão Crédito,5102,0.18,1.71
14833,2026-06-10 11:50:43,PDV 02,28,2.0,9.49,18.98,Cartão Débito,5102,0.18,3.42
14834,2026-06-10 14:18:16,PDV 01,28,1.0,9.49,9.49,Cartão Débito,5102,0.18,1.71
14835,2026-06-11 13:15:48,PDV 02,28,3.0,9.49,28.47,PIX,5102,0.18,5.12
14836,2026-06-11 20:57:29,PDV 04,28,3.0,9.49,28.47,Cartão Crédito,5102,0.18,5.12
14837,2026-06-12 12:10:28,PDV 04,28,4.0,9.49,37.96,Dinheiro,5102,0.18,6.83
14838,2026-06-12 17:59:45,PDV 02,28,4.0,9.49,37.96,Cartão Débito,5102,0.18,6.83
14839,2026-06-13 18:09:02,PDV 02,28,3.0,9.49,28.47,Cartão Débito,5102,0.18,5.12
14840,2026-06-13 10:01:36,PDV 01,28,3.0,9.49,28.47,Cartão Débito,5102,0.18,5.12
14841,2026-06-13 08:04:27,PDV 05,28,3.0,9.49,28.47,Cartão Débito,5102,0.18,5.12
14842,2026-06-14 16:17:18,PDV 02,28,4.0,9.49,37.96,Cartão Débito,5102,0.18,6.83
14843,2026-06-14 12:31:42,PDV 01,28,3.0,9.49,28.47,Cartão Crédito,5102,0.18,5.12
14844,2026-06-15 17:00:51,PDV 06,28,2.0,9.49,18.98,Cartão Crédito,5102,0.18,3.42
14845,2026-06-15 13:55:05,PDV 03,28,2.0,9.49,18.98,PIX,5102,0.18,3.42
14846,2026-06-16 10:57:24,PDV 01,28,2.0,9.49,18.98,Dinheiro,5102,0.18,3.42
14847,2026-06-16 15:20:27,PDV 05,28,2.0,9.49,18.98,Cartão Crédito,5102,0.18,3.42
14848,2026-06-16 17:04:12,PDV 05,28,1.0,9.49,9.49,Dinheiro,5102,0.18,1.71
14849,2026-06-17 08:00:45,PDV 04,28,5.0,9.49,47.45,PIX,5102,0.18,8.54
14850,2026-06-18 11:43:09,PDV 02,28,3.0,9.49,28.47,PIX,5102,0.18,5.12
14851,2026-06-18 14:40:46,PDV 02,28,3.0,9.49,28.47,Dinheiro,5102,0.18,5.12
14852,2026-06-19 15:29:29,PDV 02,28,2.0,9.49,18.98,Cartão Débito,5102,0.18,3.42
14853,2026-06-19 09:26:56,PDV 06,28,2.0,9.49,18.98,Cartão Crédito,5102,0.18,3.42
14854,2026-06-19 08:25:25,PDV 03,28,2.0,9.49,18.98,Cartão Crédito,5102,0.18,3.42
14855,2026-06-19 08:59:51,PDV 04,28,1.0,9.49,9.49,Cartão Débito,5102,0.18,1.71
14856,2026-06-20 08:15:24,PDV 01,28,2.0,9.49,18.98,Cartão Débito,5102,0.18,3.42
14857,2026-06-20 13:10:39,PDV 05,28,2.0,9.49,18.98,PIX,5102,0.18,3.42
14858,2026-06-20 10:40:18,PDV 01,28,3.0,9.49,28.47,Cartão Crédito,5102,0.18,5.12
14859,2026-06-21 18:30:50,PDV 06,28,6.0,9.49,56.94,Cartão Débito,5102,0.18,10.25
14860,2026-06-22 10:57:31,PDV 03,28,5.0,9.49,47.45,Cartão Débito,5102,0.18,8.54
14861,2026-06-23 15:50:48,PDV 03,28,1.0,9.49,9.49,Cartão Crédito,5102,0.18,1.71
14862,2026-06-23 14:29:26,PDV 02,28,1.0,9.49,9.49,Cartão Débito,5102,0.18,1.71
14863,2026-06-23 08:53:59,PDV 04,28,2.0,9.49,18.98,PIX,5102,0.18,3.42
14864,2026-06-23 08:53:02,PDV 02,28,1.0,9.49,9.49,Cartão Crédito,5102,0.18,1.71
14865,2026-06-24 20:32:42,PDV 03,28,2.0,9.49,18.98,Cartão Crédito,5102,0.18,3.42
14866,2026-06-24 20:51:25,PDV 03,28,3.0,9.49,28.47,Dinheiro,5102,0.18,5.12
14867,2026-06-25 12:36:28,PDV 03,28,7.0,9.49,66.43,Cartão Débito,5102,0.18,11.96
14868,2026-06-26 18:37:13,PDV 01,28,2.0,9.49,18.98,Cartão Crédito,5102,0.18,3.42
14869,2026-06-26 11:37:44,PDV 05,28,2.0,9.49,18.98,Cartão Crédito,5102,0.18,3.42
14870,2026-06-26 19:36:53,PDV 05,28,2.0,9.49,18.98,Cartão Crédito,5102,0.18,3.42
14871,2026-06-26 17:50:04,PDV 03,28,3.0,9.49,28.47,Cartão Crédito,5102,0.18,5.12
14872,2026-06-27 08:37:47,PDV 05,28,2.0,9.49,18.98,PIX,5102,0.18,3.42
14873,2026-06-27 13:00:55,PDV 03,28,2.0,9.49,18.98,Cartão Crédito,5102,0.18,3.42
14874,2026-06-27 20:42:13,PDV 02,28,2.0,9.49,18.98,PIX,5102,0.18,3.42
14875,2026-06-27 20:55:27,PDV 03,28,2.0,9.49,18.98,Cartão Débito,5102,0.18,3.42
14876,2026-06-28 19:14:37,PDV 03,28,4.0,9.49,37.96,PIX,5102,0.18,6.83
14877,2026-06-28 09:08:06,PDV 02,28,3.0,9.49,28.47,Cartão Crédito,5102,0.18,5.12
14878,2026-06-29 18:55:58,PDV 01,28,11.0,9.49,104.39,Cartão Débito,5102,0.18,18.79
14879,2026-04-01 08:03:24,PDV 05,29,6.0,7.99,47.94,Cartão Crédito,5102,0.18,8.63
14880,2026-04-02 20:33:54,PDV 02,29,2.0,7.99,15.98,Cartão Débito,5102,0.18,2.88
14881,2026-04-02 08:22:04,PDV 04,29,2.0,7.99,15.98,Cartão Débito,5102,0.18,2.88
14882,2026-04-02 12:20:06,PDV 02,29,2.0,7.99,15.98,Cartão Débito,5102,0.18,2.88
14883,2026-04-02 12:55:19,PDV 03,29,3.0,7.99,23.97,Cartão Débito,5102,0.18,4.31
14884,2026-04-03 12:00:09,PDV 02,29,2.0,7.99,15.98,Cartão Débito,5102,0.18,2.88
14885,2026-04-03 14:58:34,PDV 04,29,2.0,7.99,15.98,Cartão Débito,5102,0.18,2.88
14886,2026-04-03 20:14:53,PDV 03,29,2.0,7.99,15.98,PIX,5102,0.18,2.88
14887,2026-04-03 08:46:04,PDV 04,29,3.0,7.99,23.97,Cartão Débito,5102,0.18,4.31
14888,2026-04-04 14:12:02,PDV 05,29,4.0,7.99,31.96,Cartão Débito,5102,0.18,5.75
14889,2026-04-04 12:09:58,PDV 02,29,5.0,7.99,39.95,Cartão Crédito,5102,0.18,7.19
14890,2026-04-05 08:11:02,PDV 06,29,2.0,7.99,15.98,Cartão Débito,5102,0.18,2.88
14891,2026-04-05 08:34:39,PDV 06,29,2.0,7.99,15.98,Cartão Crédito,5102,0.18,2.88
14892,2026-04-05 08:38:49,PDV 03,29,2.0,7.99,15.98,Cartão Crédito,5102,0.18,2.88
14893,2026-04-05 11:17:42,PDV 05,29,3.0,7.99,23.97,Cartão Débito,5102,0.18,4.31
14894,2026-04-06 18:04:52,PDV 05,29,1.0,7.99,7.99,Cartão Crédito,5102,0.18,1.44
14895,2026-04-06 15:55:54,PDV 05,29,1.0,7.99,7.99,PIX,5102,0.18,1.44
14896,2026-04-06 10:53:17,PDV 03,29,2.0,7.99,15.98,Dinheiro,5102,0.18,2.88
14897,2026-04-06 16:17:07,PDV 02,29,1.0,7.99,7.99,Cartão Débito,5102,0.18,1.44
14898,2026-04-07 16:00:19,PDV 03,29,2.0,7.99,15.98,Dinheiro,5102,0.18,2.88
14899,2026-04-07 15:13:22,PDV 04,29,2.0,7.99,15.98,PIX,5102,0.18,2.88
14900,2026-04-07 15:19:32,PDV 01,29,2.0,7.99,15.98,Cartão Crédito,5102,0.18,2.88
14901,2026-04-08 18:40:14,PDV 05,29,2.0,7.99,15.98,Cartão Débito,5102,0.18,2.88
14902,2026-04-08 08:56:21,PDV 05,29,1.0,7.99,7.99,PIX,5102,0.18,1.44
14903,2026-04-08 20:35:02,PDV 02,29,2.0,7.99,15.98,Cartão Crédito,5102,0.18,2.88
14904,2026-04-08 14:00:10,PDV 06,29,1.0,7.99,7.99,Cartão Crédito,5102,0.18,1.44
14905,2026-04-09 10:41:55,PDV 01,29,3.0,7.99,23.97,PIX,5102,0.18,4.31
14906,2026-04-09 09:22:58,PDV 05,29,3.0,7.99,23.97,Cartão Crédito,5102,0.18,4.31
14907,2026-04-09 20:08:21,PDV 05,29,3.0,7.99,23.97,Cartão Débito,5102,0.18,4.31
14908,2026-04-10 15:12:54,PDV 03,29,11.0,7.99,87.89,Cartão Débito,5102,0.18,15.82
14909,2026-04-11 09:36:47,PDV 04,29,4.0,7.99,31.96,Cartão Crédito,5102,0.18,5.75
14910,2026-04-11 15:18:34,PDV 04,29,3.0,7.99,23.97,Cartão Crédito,5102,0.18,4.31
14911,2026-04-12 09:42:19,PDV 01,29,2.0,7.99,15.98,Cartão Crédito,5102,0.18,2.88
14912,2026-04-12 14:47:17,PDV 06,29,2.0,7.99,15.98,Cartão Crédito,5102,0.18,2.88
14913,2026-04-12 10:12:00,PDV 05,29,2.0,7.99,15.98,Cartão Crédito,5102,0.18,2.88
14914,2026-04-13 17:20:50,PDV 06,29,2.0,7.99,15.98,Cartão Crédito,5102,0.18,2.88
14915,2026-04-13 14:44:32,PDV 03,29,3.0,7.99,23.97,Cartão Débito,5102,0.18,4.31
14916,2026-04-14 10:15:41,PDV 02,29,1.0,7.99,7.99,Cartão Débito,5102,0.18,1.44
14917,2026-04-14 14:01:47,PDV 06,29,1.0,7.99,7.99,Cartão Débito,5102,0.18,1.44
14918,2026-04-14 16:24:45,PDV 05,29,2.0,7.99,15.98,PIX,5102,0.18,2.88
14919,2026-04-14 10:29:26,PDV 04,29,1.0,7.99,7.99,Cartão Débito,5102,0.18,1.44
14920,2026-04-15 09:54:28,PDV 02,29,2.0,7.99,15.98,Cartão Crédito,5102,0.18,2.88
14921,2026-04-15 14:25:11,PDV 05,29,3.0,7.99,23.97,Cartão Débito,5102,0.18,4.31
14922,2026-04-16 13:05:51,PDV 05,29,7.0,7.99,55.93,Dinheiro,5102,0.18,10.07
14923,2026-04-17 15:34:32,PDV 02,29,8.0,7.99,63.92,Cartão Débito,5102,0.18,11.51
14924,2026-04-18 14:52:23,PDV 03,29,4.0,7.99,31.96,Cartão Crédito,5102,0.18,5.75
14925,2026-04-18 14:39:35,PDV 05,29,5.0,7.99,39.95,PIX,5102,0.18,7.19
14926,2026-04-19 10:15:08,PDV 04,29,2.0,7.99,15.98,Cartão Crédito,5102,0.18,2.88
14927,2026-04-19 11:41:30,PDV 01,29,2.0,7.99,15.98,Cartão Crédito,5102,0.18,2.88
14928,2026-04-19 16:37:01,PDV 02,29,2.0,7.99,15.98,PIX,5102,0.18,2.88
14929,2026-04-19 11:30:43,PDV 05,29,1.0,7.99,7.99,Cartão Débito,5102,0.18,1.44
14930,2026-04-20 13:52:17,PDV 06,29,1.0,7.99,7.99,Cartão Crédito,5102,0.18,1.44
14931,2026-04-20 18:28:03,PDV 06,29,1.0,7.99,7.99,PIX,5102,0.18,1.44
14932,2026-04-20 12:51:29,PDV 04,29,1.0,7.99,7.99,Cartão Crédito,5102,0.18,1.44
14933,2026-04-20 19:16:04,PDV 06,29,1.0,7.99,7.99,PIX,5102,0.18,1.44
14934,2026-04-21 15:20:20,PDV 02,29,1.0,7.99,7.99,Cartão Crédito,5102,0.18,1.44
14935,2026-04-21 09:52:56,PDV 05,29,1.0,7.99,7.99,Cartão Crédito,5102,0.18,1.44
14936,2026-04-21 18:02:53,PDV 04,29,2.0,7.99,15.98,Cartão Crédito,5102,0.18,2.88
14937,2026-04-21 15:32:04,PDV 03,29,1.0,7.99,7.99,Cartão Crédito,5102,0.18,1.44
14938,2026-04-22 15:38:03,PDV 05,29,2.0,7.99,15.98,Cartão Crédito,5102,0.18,2.88
14939,2026-04-22 13:32:38,PDV 06,29,2.0,7.99,15.98,Cartão Crédito,5102,0.18,2.88
14940,2026-04-22 10:25:52,PDV 05,29,1.0,7.99,7.99,Cartão Débito,5102,0.18,1.44
14941,2026-04-23 16:32:28,PDV 04,29,2.0,7.99,15.98,Cartão Débito,5102,0.18,2.88
14942,2026-04-23 08:55:09,PDV 01,29,2.0,7.99,15.98,Cartão Crédito,5102,0.18,2.88
14943,2026-04-23 14:05:09,PDV 02,29,2.0,7.99,15.98,Cartão Crédito,5102,0.18,2.88
14944,2026-04-24 10:07:59,PDV 06,29,8.0,7.99,63.92,PIX,5102,0.18,11.51
14945,2026-04-25 18:54:21,PDV 06,29,9.0,7.99,71.91,Cartão Débito,5102,0.18,12.94
14946,2026-04-26 10:59:36,PDV 06,29,7.0,7.99,55.93,PIX,5102,0.18,10.07
14947,2026-04-27 18:50:48,PDV 01,29,1.0,7.99,7.99,Cartão Crédito,5102,0.18,1.44
14948,2026-04-27 10:52:51,PDV 01,29,1.0,7.99,7.99,Cartão Crédito,5102,0.18,1.44
14949,2026-04-27 15:00:58,PDV 04,29,2.0,7.99,15.98,Cartão Débito,5102,0.18,2.88
14950,2026-04-27 20:54:38,PDV 01,29,1.0,7.99,7.99,PIX,5102,0.18,1.44
14951,2026-04-28 15:37:08,PDV 02,29,5.0,7.99,39.95,Cartão Crédito,5102,0.18,7.19
14952,2026-04-29 17:35:09,PDV 04,29,2.0,7.99,15.98,Cartão Crédito,5102,0.18,2.88
14953,2026-04-29 11:14:17,PDV 06,29,2.0,7.99,15.98,Cartão Crédito,5102,0.18,2.88
14954,2026-04-30 18:19:38,PDV 04,29,2.0,7.99,15.98,Dinheiro,5102,0.18,2.88
14955,2026-04-30 11:45:20,PDV 01,29,1.0,7.99,7.99,Cartão Crédito,5102,0.18,1.44
14956,2026-04-30 13:29:32,PDV 05,29,2.0,7.99,15.98,Cartão Crédito,5102,0.18,2.88
14957,2026-04-30 16:50:46,PDV 02,29,1.0,7.99,7.99,Dinheiro,5102,0.18,1.44
14958,2026-05-01 13:22:44,PDV 04,29,6.0,7.99,47.94,Cartão Débito,5102,0.18,8.63
14959,2026-05-01 15:28:15,PDV 06,29,5.0,7.99,39.95,Cartão Débito,5102,0.18,7.19
14960,2026-05-02 20:42:57,PDV 02,29,6.0,7.99,47.94,Cartão Débito,5102,0.18,8.63
14961,2026-05-02 13:21:40,PDV 01,29,5.0,7.99,39.95,Cartão Crédito,5102,0.18,7.19
14962,2026-05-03 15:43:57,PDV 01,29,2.0,7.99,15.98,Cartão Débito,5102,0.18,2.88
14963,2026-05-03 18:05:33,PDV 04,29,2.0,7.99,15.98,Cartão Crédito,5102,0.18,2.88
14964,2026-05-03 18:56:47,PDV 02,29,3.0,7.99,23.97,Cartão Crédito,5102,0.18,4.31
14965,2026-05-04 12:02:19,PDV 03,29,2.0,7.99,15.98,Dinheiro,5102,0.18,2.88
14966,2026-05-04 16:13:06,PDV 01,29,2.0,7.99,15.98,Cartão Débito,5102,0.18,2.88
14967,2026-05-04 12:56:30,PDV 01,29,2.0,7.99,15.98,Cartão Crédito,5102,0.18,2.88
14968,2026-05-05 20:09:59,PDV 02,29,7.0,7.99,55.93,Dinheiro,5102,0.18,10.07
14969,2026-05-06 08:12:25,PDV 05,29,2.0,7.99,15.98,Dinheiro,5102,0.18,2.88
14970,2026-05-06 09:20:40,PDV 04,29,2.0,7.99,15.98,PIX,5102,0.18,2.88
14971,2026-05-06 20:34:38,PDV 01,29,2.0,7.99,15.98,Cartão Crédito,5102,0.18,2.88
14972,2026-05-07 15:39:28,PDV 05,29,2.0,7.99,15.98,Cartão Débito,5102,0.18,2.88
14973,2026-05-07 10:14:40,PDV 03,29,2.0,7.99,15.98,PIX,5102,0.18,2.88
14974,2026-05-07 18:17:22,PDV 04,29,2.0,7.99,15.98,Cartão Crédito,5102,0.18,2.88
14975,2026-05-07 12:26:30,PDV 05,29,2.0,7.99,15.98,PIX,5102,0.18,2.88
14976,2026-05-08 20:14:52,PDV 04,29,9.0,7.99,71.91,Cartão Crédito,5102,0.18,12.94
14977,2026-05-09 12:52:01,PDV 01,29,3.0,7.99,23.97,Cartão Crédito,5102,0.18,4.31
14978,2026-05-09 10:39:20,PDV 04,29,3.0,7.99,23.97,Cartão Débito,5102,0.18,4.31
14979,2026-05-09 15:32:42,PDV 02,29,2.0,7.99,15.98,PIX,5102,0.18,2.88
14980,2026-05-09 13:37:31,PDV 03,29,3.0,7.99,23.97,Cartão Crédito,5102,0.18,4.31
14981,2026-05-10 17:58:45,PDV 06,29,4.0,7.99,31.96,Cartão Débito,5102,0.18,5.75
14982,2026-05-10 15:14:06,PDV 05,29,5.0,7.99,39.95,Cartão Débito,5102,0.18,7.19
14983,2026-05-11 19:02:08,PDV 05,29,2.0,7.99,15.98,PIX,5102,0.18,2.88
14984,2026-05-11 13:35:23,PDV 06,29,2.0,7.99,15.98,Cartão Crédito,5102,0.18,2.88
14985,2026-05-12 11:14:11,PDV 03,29,2.0,7.99,15.98,Cartão Débito,5102,0.18,2.88
14986,2026-05-12 19:23:04,PDV 05,29,3.0,7.99,23.97,Cartão Débito,5102,0.18,4.31
14987,2026-05-13 16:15:37,PDV 04,29,2.0,7.99,15.98,PIX,5102,0.18,2.88
14988,2026-05-13 08:29:58,PDV 02,29,2.0,7.99,15.98,Cartão Débito,5102,0.18,2.88
14989,2026-05-13 20:24:54,PDV 04,29,1.0,7.99,7.99,Cartão Crédito,5102,0.18,1.44
14990,2026-05-14 10:46:07,PDV 03,29,2.0,7.99,15.98,Cartão Crédito,5102,0.18,2.88
14991,2026-05-14 17:22:34,PDV 03,29,1.0,7.99,7.99,Cartão Crédito,5102,0.18,1.44
14992,2026-05-14 18:31:17,PDV 06,29,2.0,7.99,15.98,Dinheiro,5102,0.18,2.88
14993,2026-05-14 17:07:27,PDV 01,29,1.0,7.99,7.99,Cartão Crédito,5102,0.18,1.44
14994,2026-05-15 08:10:57,PDV 02,29,3.0,7.99,23.97,Cartão Débito,5102,0.18,4.31
14995,2026-05-15 18:06:25,PDV 05,29,2.0,7.99,15.98,Cartão Crédito,5102,0.18,2.88
14996,2026-05-15 18:53:18,PDV 01,29,3.0,7.99,23.97,Cartão Débito,5102,0.18,4.31
14997,2026-05-16 12:42:30,PDV 04,29,3.0,7.99,23.97,Cartão Crédito,5102,0.18,4.31
14998,2026-05-16 08:45:37,PDV 03,29,3.0,7.99,23.97,PIX,5102,0.18,4.31
14999,2026-05-16 11:44:31,PDV 04,29,3.0,7.99,23.97,Cartão Débito,5102,0.18,4.31
15000,2026-05-17 17:51:46,PDV 02,29,4.0,7.99,31.96,Cartão Crédito,5102,0.18,5.75
15001,2026-05-17 12:42:40,PDV 02,29,3.0,7.99,23.97,Dinheiro,5102,0.18,4.31
15002,2026-05-18 20:09:27,PDV 06,29,5.0,7.99,39.95,Cartão Débito,5102,0.18,7.19
15003,2026-05-19 17:46:41,PDV 05,29,5.0,7.99,39.95,Cartão Débito,5102,0.18,7.19
15004,2026-05-20 09:35:57,PDV 02,29,2.0,7.99,15.98,Cartão Crédito,5102,0.18,2.88
15005,2026-05-20 15:29:07,PDV 05,29,2.0,7.99,15.98,Cartão Crédito,5102,0.18,2.88
15006,2026-05-21 14:27:04,PDV 01,29,2.0,7.99,15.98,Cartão Débito,5102,0.18,2.88
15007,2026-05-21 13:47:25,PDV 02,29,1.0,7.99,7.99,Cartão Débito,5102,0.18,1.44
15008,2026-05-21 20:58:02,PDV 02,29,2.0,7.99,15.98,PIX,5102,0.18,2.88
15009,2026-05-21 10:08:43,PDV 06,29,1.0,7.99,7.99,Dinheiro,5102,0.18,1.44
15010,2026-05-22 17:37:34,PDV 01,29,3.0,7.99,23.97,Cartão Débito,5102,0.18,4.31
15011,2026-05-22 11:46:28,PDV 04,29,3.0,7.99,23.97,Cartão Crédito,5102,0.18,4.31
15012,2026-05-22 14:31:22,PDV 05,29,3.0,7.99,23.97,Cartão Crédito,5102,0.18,4.31
15013,2026-05-23 15:55:28,PDV 05,29,8.0,7.99,63.92,Cartão Débito,5102,0.18,11.51
15014,2026-05-24 18:19:17,PDV 04,29,4.0,7.99,31.96,Cartão Débito,5102,0.18,5.75
15015,2026-05-24 12:01:39,PDV 02,29,3.0,7.99,23.97,Cartão Débito,5102,0.18,4.31
15016,2026-05-25 09:29:19,PDV 04,29,2.0,7.99,15.98,Dinheiro,5102,0.18,2.88
15017,2026-05-25 14:56:19,PDV 02,29,2.0,7.99,15.98,PIX,5102,0.18,2.88
15018,2026-05-25 14:52:03,PDV 01,29,1.0,7.99,7.99,Cartão Crédito,5102,0.18,1.44
15019,2026-05-26 15:48:08,PDV 04,29,2.0,7.99,15.98,Cartão Débito,5102,0.18,2.88
15020,2026-05-26 17:37:50,PDV 03,29,3.0,7.99,23.97,Cartão Crédito,5102,0.18,4.31
15021,2026-05-27 17:40:21,PDV 03,29,1.0,7.99,7.99,Cartão Crédito,5102,0.18,1.44
15022,2026-05-27 10:40:11,PDV 04,29,1.0,7.99,7.99,Cartão Crédito,5102,0.18,1.44
15023,2026-05-27 14:54:56,PDV 03,29,2.0,7.99,15.98,PIX,5102,0.18,2.88
15024,2026-05-27 12:38:02,PDV 01,29,1.0,7.99,7.99,Cartão Débito,5102,0.18,1.44
15025,2026-05-28 08:11:47,PDV 03,29,2.0,7.99,15.98,Cartão Débito,5102,0.18,2.88
15026,2026-05-28 19:46:13,PDV 03,29,2.0,7.99,15.98,PIX,5102,0.18,2.88
15027,2026-05-28 18:16:56,PDV 05,29,2.0,7.99,15.98,Cartão Débito,5102,0.18,2.88
15028,2026-05-29 10:34:58,PDV 05,29,4.0,7.99,31.96,Cartão Débito,5102,0.18,5.75
15029,2026-05-29 08:19:30,PDV 02,29,5.0,7.99,39.95,Dinheiro,5102,0.18,7.19
15030,2026-05-30 12:59:23,PDV 03,29,7.0,7.99,55.93,Cartão Débito,5102,0.18,10.07
15031,2026-05-31 13:43:30,PDV 03,29,5.0,7.99,39.95,Cartão Crédito,5102,0.18,7.19
15032,2026-06-01 10:22:05,PDV 01,29,3.0,7.99,23.97,Cartão Débito,5102,0.18,4.31
15033,2026-06-01 20:37:29,PDV 05,29,3.0,7.99,23.97,Cartão Crédito,5102,0.18,4.31
15034,2026-06-02 11:04:08,PDV 06,29,2.0,7.99,15.98,Cartão Débito,5102,0.18,2.88
15035,2026-06-02 08:37:20,PDV 03,29,2.0,7.99,15.98,Cartão Débito,5102,0.18,2.88
15036,2026-06-02 15:41:27,PDV 04,29,3.0,7.99,23.97,Cartão Débito,5102,0.18,4.31
15037,2026-06-03 08:44:33,PDV 03,29,2.0,7.99,15.98,Cartão Crédito,5102,0.18,2.88
15038,2026-06-03 08:06:46,PDV 06,29,3.0,7.99,23.97,Cartão Crédito,5102,0.18,4.31
15039,2026-06-04 09:19:13,PDV 05,29,4.0,7.99,31.96,Cartão Débito,5102,0.18,5.75
15040,2026-06-04 09:04:16,PDV 02,29,4.0,7.99,31.96,Cartão Crédito,5102,0.18,5.75
15041,2026-06-05 10:40:06,PDV 01,29,2.0,7.99,15.98,Cartão Crédito,5102,0.18,2.88
15042,2026-06-05 16:04:35,PDV 04,29,2.0,7.99,15.98,Cartão Débito,5102,0.18,2.88
15043,2026-06-05 17:42:25,PDV 06,29,2.0,7.99,15.98,Cartão Crédito,5102,0.18,2.88
15044,2026-06-05 14:19:08,PDV 03,29,3.0,7.99,23.97,PIX,5102,0.18,4.31
15045,2026-06-06 14:41:35,PDV 06,29,11.0,7.99,87.89,PIX,5102,0.18,15.82
15046,2026-06-07 14:52:37,PDV 06,29,4.0,7.99,31.96,Cartão Débito,5102,0.18,5.75
15047,2026-06-07 20:46:04,PDV 03,29,3.0,7.99,23.97,Dinheiro,5102,0.18,4.31
15048,2026-06-08 19:47:12,PDV 01,29,4.0,7.99,31.96,Cartão Crédito,5102,0.18,5.75
15049,2026-06-08 08:11:12,PDV 01,29,3.0,7.99,23.97,Cartão Débito,5102,0.18,4.31
15050,2026-06-09 13:41:44,PDV 03,29,2.0,7.99,15.98,Dinheiro,5102,0.18,2.88
15051,2026-06-09 08:43:20,PDV 02,29,1.0,7.99,7.99,Cartão Débito,5102,0.18,1.44
15052,2026-06-09 19:06:06,PDV 03,29,2.0,7.99,15.98,PIX,5102,0.18,2.88
15053,2026-06-09 08:25:26,PDV 04,29,1.0,7.99,7.99,Cartão Débito,5102,0.18,1.44
15054,2026-06-10 09:16:20,PDV 06,29,2.0,7.99,15.98,Cartão Crédito,5102,0.18,2.88
15055,2026-06-10 10:01:06,PDV 04,29,2.0,7.99,15.98,Cartão Crédito,5102,0.18,2.88
15056,2026-06-10 11:13:54,PDV 06,29,2.0,7.99,15.98,Cartão Crédito,5102,0.18,2.88
15057,2026-06-11 10:54:08,PDV 03,29,3.0,7.99,23.97,Cartão Débito,5102,0.18,4.31
15058,2026-06-11 13:14:55,PDV 05,29,3.0,7.99,23.97,Cartão Débito,5102,0.18,4.31
15059,2026-06-12 08:23:24,PDV 02,29,4.0,7.99,31.96,Cartão Crédito,5102,0.18,5.75
15060,2026-06-12 09:42:47,PDV 05,29,3.0,7.99,23.97,PIX,5102,0.18,4.31
15061,2026-06-13 09:48:13,PDV 03,29,8.0,7.99,63.92,Cartão Crédito,5102,0.18,11.51
15062,2026-06-14 11:36:06,PDV 02,29,4.0,7.99,31.96,Cartão Débito,5102,0.18,5.75
15063,2026-06-14 10:23:11,PDV 05,29,3.0,7.99,23.97,Cartão Débito,5102,0.18,4.31
15064,2026-06-15 20:13:10,PDV 02,29,5.0,7.99,39.95,Cartão Crédito,5102,0.18,7.19
15065,2026-06-16 13:53:55,PDV 04,29,2.0,7.99,15.98,Cartão Crédito,5102,0.18,2.88
15066,2026-06-16 13:08:13,PDV 03,29,2.0,7.99,15.98,Cartão Débito,5102,0.18,2.88
15067,2026-06-16 14:19:49,PDV 03,29,1.0,7.99,7.99,Cartão Crédito,5102,0.18,1.44
15068,2026-06-17 20:00:11,PDV 03,29,1.0,7.99,7.99,Cartão Crédito,5102,0.18,1.44
15069,2026-06-17 14:27:12,PDV 03,29,1.0,7.99,7.99,Cartão Débito,5102,0.18,1.44
15070,2026-06-17 08:46:51,PDV 05,29,2.0,7.99,15.98,Dinheiro,5102,0.18,2.88
15071,2026-06-17 11:27:48,PDV 04,29,1.0,7.99,7.99,Cartão Crédito,5102,0.18,1.44
15072,2026-06-18 18:57:55,PDV 02,29,2.0,7.99,15.98,Cartão Débito,5102,0.18,2.88
15073,2026-06-18 17:35:40,PDV 06,29,1.0,7.99,7.99,Cartão Débito,5102,0.18,1.44
15074,2026-06-18 17:30:53,PDV 02,29,2.0,7.99,15.98,Cartão Débito,5102,0.18,2.88
15075,2026-06-18 20:05:21,PDV 06,29,1.0,7.99,7.99,Cartão Débito,5102,0.18,1.44
15076,2026-06-19 14:23:52,PDV 03,29,2.0,7.99,15.98,Cartão Crédito,5102,0.18,2.88
15077,2026-06-19 09:17:31,PDV 04,29,2.0,7.99,15.98,Dinheiro,5102,0.18,2.88
15078,2026-06-19 13:50:15,PDV 06,29,2.0,7.99,15.98,Cartão Crédito,5102,0.18,2.88
15079,2026-06-19 17:58:26,PDV 04,29,2.0,7.99,15.98,Cartão Débito,5102,0.18,2.88
15080,2026-06-20 15:50:23,PDV 02,29,3.0,7.99,23.97,Cartão Débito,5102,0.18,4.31
15081,2026-06-20 17:44:23,PDV 02,29,3.0,7.99,23.97,Cartão Débito,5102,0.18,4.31
15082,2026-06-20 15:49:17,PDV 04,29,3.0,7.99,23.97,Cartão Crédito,5102,0.18,4.31
15083,2026-06-21 18:14:21,PDV 02,29,2.0,7.99,15.98,Cartão Crédito,5102,0.18,2.88
15084,2026-06-21 19:44:44,PDV 04,29,2.0,7.99,15.98,Cartão Débito,5102,0.18,2.88
15085,2026-06-21 18:56:49,PDV 05,29,3.0,7.99,23.97,Cartão Crédito,5102,0.18,4.31
15086,2026-06-22 19:15:09,PDV 03,29,1.0,7.99,7.99,Cartão Débito,5102,0.18,1.44
15087,2026-06-22 19:48:24,PDV 04,29,2.0,7.99,15.98,Dinheiro,5102,0.18,2.88
15088,2026-06-22 10:19:06,PDV 03,29,1.0,7.99,7.99,Cartão Crédito,5102,0.18,1.44
15089,2026-06-23 18:29:55,PDV 06,29,2.0,7.99,15.98,Cartão Crédito,5102,0.18,2.88
15090,2026-06-23 14:12:47,PDV 06,29,3.0,7.99,23.97,Cartão Crédito,5102,0.18,4.31
15091,2026-06-24 13:17:13,PDV 06,29,2.0,7.99,15.98,Cartão Débito,5102,0.18,2.88
15092,2026-06-24 16:21:32,PDV 06,29,3.0,7.99,23.97,Cartão Crédito,5102,0.18,4.31
15093,2026-06-25 14:50:06,PDV 04,29,6.0,7.99,47.94,Cartão Crédito,5102,0.18,8.63
15094,2026-06-26 12:36:30,PDV 05,29,4.0,7.99,31.96,Cartão Crédito,5102,0.18,5.75
15095,2026-06-26 17:38:48,PDV 05,29,3.0,7.99,23.97,PIX,5102,0.18,4.31
15096,2026-06-27 14:06:22,PDV 02,29,9.0,7.99,71.91,Cartão Crédito,5102,0.18,12.94
15097,2026-06-28 09:25:57,PDV 05,29,6.0,7.99,47.94,Cartão Crédito,5102,0.18,8.63
15098,2026-06-29 15:05:01,PDV 02,29,1.0,7.99,7.99,Cartão Débito,5102,0.18,1.44
15099,2026-06-29 20:13:30,PDV 02,29,1.0,7.99,7.99,Cartão Débito,5102,0.18,1.44
15100,2026-06-29 15:44:10,PDV 01,29,1.0,7.99,7.99,Dinheiro,5102,0.18,1.44
15101,2026-04-01 16:05:06,PDV 04,30,2.0,12.9,25.8,Cartão Débito,5102,0.18,4.64
15102,2026-04-02 17:41:45,PDV 05,30,2.0,12.9,25.8,Cartão Crédito,5102,0.18,4.64
15103,2026-04-02 09:49:01,PDV 01,30,1.0,12.9,12.9,PIX,5102,0.18,2.32
15104,2026-04-03 08:09:33,PDV 05,30,2.0,12.9,25.8,PIX,5102,0.18,4.64
15105,2026-04-03 14:54:26,PDV 01,30,2.0,12.9,25.8,Cartão Crédito,5102,0.18,4.64
15106,2026-04-04 19:04:56,PDV 05,30,5.0,12.9,64.5,Cartão Crédito,5102,0.18,11.61
15107,2026-04-05 12:09:07,PDV 02,30,2.0,12.9,25.8,Cartão Débito,5102,0.18,4.64
15108,2026-04-05 19:59:21,PDV 03,30,2.0,12.9,25.8,Cartão Crédito,5102,0.18,4.64
15109,2026-04-06 10:03:13,PDV 03,30,2.0,12.9,25.8,Cartão Débito,5102,0.18,4.64
15110,2026-04-07 08:44:30,PDV 05,30,2.0,12.9,25.8,Dinheiro,5102,0.18,4.64
15111,2026-04-07 09:31:53,PDV 05,30,1.0,12.9,12.9,Cartão Débito,5102,0.18,2.32
15112,2026-04-08 16:24:03,PDV 01,30,2.0,12.9,25.8,Cartão Débito,5102,0.18,4.64
15113,2026-04-09 09:54:44,PDV 01,30,2.0,12.9,25.8,PIX,5102,0.18,4.64
15114,2026-04-09 09:13:56,PDV 02,30,1.0,12.9,12.9,PIX,5102,0.18,2.32
15115,2026-04-10 17:43:19,PDV 01,30,4.0,12.9,51.6,Dinheiro,5102,0.18,9.29
15116,2026-04-11 15:42:55,PDV 01,30,2.0,12.9,25.8,Cartão Débito,5102,0.18,4.64
15117,2026-04-11 16:35:51,PDV 06,30,1.0,12.9,12.9,Cartão Débito,5102,0.18,2.32
15118,2026-04-12 09:07:08,PDV 05,30,2.0,12.9,25.8,Cartão Crédito,5102,0.18,4.64
15119,2026-04-13 18:19:20,PDV 02,30,2.0,12.9,25.8,Dinheiro,5102,0.18,4.64
15120,2026-04-14 19:04:49,PDV 05,30,2.0,12.9,25.8,Cartão Débito,5102,0.18,4.64
15121,2026-04-15 14:30:54,PDV 05,30,2.0,12.9,25.8,Cartão Débito,5102,0.18,4.64
15122,2026-04-16 14:18:55,PDV 04,30,2.0,12.9,25.8,Cartão Débito,5102,0.18,4.64
15123,2026-04-17 11:35:50,PDV 01,30,3.0,12.9,38.7,Cartão Débito,5102,0.18,6.97
15124,2026-04-18 15:19:39,PDV 01,30,1.0,12.9,12.9,Cartão Crédito,5102,0.18,2.32
15125,2026-04-18 14:07:50,PDV 05,30,1.0,12.9,12.9,Dinheiro,5102,0.18,2.32
15126,2026-04-18 10:15:41,PDV 02,30,1.0,12.9,12.9,Cartão Débito,5102,0.18,2.32
15127,2026-04-19 12:56:03,PDV 01,30,2.0,12.9,25.8,Cartão Crédito,5102,0.18,4.64
15128,2026-04-20 09:58:21,PDV 02,30,2.0,12.9,25.8,Cartão Débito,5102,0.18,4.64
15129,2026-04-21 14:38:42,PDV 04,30,2.0,12.9,25.8,Dinheiro,5102,0.18,4.64
15130,2026-04-22 10:24:04,PDV 04,30,2.0,12.9,25.8,Cartão Crédito,5102,0.18,4.64
15131,2026-04-23 13:10:20,PDV 02,30,2.0,12.9,25.8,PIX,5102,0.18,4.64
15132,2026-04-23 15:47:19,PDV 01,30,1.0,12.9,12.9,Cartão Débito,5102,0.18,2.32
15133,2026-04-24 13:18:31,PDV 06,30,1.0,12.9,12.9,PIX,5102,0.18,2.32
15134,2026-04-24 19:29:37,PDV 05,30,1.0,12.9,12.9,Cartão Crédito,5102,0.18,2.32
15135,2026-04-24 17:17:33,PDV 05,30,1.0,12.9,12.9,Dinheiro,5102,0.18,2.32
15136,2026-04-25 14:24:38,PDV 03,30,1.0,12.9,12.9,Cartão Crédito,5102,0.18,2.32
15137,2026-04-25 17:14:03,PDV 01,30,2.0,12.9,25.8,Cartão Débito,5102,0.18,4.64
15138,2026-04-25 17:40:44,PDV 06,30,1.0,12.9,12.9,Cartão Débito,5102,0.18,2.32
15139,2026-04-26 15:22:42,PDV 04,30,2.0,12.9,25.8,Cartão Débito,5102,0.18,4.64
15140,2026-04-27 13:49:32,PDV 03,30,2.0,12.9,25.8,PIX,5102,0.18,4.64
15141,2026-04-28 10:28:40,PDV 06,30,2.0,12.9,25.8,Cartão Débito,5102,0.18,4.64
15142,2026-04-29 10:24:25,PDV 02,30,2.0,12.9,25.8,PIX,5102,0.18,4.64
15143,2026-04-30 14:23:01,PDV 03,30,2.0,12.9,25.8,Cartão Débito,5102,0.18,4.64
15144,2026-04-30 08:30:01,PDV 06,30,1.0,12.9,12.9,Cartão Débito,5102,0.18,2.32
15145,2026-05-01 18:58:17,PDV 01,30,1.0,12.9,12.9,PIX,5102,0.18,2.32
15146,2026-05-01 08:52:24,PDV 05,30,2.0,12.9,25.8,Cartão Crédito,5102,0.18,4.64
15147,2026-05-01 14:55:11,PDV 03,30,1.0,12.9,12.9,Cartão Débito,5102,0.18,2.32
15148,2026-05-02 20:51:06,PDV 01,30,1.0,12.9,12.9,Cartão Débito,5102,0.18,2.32
15149,2026-05-02 18:52:26,PDV 04,30,1.0,12.9,12.9,Cartão Crédito,5102,0.18,2.32
15150,2026-05-02 08:43:17,PDV 01,30,1.0,12.9,12.9,Cartão Crédito,5102,0.18,2.32
15151,2026-05-02 16:09:00,PDV 04,30,1.0,12.9,12.9,Cartão Crédito,5102,0.18,2.32
15152,2026-05-03 16:46:07,PDV 01,30,3.0,12.9,38.7,Cartão Débito,5102,0.18,6.97
15153,2026-05-04 10:08:14,PDV 02,30,1.0,12.9,12.9,Cartão Crédito,5102,0.18,2.32
15154,2026-05-04 10:11:35,PDV 02,30,1.0,12.9,12.9,Cartão Débito,5102,0.18,2.32
15155,2026-05-04 16:17:30,PDV 03,30,1.0,12.9,12.9,PIX,5102,0.18,2.32
15156,2026-05-05 16:12:22,PDV 05,30,2.0,12.9,25.8,Cartão Crédito,5102,0.18,4.64
15157,2026-05-06 12:02:00,PDV 03,30,2.0,12.9,25.8,Cartão Débito,5102,0.18,4.64
15158,2026-05-07 20:35:17,PDV 04,30,1.0,12.9,12.9,Cartão Crédito,5102,0.18,2.32
15159,2026-05-07 09:14:23,PDV 01,30,1.0,12.9,12.9,Cartão Crédito,5102,0.18,2.32
15160,2026-05-07 11:22:42,PDV 01,30,1.0,12.9,12.9,PIX,5102,0.18,2.32
15161,2026-05-08 11:20:49,PDV 04,30,1.0,12.9,12.9,Dinheiro,5102,0.18,2.32
15162,2026-05-08 10:49:41,PDV 05,30,2.0,12.9,25.8,Cartão Crédito,5102,0.18,4.64
15163,2026-05-08 08:50:59,PDV 04,30,1.0,12.9,12.9,Cartão Débito,5102,0.18,2.32
15164,2026-05-09 15:35:02,PDV 05,30,1.0,12.9,12.9,PIX,5102,0.18,2.32
15165,2026-05-09 16:15:01,PDV 02,30,2.0,12.9,25.8,Dinheiro,5102,0.18,4.64
15166,2026-05-09 08:54:04,PDV 01,30,1.0,12.9,12.9,PIX,5102,0.18,2.32
15167,2026-05-10 17:18:58,PDV 06,30,4.0,12.9,51.6,Dinheiro,5102,0.18,9.29
15168,2026-05-11 11:19:04,PDV 05,30,2.0,12.9,25.8,Cartão Débito,5102,0.18,4.64
15169,2026-05-12 20:08:50,PDV 05,30,2.0,12.9,25.8,PIX,5102,0.18,4.64
15170,2026-05-13 09:59:41,PDV 03,30,2.0,12.9,25.8,Cartão Débito,5102,0.18,4.64
15171,2026-05-14 16:26:51,PDV 04,30,2.0,12.9,25.8,Cartão Débito,5102,0.18,4.64
15172,2026-05-15 16:02:11,PDV 01,30,2.0,12.9,25.8,Cartão Crédito,5102,0.18,4.64
15173,2026-05-15 18:35:59,PDV 05,30,2.0,12.9,25.8,Cartão Débito,5102,0.18,4.64
15174,2026-05-16 11:48:22,PDV 04,30,2.0,12.9,25.8,Dinheiro,5102,0.18,4.64
15175,2026-05-16 16:41:45,PDV 01,30,1.0,12.9,12.9,Cartão Crédito,5102,0.18,2.32
15176,2026-05-17 15:35:37,PDV 01,30,3.0,12.9,38.7,Cartão Crédito,5102,0.18,6.97
15177,2026-05-18 09:14:52,PDV 06,30,2.0,12.9,25.8,Cartão Crédito,5102,0.18,4.64
15178,2026-05-19 19:28:16,PDV 02,30,2.0,12.9,25.8,PIX,5102,0.18,4.64
15179,2026-05-20 14:38:36,PDV 01,30,2.0,12.9,25.8,Cartão Débito,5102,0.18,4.64
15180,2026-05-21 13:35:20,PDV 03,30,2.0,12.9,25.8,Dinheiro,5102,0.18,4.64
15181,2026-05-22 17:36:19,PDV 06,30,2.0,12.9,25.8,PIX,5102,0.18,4.64
15182,2026-05-22 16:48:17,PDV 02,30,1.0,12.9,12.9,Cartão Crédito,5102,0.18,2.32
15183,2026-05-23 08:53:26,PDV 05,30,1.0,12.9,12.9,Dinheiro,5102,0.18,2.32
15184,2026-05-23 17:40:03,PDV 06,30,1.0,12.9,12.9,Cartão Débito,5102,0.18,2.32
15185,2026-05-23 10:33:38,PDV 05,30,1.0,12.9,12.9,Cartão Crédito,5102,0.18,2.32
15186,2026-05-24 14:04:46,PDV 01,30,2.0,12.9,25.8,Cartão Débito,5102,0.18,4.64
15187,2026-05-25 14:29:15,PDV 02,30,2.0,12.9,25.8,Cartão Crédito,5102,0.18,4.64
15188,2026-05-26 12:23:28,PDV 01,30,2.0,12.9,25.8,Cartão Débito,5102,0.18,4.64
15189,2026-05-27 13:09:28,PDV 04,30,2.0,12.9,25.8,Cartão Débito,5102,0.18,4.64
15190,2026-05-28 11:26:42,PDV 05,30,2.0,12.9,25.8,Cartão Débito,5102,0.18,4.64
15191,2026-05-29 16:03:08,PDV 03,30,1.0,12.9,12.9,Cartão Débito,5102,0.18,2.32
15192,2026-05-29 08:32:17,PDV 02,30,1.0,12.9,12.9,Cartão Crédito,5102,0.18,2.32
15193,2026-05-29 14:39:39,PDV 02,30,1.0,12.9,12.9,Cartão Crédito,5102,0.18,2.32
15194,2026-05-30 12:17:19,PDV 04,30,2.0,12.9,25.8,PIX,5102,0.18,4.64
15195,2026-05-30 15:55:58,PDV 02,30,1.0,12.9,12.9,Cartão Débito,5102,0.18,2.32
15196,2026-05-31 16:18:43,PDV 02,30,3.0,12.9,38.7,Cartão Débito,5102,0.18,6.97
15197,2026-06-01 10:57:16,PDV 02,30,2.0,12.9,25.8,Cartão Débito,5102,0.18,4.64
15198,2026-06-02 08:49:02,PDV 03,30,1.0,12.9,12.9,Cartão Débito,5102,0.18,2.32
15199,2026-06-02 19:08:19,PDV 01,30,1.0,12.9,12.9,Cartão Crédito,5102,0.18,2.32
15200,2026-06-02 13:15:55,PDV 04,30,1.0,12.9,12.9,Cartão Crédito,5102,0.18,2.32
15201,2026-06-03 13:34:21,PDV 03,30,2.0,12.9,25.8,Cartão Crédito,5102,0.18,4.64
15202,2026-06-04 08:24:11,PDV 04,30,1.0,12.9,12.9,Cartão Crédito,5102,0.18,2.32
15203,2026-06-04 14:00:10,PDV 03,30,1.0,12.9,12.9,Cartão Débito,5102,0.18,2.32
15204,2026-06-04 15:03:15,PDV 02,30,1.0,12.9,12.9,Cartão Débito,5102,0.18,2.32
15205,2026-06-05 17:50:21,PDV 06,30,2.0,12.9,25.8,Cartão Crédito,5102,0.18,4.64
15206,2026-06-05 13:11:59,PDV 02,30,2.0,12.9,25.8,PIX,5102,0.18,4.64
15207,2026-06-06 18:34:58,PDV 02,30,2.0,12.9,25.8,Cartão Crédito,5102,0.18,4.64
15208,2026-06-06 11:02:17,PDV 01,30,1.0,12.9,12.9,Dinheiro,5102,0.18,2.32
15209,2026-06-07 17:27:25,PDV 02,30,3.0,12.9,38.7,Dinheiro,5102,0.18,6.97
15210,2026-06-08 19:39:38,PDV 01,30,2.0,12.9,25.8,Cartão Crédito,5102,0.18,4.64
15211,2026-06-09 09:31:18,PDV 02,30,2.0,12.9,25.8,Cartão Crédito,5102,0.18,4.64
15212,2026-06-10 08:19:05,PDV 04,30,3.0,12.9,38.7,Cartão Crédito,5102,0.18,6.97
15213,2026-06-11 20:11:57,PDV 01,30,2.0,12.9,25.8,Cartão Débito,5102,0.18,4.64
15214,2026-06-12 17:11:57,PDV 04,30,2.0,12.9,25.8,Cartão Débito,5102,0.18,4.64
15215,2026-06-12 11:30:54,PDV 01,30,2.0,12.9,25.8,Cartão Débito,5102,0.18,4.64
15216,2026-06-13 13:48:02,PDV 02,30,3.0,12.9,38.7,Cartão Débito,5102,0.18,6.97
15217,2026-06-14 17:10:32,PDV 01,30,3.0,12.9,38.7,Cartão Débito,5102,0.18,6.97
15218,2026-06-15 20:52:22,PDV 01,30,2.0,12.9,25.8,Cartão Débito,5102,0.18,4.64
15219,2026-06-16 08:26:06,PDV 06,30,2.0,12.9,25.8,Cartão Crédito,5102,0.18,4.64
15220,2026-06-17 09:36:15,PDV 06,30,2.0,12.9,25.8,Cartão Débito,5102,0.18,4.64
15221,2026-06-18 17:14:31,PDV 05,30,2.0,12.9,25.8,Cartão Crédito,5102,0.18,4.64
15222,2026-06-18 17:03:00,PDV 01,30,1.0,12.9,12.9,Cartão Crédito,5102,0.18,2.32
15223,2026-06-19 19:37:41,PDV 03,30,3.0,12.9,38.7,Cartão Crédito,5102,0.18,6.97
15224,2026-06-20 10:11:53,PDV 03,30,1.0,12.9,12.9,Cartão Débito,5102,0.18,2.32
15225,2026-06-20 19:43:17,PDV 06,30,1.0,12.9,12.9,Cartão Crédito,5102,0.18,2.32
15226,2026-06-20 16:47:23,PDV 03,30,1.0,12.9,12.9,Dinheiro,5102,0.18,2.32
15227,2026-06-20 12:00:46,PDV 04,30,1.0,12.9,12.9,Cartão Crédito,5102,0.18,2.32
15228,2026-06-21 20:57:09,PDV 02,30,1.0,12.9,12.9,Cartão Débito,5102,0.18,2.32
15229,2026-06-21 20:49:22,PDV 06,30,1.0,12.9,12.9,PIX,5102,0.18,2.32
15230,2026-06-21 11:08:47,PDV 02,30,1.0,12.9,12.9,Cartão Débito,5102,0.18,2.32
15231,2026-06-22 14:41:40,PDV 04,30,2.0,12.9,25.8,Cartão Crédito,5102,0.18,4.64
15232,2026-06-23 20:34:49,PDV 01,30,2.0,12.9,25.8,Cartão Débito,5102,0.18,4.64
15233,2026-06-24 14:18:28,PDV 06,30,2.0,12.9,25.8,Cartão Débito,5102,0.18,4.64
15234,2026-06-25 11:28:00,PDV 06,30,2.0,12.9,25.8,Cartão Débito,5102,0.18,4.64
15235,2026-06-26 20:22:12,PDV 06,30,2.0,12.9,25.8,Cartão Crédito,5102,0.18,4.64
15236,2026-06-26 09:58:05,PDV 06,30,1.0,12.9,12.9,Cartão Crédito,5102,0.18,2.32
15237,2026-06-27 14:26:45,PDV 04,30,2.0,12.9,25.8,Cartão Débito,5102,0.18,4.64
15238,2026-06-27 13:11:42,PDV 04,30,1.0,12.9,12.9,Cartão Crédito,5102,0.18,2.32
15239,2026-06-28 20:26:04,PDV 02,30,2.0,12.9,25.8,Cartão Débito,5102,0.18,4.64
15240,2026-06-29 17:10:35,PDV 01,30,1.0,12.9,12.9,PIX,5102,0.18,2.32
15241,2026-04-01 18:25:20,PDV 04,31,2.0,8.9,17.8,Cartão Crédito,5102,0.18,3.2
15242,2026-04-01 14:16:33,PDV 04,31,1.0,8.9,8.9,Cartão Crédito,5102,0.18,1.6
15243,2026-04-02 10:10:17,PDV 05,31,1.0,8.9,8.9,Cartão Débito,5102,0.18,1.6
15244,2026-04-02 13:53:07,PDV 01,31,1.0,8.9,8.9,Cartão Débito,5102,0.18,1.6
15245,2026-04-02 18:08:20,PDV 01,31,1.0,8.9,8.9,Dinheiro,5102,0.18,1.6
15246,2026-04-02 17:08:36,PDV 04,31,1.0,8.9,8.9,Cartão Débito,5102,0.18,1.6
15247,2026-04-03 09:09:52,PDV 06,31,2.0,8.9,17.8,Cartão Débito,5102,0.18,3.2
15248,2026-04-03 14:49:08,PDV 04,31,2.0,8.9,17.8,PIX,5102,0.18,3.2
15249,2026-04-03 19:31:11,PDV 05,31,1.0,8.9,8.9,Dinheiro,5102,0.18,1.6
15250,2026-04-04 19:01:39,PDV 04,31,2.0,8.9,17.8,Cartão Crédito,5102,0.18,3.2
15251,2026-04-04 11:16:43,PDV 03,31,2.0,8.9,17.8,PIX,5102,0.18,3.2
15252,2026-04-04 09:08:36,PDV 01,31,2.0,8.9,17.8,Cartão Débito,5102,0.18,3.2
15253,2026-04-05 08:11:09,PDV 02,31,2.0,8.9,17.8,Cartão Débito,5102,0.18,3.2
15254,2026-04-05 15:29:35,PDV 06,31,2.0,8.9,17.8,Dinheiro,5102,0.18,3.2
15255,2026-04-05 19:42:46,PDV 06,31,1.0,8.9,8.9,Cartão Débito,5102,0.18,1.6
15256,2026-04-06 15:46:36,PDV 04,31,2.0,8.9,17.8,PIX,5102,0.18,3.2
15257,2026-04-06 10:23:07,PDV 05,31,1.0,8.9,8.9,Cartão Débito,5102,0.18,1.6
15258,2026-04-07 08:29:01,PDV 02,31,1.0,8.9,8.9,Cartão Débito,5102,0.18,1.6
15259,2026-04-07 17:33:08,PDV 01,31,1.0,8.9,8.9,Cartão Débito,5102,0.18,1.6
15260,2026-04-07 16:43:53,PDV 02,31,1.0,8.9,8.9,PIX,5102,0.18,1.6
15261,2026-04-08 15:41:46,PDV 02,31,3.0,8.9,26.7,Cartão Crédito,5102,0.18,4.81
15262,2026-04-09 13:04:45,PDV 04,31,2.0,8.9,17.8,Cartão Crédito,5102,0.18,3.2
15263,2026-04-09 20:46:28,PDV 01,31,2.0,8.9,17.8,Cartão Débito,5102,0.18,3.2
15264,2026-04-09 14:40:14,PDV 06,31,1.0,8.9,8.9,Cartão Débito,5102,0.18,1.6
15265,2026-04-10 11:00:07,PDV 01,31,1.0,8.9,8.9,Dinheiro,5102,0.18,1.6
15266,2026-04-10 20:52:09,PDV 01,31,1.0,8.9,8.9,PIX,5102,0.18,1.6
15267,2026-04-10 08:57:56,PDV 06,31,2.0,8.9,17.8,Cartão Crédito,5102,0.18,3.2
15268,2026-04-10 12:32:58,PDV 03,31,1.0,8.9,8.9,Cartão Débito,5102,0.18,1.6
15269,2026-04-11 20:55:34,PDV 02,31,2.0,8.9,17.8,Cartão Débito,5102,0.18,3.2
15270,2026-04-11 20:13:27,PDV 04,31,2.0,8.9,17.8,Cartão Crédito,5102,0.18,3.2
15271,2026-04-11 14:01:50,PDV 05,31,1.0,8.9,8.9,Cartão Débito,5102,0.18,1.6
15272,2026-04-12 15:46:47,PDV 06,31,1.0,8.9,8.9,Cartão Débito,5102,0.18,1.6
15273,2026-04-12 11:24:00,PDV 03,31,1.0,8.9,8.9,Cartão Crédito,5102,0.18,1.6
15274,2026-04-12 12:38:58,PDV 03,31,1.0,8.9,8.9,PIX,5102,0.18,1.6
15275,2026-04-12 17:08:01,PDV 05,31,1.0,8.9,8.9,Dinheiro,5102,0.18,1.6
15276,2026-04-13 14:17:36,PDV 06,31,2.0,8.9,17.8,PIX,5102,0.18,3.2
15277,2026-04-14 09:55:12,PDV 02,31,2.0,8.9,17.8,Cartão Débito,5102,0.18,3.2
15278,2026-04-15 20:55:05,PDV 05,31,2.0,8.9,17.8,Dinheiro,5102,0.18,3.2
15279,2026-04-15 13:03:52,PDV 06,31,1.0,8.9,8.9,Dinheiro,5102,0.18,1.6
15280,2026-04-16 09:06:57,PDV 03,31,4.0,8.9,35.6,Cartão Débito,5102,0.18,6.41
15281,2026-04-17 15:22:50,PDV 05,31,4.0,8.9,35.6,Cartão Crédito,5102,0.18,6.41
15282,2026-04-18 16:56:03,PDV 02,31,4.0,8.9,35.6,Dinheiro,5102,0.18,6.41
15283,2026-04-19 16:36:40,PDV 06,31,1.0,8.9,8.9,Cartão Crédito,5102,0.18,1.6
15284,2026-04-19 12:16:40,PDV 01,31,1.0,8.9,8.9,Cartão Débito,5102,0.18,1.6
15285,2026-04-19 08:17:15,PDV 01,31,1.0,8.9,8.9,Cartão Débito,5102,0.18,1.6
15286,2026-04-20 16:21:04,PDV 06,31,2.0,8.9,17.8,Cartão Débito,5102,0.18,3.2
15287,2026-04-20 13:12:33,PDV 06,31,1.0,8.9,8.9,Cartão Crédito,5102,0.18,1.6
15288,2026-04-21 12:32:41,PDV 02,31,2.0,8.9,17.8,Cartão Crédito,5102,0.18,3.2
15289,2026-04-22 15:20:22,PDV 05,31,2.0,8.9,17.8,Cartão Débito,5102,0.18,3.2
15290,2026-04-23 17:40:00,PDV 01,31,3.0,8.9,26.7,Dinheiro,5102,0.18,4.81
15291,2026-04-24 14:18:28,PDV 01,31,2.0,8.9,17.8,Cartão Crédito,5102,0.18,3.2
15292,2026-04-24 15:35:16,PDV 01,31,2.0,8.9,17.8,Cartão Débito,5102,0.18,3.2
15293,2026-04-24 17:02:09,PDV 04,31,1.0,8.9,8.9,PIX,5102,0.18,1.6
15294,2026-04-25 14:57:38,PDV 05,31,4.0,8.9,35.6,Cartão Crédito,5102,0.18,6.41
15295,2026-04-26 15:44:06,PDV 04,31,2.0,8.9,17.8,Cartão Débito,5102,0.18,3.2
15296,2026-04-26 13:33:59,PDV 04,31,2.0,8.9,17.8,Cartão Crédito,5102,0.18,3.2
15297,2026-04-27 14:07:05,PDV 05,31,1.0,8.9,8.9,Cartão Crédito,5102,0.18,1.6
15298,2026-04-27 14:28:22,PDV 05,31,1.0,8.9,8.9,Cartão Crédito,5102,0.18,1.6
15299,2026-04-27 16:12:42,PDV 02,31,1.0,8.9,8.9,Cartão Débito,5102,0.18,1.6
15300,2026-04-28 15:55:02,PDV 06,31,3.0,8.9,26.7,Cartão Débito,5102,0.18,4.81
15301,2026-04-29 08:21:34,PDV 02,31,2.0,8.9,17.8,Cartão Débito,5102,0.18,3.2
15302,2026-04-30 13:41:34,PDV 01,31,2.0,8.9,17.8,Cartão Crédito,5102,0.18,3.2
15303,2026-04-30 14:20:28,PDV 06,31,1.0,8.9,8.9,Cartão Débito,5102,0.18,1.6
15304,2026-05-01 11:23:15,PDV 02,31,2.0,8.9,17.8,Cartão Crédito,5102,0.18,3.2
15305,2026-05-01 17:49:48,PDV 05,31,2.0,8.9,17.8,Cartão Débito,5102,0.18,3.2
15306,2026-05-01 10:24:25,PDV 06,31,1.0,8.9,8.9,Cartão Débito,5102,0.18,1.6
15307,2026-05-02 20:44:30,PDV 03,31,1.0,8.9,8.9,Cartão Crédito,5102,0.18,1.6
15308,2026-05-02 09:43:21,PDV 05,31,1.0,8.9,8.9,PIX,5102,0.18,1.6
15309,2026-05-02 14:27:35,PDV 04,31,2.0,8.9,17.8,Cartão Crédito,5102,0.18,3.2
15310,2026-05-02 11:00:52,PDV 02,31,1.0,8.9,8.9,Cartão Débito,5102,0.18,1.6
15311,2026-05-03 11:10:57,PDV 04,31,2.0,8.9,17.8,Cartão Débito,5102,0.18,3.2
15312,2026-05-03 20:24:27,PDV 05,31,2.0,8.9,17.8,Cartão Crédito,5102,0.18,3.2
15313,2026-05-03 18:14:16,PDV 03,31,1.0,8.9,8.9,Cartão Débito,5102,0.18,1.6
15314,2026-05-04 20:47:45,PDV 01,31,2.0,8.9,17.8,Cartão Débito,5102,0.18,3.2
15315,2026-05-04 10:55:33,PDV 03,31,1.0,8.9,8.9,Dinheiro,5102,0.18,1.6
15316,2026-05-05 09:15:00,PDV 05,31,2.0,8.9,17.8,Cartão Crédito,5102,0.18,3.2
15317,2026-05-05 11:58:00,PDV 05,31,1.0,8.9,8.9,Dinheiro,5102,0.18,1.6
15318,2026-05-06 10:56:46,PDV 01,31,2.0,8.9,17.8,Cartão Crédito,5102,0.18,3.2
15319,2026-05-06 20:53:14,PDV 05,31,1.0,8.9,8.9,PIX,5102,0.18,1.6
15320,2026-05-07 15:50:30,PDV 04,31,2.0,8.9,17.8,Cartão Crédito,5102,0.18,3.2
15321,2026-05-07 19:48:07,PDV 01,31,3.0,8.9,26.7,PIX,5102,0.18,4.81
15322,2026-05-08 10:20:08,PDV 06,31,2.0,8.9,17.8,Cartão Crédito,5102,0.18,3.2
15323,2026-05-08 18:32:58,PDV 04,31,2.0,8.9,17.8,Cartão Débito,5102,0.18,3.2
15324,2026-05-08 20:38:03,PDV 01,31,1.0,8.9,8.9,Cartão Crédito,5102,0.18,1.6
15325,2026-05-09 10:04:03,PDV 02,31,6.0,8.9,53.4,Cartão Crédito,5102,0.18,9.61
15326,2026-05-10 10:12:18,PDV 06,31,2.0,8.9,17.8,Cartão Débito,5102,0.18,3.2
15327,2026-05-10 11:56:43,PDV 01,31,2.0,8.9,17.8,Cartão Débito,5102,0.18,3.2
15328,2026-05-10 18:30:54,PDV 06,31,1.0,8.9,8.9,Cartão Crédito,5102,0.18,1.6
15329,2026-05-11 15:06:48,PDV 05,31,2.0,8.9,17.8,PIX,5102,0.18,3.2
15330,2026-05-12 14:59:07,PDV 06,31,1.0,8.9,8.9,Cartão Crédito,5102,0.18,1.6
15331,2026-05-12 18:30:06,PDV 04,31,1.0,8.9,8.9,Cartão Débito,5102,0.18,1.6
15332,2026-05-12 17:27:22,PDV 04,31,1.0,8.9,8.9,Cartão Crédito,5102,0.18,1.6
15333,2026-05-13 14:18:02,PDV 05,31,2.0,8.9,17.8,Cartão Crédito,5102,0.18,3.2
15334,2026-05-13 18:24:33,PDV 02,31,1.0,8.9,8.9,Cartão Débito,5102,0.18,1.6
15335,2026-05-14 08:01:39,PDV 06,31,1.0,8.9,8.9,Cartão Débito,5102,0.18,1.6
15336,2026-05-14 10:59:52,PDV 03,31,2.0,8.9,17.8,Dinheiro,5102,0.18,3.2
15337,2026-05-14 18:24:43,PDV 06,31,1.0,8.9,8.9,Cartão Débito,5102,0.18,1.6
15338,2026-05-15 17:12:44,PDV 02,31,1.0,8.9,8.9,Cartão Débito,5102,0.18,1.6
15339,2026-05-15 09:37:04,PDV 03,31,1.0,8.9,8.9,Cartão Débito,5102,0.18,1.6
15340,2026-05-15 17:45:00,PDV 04,31,2.0,8.9,17.8,Cartão Débito,5102,0.18,3.2
15341,2026-05-15 19:18:30,PDV 06,31,1.0,8.9,8.9,Cartão Débito,5102,0.18,1.6
15342,2026-05-16 20:07:21,PDV 04,31,5.0,8.9,44.5,PIX,5102,0.18,8.01
15343,2026-05-17 09:05:58,PDV 03,31,1.0,8.9,8.9,Cartão Débito,5102,0.18,1.6
15344,2026-05-17 19:06:02,PDV 01,31,1.0,8.9,8.9,Cartão Débito,5102,0.18,1.6
15345,2026-05-17 10:26:00,PDV 01,31,1.0,8.9,8.9,Cartão Crédito,5102,0.18,1.6
15346,2026-05-18 10:25:22,PDV 05,31,2.0,8.9,17.8,Cartão Crédito,5102,0.18,3.2
15347,2026-05-19 11:42:16,PDV 04,31,2.0,8.9,17.8,Dinheiro,5102,0.18,3.2
15348,2026-05-20 15:55:35,PDV 02,31,1.0,8.9,8.9,Cartão Débito,5102,0.18,1.6
15349,2026-05-20 12:32:32,PDV 06,31,1.0,8.9,8.9,Cartão Débito,5102,0.18,1.6
15350,2026-05-20 15:57:05,PDV 05,31,1.0,8.9,8.9,Cartão Débito,5102,0.18,1.6
15351,2026-05-21 17:25:30,PDV 05,31,1.0,8.9,8.9,Cartão Débito,5102,0.18,1.6
15352,2026-05-21 12:24:15,PDV 06,31,2.0,8.9,17.8,Cartão Crédito,5102,0.18,3.2
15353,2026-05-21 14:40:24,PDV 03,31,1.0,8.9,8.9,Cartão Crédito,5102,0.18,1.6
15354,2026-05-22 20:09:01,PDV 02,31,2.0,8.9,17.8,Cartão Débito,5102,0.18,3.2
15355,2026-05-22 15:44:08,PDV 06,31,3.0,8.9,26.7,Cartão Crédito,5102,0.18,4.81
15356,2026-05-23 10:49:33,PDV 02,31,1.0,8.9,8.9,Cartão Débito,5102,0.18,1.6
15357,2026-05-23 16:21:16,PDV 05,31,2.0,8.9,17.8,Dinheiro,5102,0.18,3.2
15358,2026-05-23 19:31:42,PDV 02,31,1.0,8.9,8.9,Cartão Débito,5102,0.18,1.6
15359,2026-05-24 20:02:44,PDV 06,31,3.0,8.9,26.7,Cartão Crédito,5102,0.18,4.81
15360,2026-05-25 08:34:25,PDV 06,31,3.0,8.9,26.7,Cartão Débito,5102,0.18,4.81
15361,2026-05-26 18:47:24,PDV 01,31,2.0,8.9,17.8,Cartão Débito,5102,0.18,3.2
15362,2026-05-26 17:01:35,PDV 03,31,1.0,8.9,8.9,Cartão Débito,5102,0.18,1.6
15363,2026-05-27 15:56:07,PDV 04,31,3.0,8.9,26.7,Dinheiro,5102,0.18,4.81
15364,2026-05-28 19:03:56,PDV 06,31,3.0,8.9,26.7,Cartão Crédito,5102,0.18,4.81
15365,2026-05-29 11:20:57,PDV 04,31,2.0,8.9,17.8,PIX,5102,0.18,3.2
15366,2026-05-29 11:24:38,PDV 06,31,2.0,8.9,17.8,PIX,5102,0.18,3.2
15367,2026-05-30 20:00:05,PDV 01,31,2.0,8.9,17.8,Cartão Débito,5102,0.18,3.2
15368,2026-05-30 08:37:03,PDV 05,31,2.0,8.9,17.8,PIX,5102,0.18,3.2
15369,2026-05-31 09:35:28,PDV 05,31,2.0,8.9,17.8,Cartão Débito,5102,0.18,3.2
15370,2026-05-31 08:51:19,PDV 05,31,2.0,8.9,17.8,Dinheiro,5102,0.18,3.2
15371,2026-06-01 16:41:14,PDV 03,31,3.0,8.9,26.7,Cartão Crédito,5102,0.18,4.81
15372,2026-06-02 09:21:34,PDV 05,31,2.0,8.9,17.8,PIX,5102,0.18,3.2
15373,2026-06-02 17:43:03,PDV 05,31,1.0,8.9,8.9,Cartão Crédito,5102,0.18,1.6
15374,2026-06-03 12:45:14,PDV 06,31,3.0,8.9,26.7,Cartão Crédito,5102,0.18,4.81
15375,2026-06-04 09:15:49,PDV 04,31,1.0,8.9,8.9,Cartão Débito,5102,0.18,1.6
15376,2026-06-04 16:58:41,PDV 01,31,1.0,8.9,8.9,Cartão Crédito,5102,0.18,1.6
15377,2026-06-04 20:05:08,PDV 02,31,2.0,8.9,17.8,Cartão Crédito,5102,0.18,3.2
15378,2026-06-04 14:33:04,PDV 03,31,1.0,8.9,8.9,PIX,5102,0.18,1.6
15379,2026-06-05 20:29:57,PDV 06,31,2.0,8.9,17.8,Dinheiro,5102,0.18,3.2
15380,2026-06-05 20:29:54,PDV 01,31,2.0,8.9,17.8,PIX,5102,0.18,3.2
15381,2026-06-05 19:14:04,PDV 01,31,2.0,8.9,17.8,Cartão Débito,5102,0.18,3.2
15382,2026-06-06 18:35:13,PDV 06,31,2.0,8.9,17.8,PIX,5102,0.18,3.2
15383,2026-06-06 11:00:55,PDV 05,31,2.0,8.9,17.8,Cartão Crédito,5102,0.18,3.2
15384,2026-06-06 11:38:28,PDV 05,31,2.0,8.9,17.8,Cartão Crédito,5102,0.18,3.2
15385,2026-06-07 09:35:37,PDV 01,31,2.0,8.9,17.8,Cartão Crédito,5102,0.18,3.2
15386,2026-06-07 10:42:27,PDV 05,31,2.0,8.9,17.8,Cartão Débito,5102,0.18,3.2
15387,2026-06-08 19:55:22,PDV 06,31,2.0,8.9,17.8,Cartão Débito,5102,0.18,3.2
15388,2026-06-08 19:06:25,PDV 04,31,1.0,8.9,8.9,Cartão Crédito,5102,0.18,1.6
15389,2026-06-09 09:32:31,PDV 04,31,1.0,8.9,8.9,Cartão Débito,5102,0.18,1.6
15390,2026-06-09 10:42:33,PDV 05,31,1.0,8.9,8.9,PIX,5102,0.18,1.6
15391,2026-06-09 11:26:59,PDV 02,31,1.0,8.9,8.9,Cartão Crédito,5102,0.18,1.6
15392,2026-06-10 18:42:22,PDV 01,31,1.0,8.9,8.9,Cartão Débito,5102,0.18,1.6
15393,2026-06-10 18:25:56,PDV 06,31,1.0,8.9,8.9,Cartão Débito,5102,0.18,1.6
15394,2026-06-10 14:11:37,PDV 02,31,1.0,8.9,8.9,Cartão Débito,5102,0.18,1.6
15395,2026-06-11 14:28:32,PDV 06,31,2.0,8.9,17.8,Cartão Crédito,5102,0.18,3.2
15396,2026-06-11 17:44:44,PDV 02,31,1.0,8.9,8.9,Cartão Crédito,5102,0.18,1.6
15397,2026-06-12 09:25:52,PDV 03,31,1.0,8.9,8.9,Cartão Débito,5102,0.18,1.6
15398,2026-06-12 16:58:41,PDV 05,31,1.0,8.9,8.9,Cartão Crédito,5102,0.18,1.6
15399,2026-06-12 19:34:38,PDV 01,31,1.0,8.9,8.9,Cartão Crédito,5102,0.18,1.6
15400,2026-06-12 17:37:15,PDV 03,31,1.0,8.9,8.9,Cartão Crédito,5102,0.18,1.6
15401,2026-06-13 10:20:21,PDV 05,31,4.0,8.9,35.6,Cartão Crédito,5102,0.18,6.41
15402,2026-06-14 10:27:20,PDV 05,31,1.0,8.9,8.9,PIX,5102,0.18,1.6
15403,2026-06-14 14:18:01,PDV 05,31,1.0,8.9,8.9,PIX,5102,0.18,1.6
15404,2026-06-14 16:23:47,PDV 05,31,1.0,8.9,8.9,Cartão Débito,5102,0.18,1.6
15405,2026-06-14 08:59:04,PDV 06,31,1.0,8.9,8.9,Dinheiro,5102,0.18,1.6
15406,2026-06-15 12:07:49,PDV 04,31,2.0,8.9,17.8,Cartão Débito,5102,0.18,3.2
15407,2026-06-16 20:24:21,PDV 04,31,2.0,8.9,17.8,Cartão Crédito,5102,0.18,3.2
15408,2026-06-17 17:04:52,PDV 02,31,3.0,8.9,26.7,Cartão Crédito,5102,0.18,4.81
15409,2026-06-18 14:22:51,PDV 01,31,1.0,8.9,8.9,Cartão Crédito,5102,0.18,1.6
15410,2026-06-18 15:05:41,PDV 01,31,2.0,8.9,17.8,PIX,5102,0.18,3.2
15411,2026-06-18 12:33:27,PDV 01,31,1.0,8.9,8.9,Cartão Débito,5102,0.18,1.6
15412,2026-06-19 20:02:00,PDV 06,31,1.0,8.9,8.9,Cartão Crédito,5102,0.18,1.6
15413,2026-06-19 12:17:38,PDV 06,31,2.0,8.9,17.8,Cartão Crédito,5102,0.18,3.2
15414,2026-06-19 16:28:35,PDV 04,31,1.0,8.9,8.9,Cartão Débito,5102,0.18,1.6
15415,2026-06-20 08:40:14,PDV 06,31,1.0,8.9,8.9,Cartão Débito,5102,0.18,1.6
15416,2026-06-20 10:37:12,PDV 01,31,1.0,8.9,8.9,Cartão Débito,5102,0.18,1.6
15417,2026-06-20 19:56:09,PDV 03,31,2.0,8.9,17.8,Cartão Crédito,5102,0.18,3.2
15418,2026-06-20 09:41:32,PDV 04,31,1.0,8.9,8.9,PIX,5102,0.18,1.6
15419,2026-06-21 15:17:10,PDV 05,31,3.0,8.9,26.7,PIX,5102,0.18,4.81
15420,2026-06-22 08:25:42,PDV 06,31,2.0,8.9,17.8,Cartão Crédito,5102,0.18,3.2
15421,2026-06-23 10:11:10,PDV 02,31,2.0,8.9,17.8,PIX,5102,0.18,3.2
15422,2026-06-24 14:38:13,PDV 01,31,2.0,8.9,17.8,Cartão Crédito,5102,0.18,3.2
15423,2026-06-25 14:10:56,PDV 01,31,4.0,8.9,35.6,Cartão Débito,5102,0.18,6.41
15424,2026-06-26 18:12:01,PDV 02,31,1.0,8.9,8.9,PIX,5102,0.18,1.6
15425,2026-06-26 20:11:57,PDV 04,31,1.0,8.9,8.9,Cartão Crédito,5102,0.18,1.6
15426,2026-06-26 14:08:16,PDV 06,31,1.0,8.9,8.9,PIX,5102,0.18,1.6
15427,2026-06-26 15:23:15,PDV 04,31,1.0,8.9,8.9,Dinheiro,5102,0.18,1.6
15428,2026-06-27 08:44:51,PDV 03,31,2.0,8.9,17.8,Cartão Crédito,5102,0.18,3.2
15429,2026-06-27 20:44:05,PDV 06,31,2.0,8.9,17.8,PIX,5102,0.18,3.2
15430,2026-06-27 12:25:42,PDV 05,31,1.0,8.9,8.9,Cartão Débito,5102,0.18,1.6
15431,2026-06-28 18:49:58,PDV 04,31,2.0,8.9,17.8,Cartão Débito,5102,0.18,3.2
15432,2026-06-28 19:24:34,PDV 04,31,1.0,8.9,8.9,PIX,5102,0.18,1.6
15433,2026-06-29 13:41:19,PDV 03,31,1.0,8.9,8.9,Dinheiro,5102,0.18,1.6
15434,2026-04-01 08:42:11,PDV 05,32,2.0,2.0,4.0,Cartão Débito,5102,0.18,0.72
15435,2026-04-01 11:21:14,PDV 01,32,2.0,2.0,4.0,Cartão Débito,5102,0.18,0.72
15436,2026-04-01 15:38:16,PDV 06,32,3.0,2.0,6.0,Cartão Crédito,5102,0.18,1.08
15437,2026-04-02 11:48:31,PDV 05,32,5.0,2.0,10.0,PIX,5102,0.18,1.8
15438,2026-04-02 20:21:12,PDV 01,32,5.0,2.0,10.0,PIX,5102,0.18,1.8
15439,2026-04-03 09:09:15,PDV 06,32,12.0,2.0,24.0,Cartão Débito,5102,0.18,4.32
15440,2026-04-04 12:55:10,PDV 04,32,13.0,2.0,26.0,Cartão Débito,5102,0.18,4.68
15441,2026-04-05 12:09:35,PDV 04,32,2.0,2.0,4.0,PIX,5102,0.18,0.72
15442,2026-04-05 14:57:11,PDV 06,32,3.0,2.0,6.0,Cartão Débito,5102,0.18,1.08
15443,2026-04-05 19:03:33,PDV 03,32,2.0,2.0,4.0,Cartão Crédito,5102,0.18,0.72
15444,2026-04-05 16:12:35,PDV 06,32,3.0,2.0,6.0,Cartão Crédito,5102,0.18,1.08
15445,2026-04-06 12:21:05,PDV 03,32,3.0,2.0,6.0,Cartão Crédito,5102,0.18,1.08
15446,2026-04-06 14:02:51,PDV 05,32,2.0,2.0,4.0,PIX,5102,0.18,0.72
15447,2026-04-06 18:05:37,PDV 02,32,3.0,2.0,6.0,Cartão Débito,5102,0.18,1.08
15448,2026-04-07 15:42:57,PDV 03,32,8.0,2.0,16.0,Cartão Débito,5102,0.18,2.88
15449,2026-04-08 13:48:43,PDV 02,32,3.0,2.0,6.0,Cartão Crédito,5102,0.18,1.08
15450,2026-04-08 19:02:59,PDV 04,32,3.0,2.0,6.0,Cartão Débito,5102,0.18,1.08
15451,2026-04-08 10:34:54,PDV 01,32,3.0,2.0,6.0,Cartão Crédito,5102,0.18,1.08
15452,2026-04-09 11:28:16,PDV 04,32,5.0,2.0,10.0,Cartão Débito,5102,0.18,1.8
15453,2026-04-09 10:54:05,PDV 06,32,5.0,2.0,10.0,Cartão Débito,5102,0.18,1.8
15454,2026-04-10 13:27:46,PDV 06,32,4.0,2.0,8.0,PIX,5102,0.18,1.44
15455,2026-04-10 19:10:48,PDV 04,32,4.0,2.0,8.0,Cartão Débito,5102,0.18,1.44
15456,2026-04-10 09:11:48,PDV 04,32,4.0,2.0,8.0,Cartão Débito,5102,0.18,1.44
15457,2026-04-10 12:33:07,PDV 05,32,3.0,2.0,6.0,Dinheiro,5102,0.18,1.08
15458,2026-04-11 14:10:00,PDV 05,32,2.0,2.0,4.0,Cartão Crédito,5102,0.18,0.72
15459,2026-04-11 08:27:36,PDV 02,32,3.0,2.0,6.0,Cartão Débito,5102,0.18,1.08
15460,2026-04-11 14:15:01,PDV 02,32,2.0,2.0,4.0,Dinheiro,5102,0.18,0.72
15461,2026-04-11 17:21:04,PDV 04,32,3.0,2.0,6.0,Cartão Crédito,5102,0.18,1.08
15462,2026-04-12 12:21:02,PDV 06,32,9.0,2.0,18.0,Cartão Débito,5102,0.18,3.24
15463,2026-04-13 10:58:43,PDV 06,32,3.0,2.0,6.0,Cartão Crédito,5102,0.18,1.08
15464,2026-04-13 15:14:43,PDV 01,32,3.0,2.0,6.0,Dinheiro,5102,0.18,1.08
15465,2026-04-14 12:50:14,PDV 05,32,3.0,2.0,6.0,Dinheiro,5102,0.18,1.08
15466,2026-04-14 16:02:19,PDV 05,32,3.0,2.0,6.0,Cartão Débito,5102,0.18,1.08
15467,2026-04-15 18:18:41,PDV 02,32,6.0,2.0,12.0,Cartão Débito,5102,0.18,2.16
15468,2026-04-16 17:52:15,PDV 04,32,3.0,2.0,6.0,Cartão Débito,5102,0.18,1.08
15469,2026-04-16 08:54:43,PDV 02,32,3.0,2.0,6.0,Cartão Crédito,5102,0.18,1.08
15470,2026-04-16 20:46:15,PDV 01,32,3.0,2.0,6.0,Cartão Débito,5102,0.18,1.08
15471,2026-04-17 15:23:49,PDV 03,32,5.0,2.0,10.0,Cartão Crédito,5102,0.18,1.8
15472,2026-04-17 15:11:38,PDV 05,32,5.0,2.0,10.0,Cartão Débito,5102,0.18,1.8
15473,2026-04-18 12:37:01,PDV 06,32,4.0,2.0,8.0,Cartão Débito,5102,0.18,1.44
15474,2026-04-18 12:12:57,PDV 01,32,4.0,2.0,8.0,Cartão Crédito,5102,0.18,1.44
15475,2026-04-18 19:12:41,PDV 03,32,4.0,2.0,8.0,Cartão Débito,5102,0.18,1.44
15476,2026-04-19 11:58:50,PDV 01,32,3.0,2.0,6.0,PIX,5102,0.18,1.08
15477,2026-04-19 18:41:54,PDV 02,32,2.0,2.0,4.0,Cartão Crédito,5102,0.18,0.72
15478,2026-04-19 17:30:30,PDV 01,32,3.0,2.0,6.0,Cartão Crédito,5102,0.18,1.08
15479,2026-04-20 13:01:26,PDV 02,32,6.0,2.0,12.0,Cartão Crédito,5102,0.18,2.16
15480,2026-04-21 18:59:29,PDV 05,32,6.0,2.0,12.0,Cartão Débito,5102,0.18,2.16
15481,2026-04-22 20:04:58,PDV 04,32,2.0,2.0,4.0,Cartão Débito,5102,0.18,0.72
15482,2026-04-22 10:32:07,PDV 04,32,2.0,2.0,4.0,Cartão Débito,5102,0.18,0.72
15483,2026-04-22 17:05:47,PDV 01,32,2.0,2.0,4.0,Cartão Crédito,5102,0.18,0.72
15484,2026-04-23 11:52:39,PDV 02,32,2.0,2.0,4.0,Cartão Débito,5102,0.18,0.72
15485,2026-04-23 17:35:15,PDV 04,32,2.0,2.0,4.0,Cartão Crédito,5102,0.18,0.72
15486,2026-04-23 09:50:20,PDV 04,32,2.0,2.0,4.0,Cartão Débito,5102,0.18,0.72
15487,2026-04-23 15:27:49,PDV 04,32,2.0,2.0,4.0,Cartão Débito,5102,0.18,0.72
15488,2026-04-24 13:08:36,PDV 05,32,11.0,2.0,22.0,Cartão Crédito,5102,0.18,3.96
15489,2026-04-25 08:28:41,PDV 03,32,3.0,2.0,6.0,Cartão Débito,5102,0.18,1.08
15490,2026-04-25 17:47:39,PDV 06,32,3.0,2.0,6.0,Cartão Débito,5102,0.18,1.08
15491,2026-04-25 11:03:16,PDV 03,32,2.0,2.0,4.0,Cartão Débito,5102,0.18,0.72
15492,2026-04-25 08:51:11,PDV 01,32,3.0,2.0,6.0,Cartão Débito,5102,0.18,1.08
15493,2026-04-26 19:51:33,PDV 02,32,2.0,2.0,4.0,Cartão Crédito,5102,0.18,0.72
15494,2026-04-26 16:39:02,PDV 02,32,2.0,2.0,4.0,Cartão Crédito,5102,0.18,0.72
15495,2026-04-26 12:40:22,PDV 01,32,2.0,2.0,4.0,Cartão Débito,5102,0.18,0.72
15496,2026-04-26 13:32:25,PDV 04,32,2.0,2.0,4.0,PIX,5102,0.18,0.72
15497,2026-04-27 11:41:49,PDV 01,32,6.0,2.0,12.0,Cartão Débito,5102,0.18,2.16
15498,2026-04-28 12:26:43,PDV 06,32,3.0,2.0,6.0,Cartão Crédito,5102,0.18,1.08
15499,2026-04-28 13:19:40,PDV 01,32,3.0,2.0,6.0,Cartão Crédito,5102,0.18,1.08
15500,2026-04-29 11:50:27,PDV 05,32,3.0,2.0,6.0,Cartão Crédito,5102,0.18,1.08
15501,2026-04-29 08:04:56,PDV 02,32,3.0,2.0,6.0,PIX,5102,0.18,1.08
15502,2026-04-30 15:11:04,PDV 01,32,4.0,2.0,8.0,PIX,5102,0.18,1.44
15503,2026-04-30 13:06:15,PDV 02,32,5.0,2.0,10.0,Cartão Débito,5102,0.18,1.8
15504,2026-05-01 09:34:19,PDV 02,32,15.0,2.0,30.0,Cartão Débito,5102,0.18,5.4
15505,2026-05-02 11:34:42,PDV 05,32,13.0,2.0,26.0,Cartão Débito,5102,0.18,4.68
15506,2026-05-03 10:02:49,PDV 05,32,6.0,2.0,12.0,Cartão Crédito,5102,0.18,2.16
15507,2026-05-03 18:46:04,PDV 06,32,5.0,2.0,10.0,Cartão Débito,5102,0.18,1.8
15508,2026-05-04 19:49:40,PDV 04,32,7.0,2.0,14.0,Cartão Débito,5102,0.18,2.52
15509,2026-05-05 11:34:36,PDV 06,32,8.0,2.0,16.0,Cartão Crédito,5102,0.18,2.88
15510,2026-05-06 18:44:30,PDV 02,32,8.0,2.0,16.0,Cartão Crédito,5102,0.18,2.88
15511,2026-05-07 15:47:32,PDV 05,32,10.0,2.0,20.0,Cartão Crédito,5102,0.18,3.6
15512,2026-05-08 14:30:11,PDV 01,32,4.0,2.0,8.0,Cartão Débito,5102,0.18,1.44
15513,2026-05-08 13:08:05,PDV 03,32,4.0,2.0,8.0,Cartão Crédito,5102,0.18,1.44
15514,2026-05-08 09:49:03,PDV 04,32,4.0,2.0,8.0,Dinheiro,5102,0.18,1.44
15515,2026-05-08 15:07:27,PDV 02,32,3.0,2.0,6.0,Cartão Débito,5102,0.18,1.08
15516,2026-05-09 20:01:50,PDV 06,32,5.0,2.0,10.0,Cartão Crédito,5102,0.18,1.8
15517,2026-05-09 17:20:06,PDV 02,32,4.0,2.0,8.0,Cartão Débito,5102,0.18,1.44
15518,2026-05-09 08:33:23,PDV 01,32,5.0,2.0,10.0,PIX,5102,0.18,1.8
15519,2026-05-10 17:16:51,PDV 06,32,12.0,2.0,24.0,Cartão Débito,5102,0.18,4.32
15520,2026-05-11 13:26:38,PDV 04,32,2.0,2.0,4.0,Cartão Débito,5102,0.18,0.72
15521,2026-05-11 14:22:21,PDV 04,32,2.0,2.0,4.0,PIX,5102,0.18,0.72
15522,2026-05-11 17:11:29,PDV 04,32,3.0,2.0,6.0,Cartão Crédito,5102,0.18,1.08
15523,2026-05-12 15:28:46,PDV 06,32,3.0,2.0,6.0,PIX,5102,0.18,1.08
15524,2026-05-12 19:48:43,PDV 05,32,3.0,2.0,6.0,Cartão Crédito,5102,0.18,1.08
15525,2026-05-13 14:15:37,PDV 03,32,4.0,2.0,8.0,Cartão Crédito,5102,0.18,1.44
15526,2026-05-13 10:47:25,PDV 04,32,3.0,2.0,6.0,Dinheiro,5102,0.18,1.08
15527,2026-05-14 16:14:01,PDV 03,32,2.0,2.0,4.0,Cartão Débito,5102,0.18,0.72
15528,2026-05-14 11:29:06,PDV 02,32,2.0,2.0,4.0,Cartão Crédito,5102,0.18,0.72
15529,2026-05-14 16:30:47,PDV 03,32,2.0,2.0,4.0,PIX,5102,0.18,0.72
15530,2026-05-14 08:10:46,PDV 02,32,2.0,2.0,4.0,Cartão Débito,5102,0.18,0.72
15531,2026-05-15 18:24:04,PDV 03,32,3.0,2.0,6.0,Cartão Débito,5102,0.18,1.08
15532,2026-05-15 14:56:24,PDV 02,32,4.0,2.0,8.0,Cartão Crédito,5102,0.18,1.44
15533,2026-05-15 11:46:13,PDV 01,32,3.0,2.0,6.0,Cartão Débito,5102,0.18,1.08
15534,2026-05-16 09:51:29,PDV 04,32,12.0,2.0,24.0,PIX,5102,0.18,4.32
15535,2026-05-17 10:40:42,PDV 01,32,3.0,2.0,6.0,Cartão Débito,5102,0.18,1.08
15536,2026-05-17 12:32:14,PDV 01,32,2.0,2.0,4.0,Cartão Crédito,5102,0.18,0.72
15537,2026-05-17 16:47:26,PDV 02,32,3.0,2.0,6.0,PIX,5102,0.18,1.08
15538,2026-05-18 12:30:01,PDV 03,32,2.0,2.0,4.0,Cartão Débito,5102,0.18,0.72
15539,2026-05-18 14:34:36,PDV 04,32,2.0,2.0,4.0,Cartão Crédito,5102,0.18,0.72
15540,2026-05-18 15:59:01,PDV 02,32,2.0,2.0,4.0,Cartão Débito,5102,0.18,0.72
15541,2026-05-18 16:49:14,PDV 01,32,1.0,2.0,2.0,Cartão Débito,5102,0.18,0.36
15542,2026-05-19 15:43:38,PDV 06,32,3.0,2.0,6.0,Cartão Débito,5102,0.18,1.08
15543,2026-05-19 19:14:44,PDV 01,32,3.0,2.0,6.0,PIX,5102,0.18,1.08
15544,2026-05-20 19:09:49,PDV 06,32,3.0,2.0,6.0,Dinheiro,5102,0.18,1.08
15545,2026-05-20 17:07:42,PDV 06,32,3.0,2.0,6.0,Cartão Débito,5102,0.18,1.08
15546,2026-05-21 14:21:38,PDV 02,32,8.0,2.0,16.0,Cartão Débito,5102,0.18,2.88
15547,2026-05-22 12:03:24,PDV 06,32,12.0,2.0,24.0,Dinheiro,5102,0.18,4.32
15548,2026-05-23 17:06:05,PDV 05,32,6.0,2.0,12.0,Cartão Crédito,5102,0.18,2.16
15549,2026-05-23 10:32:10,PDV 03,32,6.0,2.0,12.0,Cartão Crédito,5102,0.18,2.16
15550,2026-05-24 08:05:34,PDV 01,32,4.0,2.0,8.0,Cartão Crédito,5102,0.18,1.44
15551,2026-05-24 17:49:25,PDV 06,32,4.0,2.0,8.0,Cartão Débito,5102,0.18,1.44
15552,2026-05-25 13:43:28,PDV 05,32,1.0,2.0,2.0,Cartão Crédito,5102,0.18,0.36
15553,2026-05-25 20:53:46,PDV 05,32,1.0,2.0,2.0,Cartão Crédito,5102,0.18,0.36
15554,2026-05-25 17:30:57,PDV 03,32,2.0,2.0,4.0,Cartão Crédito,5102,0.18,0.72
15555,2026-05-25 15:39:38,PDV 01,32,1.0,2.0,2.0,Cartão Débito,5102,0.18,0.36
15556,2026-05-26 09:31:07,PDV 01,32,4.0,2.0,8.0,Cartão Débito,5102,0.18,1.44
15557,2026-05-26 14:50:21,PDV 04,32,3.0,2.0,6.0,Cartão Débito,5102,0.18,1.08
15558,2026-05-27 16:39:34,PDV 06,32,5.0,2.0,10.0,Cartão Débito,5102,0.18,1.8
15559,2026-05-28 14:04:31,PDV 02,32,8.0,2.0,16.0,Cartão Crédito,5102,0.18,2.88
15560,2026-05-29 14:55:15,PDV 01,32,3.0,2.0,6.0,Dinheiro,5102,0.18,1.08
15561,2026-05-29 11:53:06,PDV 02,32,4.0,2.0,8.0,Cartão Crédito,5102,0.18,1.44
15562,2026-05-29 13:53:22,PDV 04,32,3.0,2.0,6.0,PIX,5102,0.18,1.08
15563,2026-05-30 09:26:38,PDV 03,32,3.0,2.0,6.0,Cartão Crédito,5102,0.18,1.08
15564,2026-05-30 11:31:58,PDV 05,32,3.0,2.0,6.0,Cartão Crédito,5102,0.18,1.08
15565,2026-05-30 09:36:53,PDV 02,32,2.0,2.0,4.0,Cartão Crédito,5102,0.18,0.72
15566,2026-05-30 19:45:37,PDV 06,32,3.0,2.0,6.0,Cartão Crédito,5102,0.18,1.08
15567,2026-05-31 14:33:10,PDV 06,32,9.0,2.0,18.0,Cartão Débito,5102,0.18,3.24
15568,2026-06-01 18:52:00,PDV 04,32,4.0,2.0,8.0,Cartão Débito,5102,0.18,1.44
15569,2026-06-01 15:22:12,PDV 06,32,3.0,2.0,6.0,Cartão Crédito,5102,0.18,1.08
15570,2026-06-02 14:14:51,PDV 06,32,8.0,2.0,16.0,Cartão Débito,5102,0.18,2.88
15571,2026-06-03 20:53:15,PDV 01,32,7.0,2.0,14.0,Cartão Crédito,5102,0.18,2.52
15572,2026-06-04 12:37:02,PDV 01,32,4.0,2.0,8.0,Cartão Débito,5102,0.18,1.44
15573,2026-06-04 17:53:03,PDV 02,32,4.0,2.0,8.0,Cartão Crédito,5102,0.18,1.44
15574,2026-06-04 10:38:22,PDV 06,32,4.0,2.0,8.0,Cartão Débito,5102,0.18,1.44
15575,2026-06-05 16:14:21,PDV 06,32,5.0,2.0,10.0,Cartão Crédito,5102,0.18,1.8
15576,2026-06-05 11:43:38,PDV 05,32,5.0,2.0,10.0,Cartão Crédito,5102,0.18,1.8
15577,2026-06-05 09:09:30,PDV 03,32,5.0,2.0,10.0,Dinheiro,5102,0.18,1.8
15578,2026-06-06 17:40:09,PDV 02,32,8.0,2.0,16.0,Dinheiro,5102,0.18,2.88
15579,2026-06-06 20:57:21,PDV 01,32,7.0,2.0,14.0,Cartão Crédito,5102,0.18,2.52
15580,2026-06-07 09:53:38,PDV 06,32,4.0,2.0,8.0,Cartão Crédito,5102,0.18,1.44
15581,2026-06-07 13:35:56,PDV 01,32,4.0,2.0,8.0,Cartão Crédito,5102,0.18,1.44
15582,2026-06-07 12:53:31,PDV 04,32,3.0,2.0,6.0,PIX,5102,0.18,1.08
15583,2026-06-08 19:11:45,PDV 02,32,8.0,2.0,16.0,Cartão Crédito,5102,0.18,2.88
15584,2026-06-09 09:44:34,PDV 04,32,8.0,2.0,16.0,Cartão Débito,5102,0.18,2.88
15585,2026-06-10 13:16:06,PDV 02,32,3.0,2.0,6.0,Cartão Crédito,5102,0.18,1.08
15586,2026-06-10 16:16:20,PDV 02,32,3.0,2.0,6.0,Cartão Débito,5102,0.18,1.08
15587,2026-06-10 14:13:49,PDV 01,32,3.0,2.0,6.0,Cartão Crédito,5102,0.18,1.08
15588,2026-06-11 20:51:30,PDV 05,32,9.0,2.0,18.0,Cartão Débito,5102,0.18,3.24
15589,2026-06-12 20:39:02,PDV 06,32,3.0,2.0,6.0,Cartão Crédito,5102,0.18,1.08
15590,2026-06-12 19:42:19,PDV 03,32,4.0,2.0,8.0,PIX,5102,0.18,1.44
15591,2026-06-12 17:34:29,PDV 02,32,3.0,2.0,6.0,Cartão Crédito,5102,0.18,1.08
15592,2026-06-13 16:47:39,PDV 05,32,12.0,2.0,24.0,PIX,5102,0.18,4.32
15593,2026-06-14 15:30:40,PDV 02,32,8.0,2.0,16.0,Cartão Débito,5102,0.18,2.88
15594,2026-06-15 14:25:32,PDV 01,32,7.0,2.0,14.0,Cartão Débito,5102,0.18,2.52
15595,2026-06-16 11:39:30,PDV 02,32,4.0,2.0,8.0,Dinheiro,5102,0.18,1.44
15596,2026-06-16 15:01:30,PDV 06,32,3.0,2.0,6.0,Cartão Débito,5102,0.18,1.08
15597,2026-06-17 18:14:45,PDV 03,32,2.0,2.0,4.0,Dinheiro,5102,0.18,0.72
15598,2026-06-17 19:58:11,PDV 03,32,2.0,2.0,4.0,Cartão Débito,5102,0.18,0.72
15599,2026-06-17 10:41:10,PDV 06,32,2.0,2.0,4.0,PIX,5102,0.18,0.72
15600,2026-06-17 12:06:44,PDV 05,32,1.0,2.0,2.0,Cartão Crédito,5102,0.18,0.36
15601,2026-06-18 20:51:03,PDV 04,32,5.0,2.0,10.0,Cartão Crédito,5102,0.18,1.8
15602,2026-06-18 11:11:46,PDV 02,32,5.0,2.0,10.0,Cartão Crédito,5102,0.18,1.8
15603,2026-06-19 08:06:57,PDV 05,32,3.0,2.0,6.0,Cartão Débito,5102,0.18,1.08
15604,2026-06-19 20:19:18,PDV 03,32,3.0,2.0,6.0,Cartão Débito,5102,0.18,1.08
15605,2026-06-19 20:35:55,PDV 03,32,3.0,2.0,6.0,Cartão Débito,5102,0.18,1.08
15606,2026-06-20 10:44:17,PDV 02,32,11.0,2.0,22.0,PIX,5102,0.18,3.96
15607,2026-06-21 08:44:38,PDV 03,32,2.0,2.0,4.0,Cartão Crédito,5102,0.18,0.72
15608,2026-06-21 13:44:57,PDV 01,32,2.0,2.0,4.0,Cartão Débito,5102,0.18,0.72
15609,2026-06-21 19:32:27,PDV 06,32,3.0,2.0,6.0,Cartão Débito,5102,0.18,1.08
15610,2026-06-22 14:17:00,PDV 05,32,2.0,2.0,4.0,PIX,5102,0.18,0.72
15611,2026-06-22 12:06:19,PDV 04,32,2.0,2.0,4.0,Cartão Débito,5102,0.18,0.72
15612,2026-06-22 17:34:39,PDV 06,32,2.0,2.0,4.0,Cartão Débito,5102,0.18,0.72
15613,2026-06-23 15:02:20,PDV 03,32,3.0,2.0,6.0,PIX,5102,0.18,1.08
15614,2026-06-23 10:19:53,PDV 03,32,3.0,2.0,6.0,Dinheiro,5102,0.18,1.08
15615,2026-06-24 16:58:52,PDV 02,32,7.0,2.0,14.0,Cartão Débito,5102,0.18,2.52
15616,2026-06-25 18:57:52,PDV 01,32,8.0,2.0,16.0,Cartão Débito,5102,0.18,2.88
15617,2026-06-26 13:24:20,PDV 05,32,4.0,2.0,8.0,Cartão Débito,5102,0.18,1.44
15618,2026-06-26 19:36:37,PDV 02,32,5.0,2.0,10.0,Cartão Débito,5102,0.18,1.8
15619,2026-06-27 11:30:24,PDV 06,32,5.0,2.0,10.0,Cartão Débito,5102,0.18,1.8
15620,2026-06-27 17:42:59,PDV 04,32,5.0,2.0,10.0,Cartão Crédito,5102,0.18,1.8
15621,2026-06-28 17:22:14,PDV 02,32,4.0,2.0,8.0,Cartão Crédito,5102,0.18,1.44
15622,2026-06-28 09:36:16,PDV 01,32,5.0,2.0,10.0,PIX,5102,0.18,1.8
15623,2026-06-29 17:43:01,PDV 05,32,2.0,2.0,4.0,PIX,5102,0.18,0.72
15624,2026-06-29 20:50:19,PDV 02,32,2.0,2.0,4.0,Cartão Débito,5102,0.18,0.72
15625,2026-04-01 09:05:01,PDV 02,33,3.0,3.69,11.07,PIX,5102,0.18,1.99
15626,2026-04-01 12:50:45,PDV 04,33,3.0,3.69,11.07,Cartão Débito,5102,0.18,1.99
15627,2026-04-01 14:30:53,PDV 03,33,4.0,3.69,14.76,Cartão Crédito,5102,0.18,2.66
15628,2026-04-01 19:20:00,PDV 06,33,3.0,3.69,11.07,Cartão Débito,5102,0.18,1.99
15629,2026-04-02 08:43:06,PDV 04,33,4.0,3.69,14.76,Cartão Crédito,5102,0.18,2.66
15630,2026-04-02 12:16:36,PDV 06,33,4.0,3.69,14.76,Cartão Crédito,5102,0.18,2.66
15631,2026-04-02 11:18:44,PDV 02,33,4.0,3.69,14.76,Dinheiro,5102,0.18,2.66
15632,2026-04-02 13:39:56,PDV 06,33,3.0,3.69,11.07,Dinheiro,5102,0.18,1.99
15633,2026-04-03 08:56:59,PDV 03,33,6.0,3.69,22.14,Cartão Débito,5102,0.18,3.99
15634,2026-04-03 08:41:21,PDV 04,33,6.0,3.69,22.14,Cartão Crédito,5102,0.18,3.99
15635,2026-04-03 19:36:50,PDV 02,33,6.0,3.69,22.14,Cartão Crédito,5102,0.18,3.99
15636,2026-04-04 08:08:52,PDV 06,33,7.0,3.69,25.83,Cartão Crédito,5102,0.18,4.65
15637,2026-04-04 12:57:11,PDV 05,33,7.0,3.69,25.83,Cartão Crédito,5102,0.18,4.65
15638,2026-04-04 15:53:44,PDV 05,33,7.0,3.69,25.83,Cartão Crédito,5102,0.18,4.65
15639,2026-04-05 20:28:07,PDV 03,33,5.0,3.69,18.45,Dinheiro,5102,0.18,3.32
15640,2026-04-05 10:21:03,PDV 06,33,5.0,3.69,18.45,PIX,5102,0.18,3.32
15641,2026-04-05 16:20:55,PDV 06,33,5.0,3.69,18.45,Dinheiro,5102,0.18,3.32
15642,2026-04-06 19:11:48,PDV 04,33,4.0,3.69,14.76,PIX,5102,0.18,2.66
15643,2026-04-06 12:32:50,PDV 01,33,3.0,3.69,11.07,Cartão Crédito,5102,0.18,1.99
15644,2026-04-06 20:48:15,PDV 05,33,4.0,3.69,14.76,Cartão Crédito,5102,0.18,2.66
15645,2026-04-06 17:15:48,PDV 06,33,3.0,3.69,11.07,Cartão Crédito,5102,0.18,1.99
15646,2026-04-07 18:24:12,PDV 03,33,12.0,3.69,44.28,Cartão Crédito,5102,0.18,7.97
15647,2026-04-08 08:46:53,PDV 01,33,6.0,3.69,22.14,Cartão Débito,5102,0.18,3.99
15648,2026-04-08 09:54:48,PDV 02,33,5.0,3.69,18.45,Cartão Crédito,5102,0.18,3.32
15649,2026-04-09 17:21:05,PDV 05,33,5.0,3.69,18.45,Cartão Crédito,5102,0.18,3.32
15650,2026-04-09 08:48:18,PDV 06,33,5.0,3.69,18.45,Dinheiro,5102,0.18,3.32
15651,2026-04-09 13:09:58,PDV 06,33,4.0,3.69,14.76,Cartão Crédito,5102,0.18,2.66
15652,2026-04-09 13:33:24,PDV 04,33,5.0,3.69,18.45,Cartão Débito,5102,0.18,3.32
15653,2026-04-10 14:20:26,PDV 02,33,12.0,3.69,44.28,Cartão Débito,5102,0.18,7.97
15654,2026-04-10 11:47:27,PDV 02,33,11.0,3.69,40.59,Cartão Débito,5102,0.18,7.31
15655,2026-04-11 11:40:38,PDV 03,33,6.0,3.69,22.14,Cartão Crédito,5102,0.18,3.99
15656,2026-04-11 20:38:24,PDV 06,33,6.0,3.69,22.14,Cartão Crédito,5102,0.18,3.99
15657,2026-04-11 11:14:06,PDV 05,33,5.0,3.69,18.45,Cartão Débito,5102,0.18,3.32
15658,2026-04-12 11:14:23,PDV 04,33,6.0,3.69,22.14,Cartão Crédito,5102,0.18,3.99
15659,2026-04-12 09:30:45,PDV 06,33,7.0,3.69,25.83,Dinheiro,5102,0.18,4.65
15660,2026-04-13 11:53:07,PDV 04,33,2.0,3.69,7.38,Cartão Débito,5102,0.18,1.33
15661,2026-04-13 13:29:29,PDV 04,33,2.0,3.69,7.38,Cartão Débito,5102,0.18,1.33
15662,2026-04-13 14:56:08,PDV 04,33,2.0,3.69,7.38,Cartão Débito,5102,0.18,1.33
15663,2026-04-13 14:28:34,PDV 03,33,3.0,3.69,11.07,Cartão Crédito,5102,0.18,1.99
15664,2026-04-14 15:16:50,PDV 04,33,2.0,3.69,7.38,Dinheiro,5102,0.18,1.33
15665,2026-04-14 13:39:17,PDV 06,33,2.0,3.69,7.38,Cartão Débito,5102,0.18,1.33
15666,2026-04-14 11:18:53,PDV 05,33,2.0,3.69,7.38,Cartão Crédito,5102,0.18,1.33
15667,2026-04-14 10:37:22,PDV 02,33,3.0,3.69,11.07,Cartão Crédito,5102,0.18,1.99
15668,2026-04-15 20:16:56,PDV 01,33,2.0,3.69,7.38,Dinheiro,5102,0.18,1.33
15669,2026-04-15 20:15:30,PDV 04,33,3.0,3.69,11.07,Cartão Crédito,5102,0.18,1.99
15670,2026-04-15 16:30:18,PDV 01,33,2.0,3.69,7.38,Cartão Débito,5102,0.18,1.33
15671,2026-04-15 10:01:55,PDV 04,33,3.0,3.69,11.07,Cartão Crédito,5102,0.18,1.99
15672,2026-04-16 09:19:38,PDV 04,33,5.0,3.69,18.45,Cartão Débito,5102,0.18,3.32
15673,2026-04-16 12:05:04,PDV 03,33,6.0,3.69,22.14,PIX,5102,0.18,3.99
15674,2026-04-16 20:13:41,PDV 02,33,5.0,3.69,18.45,Cartão Débito,5102,0.18,3.32
15675,2026-04-17 20:02:41,PDV 06,33,19.0,3.69,70.11,Cartão Débito,5102,0.18,12.62
15676,2026-04-18 19:02:50,PDV 04,33,6.0,3.69,22.14,Cartão Débito,5102,0.18,3.99
15677,2026-04-18 13:46:32,PDV 02,33,6.0,3.69,22.14,Cartão Débito,5102,0.18,3.99
15678,2026-04-18 12:46:16,PDV 03,33,5.0,3.69,18.45,Cartão Débito,5102,0.18,3.32
15679,2026-04-19 18:42:27,PDV 03,33,5.0,3.69,18.45,Cartão Débito,5102,0.18,3.32
15680,2026-04-19 10:58:12,PDV 06,33,5.0,3.69,18.45,Cartão Débito,5102,0.18,3.32
15681,2026-04-19 14:27:02,PDV 06,33,5.0,3.69,18.45,Cartão Crédito,5102,0.18,3.32
15682,2026-04-20 08:16:29,PDV 01,33,9.0,3.69,33.21,PIX,5102,0.18,5.98
15683,2026-04-21 09:03:47,PDV 02,33,9.0,3.69,33.21,PIX,5102,0.18,5.98
15684,2026-04-22 14:04:05,PDV 05,33,3.0,3.69,11.07,Cartão Crédito,5102,0.18,1.99
15685,2026-04-22 17:32:36,PDV 05,33,4.0,3.69,14.76,Cartão Crédito,5102,0.18,2.66
15686,2026-04-22 13:05:05,PDV 05,33,3.0,3.69,11.07,Cartão Débito,5102,0.18,1.99
15687,2026-04-23 16:13:47,PDV 04,33,5.0,3.69,18.45,PIX,5102,0.18,3.32
15688,2026-04-23 12:25:27,PDV 01,33,5.0,3.69,18.45,Cartão Débito,5102,0.18,3.32
15689,2026-04-23 12:30:28,PDV 04,33,5.0,3.69,18.45,Dinheiro,5102,0.18,3.32
15690,2026-04-24 16:31:42,PDV 01,33,5.0,3.69,18.45,Cartão Débito,5102,0.18,3.32
15691,2026-04-24 15:46:37,PDV 04,33,5.0,3.69,18.45,Cartão Débito,5102,0.18,3.32
15692,2026-04-24 18:54:50,PDV 04,33,4.0,3.69,14.76,Cartão Crédito,5102,0.18,2.66
15693,2026-04-24 10:45:39,PDV 01,33,5.0,3.69,18.45,Cartão Crédito,5102,0.18,3.32
15694,2026-04-25 13:25:21,PDV 05,33,8.0,3.69,29.52,Cartão Crédito,5102,0.18,5.31
15695,2026-04-25 08:33:41,PDV 05,33,8.0,3.69,29.52,Cartão Débito,5102,0.18,5.31
15696,2026-04-26 19:14:44,PDV 02,33,6.0,3.69,22.14,Cartão Débito,5102,0.18,3.99
15697,2026-04-26 10:36:45,PDV 02,33,7.0,3.69,25.83,Cartão Crédito,5102,0.18,4.65
15698,2026-04-27 08:20:17,PDV 04,33,3.0,3.69,11.07,Cartão Crédito,5102,0.18,1.99
15699,2026-04-27 17:34:27,PDV 02,33,4.0,3.69,14.76,Dinheiro,5102,0.18,2.66
15700,2026-04-27 09:16:03,PDV 03,33,3.0,3.69,11.07,Cartão Débito,5102,0.18,1.99
15701,2026-04-28 16:24:24,PDV 01,33,10.0,3.69,36.9,Cartão Débito,5102,0.18,6.64
15702,2026-04-29 15:55:15,PDV 02,33,4.0,3.69,14.76,Cartão Crédito,5102,0.18,2.66
15703,2026-04-29 09:16:29,PDV 06,33,4.0,3.69,14.76,Cartão Crédito,5102,0.18,2.66
15704,2026-04-29 13:10:16,PDV 04,33,3.0,3.69,11.07,Cartão Débito,5102,0.18,1.99
15705,2026-04-30 10:00:12,PDV 03,33,4.0,3.69,14.76,Cartão Crédito,5102,0.18,2.66
15706,2026-04-30 12:06:01,PDV 06,33,4.0,3.69,14.76,PIX,5102,0.18,2.66
15707,2026-04-30 10:58:46,PDV 02,33,4.0,3.69,14.76,PIX,5102,0.18,2.66
15708,2026-05-01 18:14:53,PDV 03,33,5.0,3.69,18.45,Dinheiro,5102,0.18,3.32
15709,2026-05-01 16:58:47,PDV 06,33,5.0,3.69,18.45,Cartão Crédito,5102,0.18,3.32
15710,2026-05-01 14:26:19,PDV 04,33,6.0,3.69,22.14,Cartão Crédito,5102,0.18,3.99
15711,2026-05-01 09:13:05,PDV 02,33,5.0,3.69,18.45,Dinheiro,5102,0.18,3.32
15712,2026-05-02 16:43:12,PDV 01,33,19.0,3.69,70.11,Cartão Débito,5102,0.18,12.62
15713,2026-05-03 11:17:57,PDV 04,33,5.0,3.69,18.45,PIX,5102,0.18,3.32
15714,2026-05-03 16:52:05,PDV 03,33,6.0,3.69,22.14,Cartão Débito,5102,0.18,3.99
15715,2026-05-03 17:59:33,PDV 05,33,5.0,3.69,18.45,Cartão Débito,5102,0.18,3.32
15716,2026-05-04 19:07:31,PDV 05,33,6.0,3.69,22.14,Cartão Crédito,5102,0.18,3.99
15717,2026-05-04 13:56:39,PDV 05,33,6.0,3.69,22.14,Cartão Débito,5102,0.18,3.99
15718,2026-05-05 19:56:43,PDV 01,33,5.0,3.69,18.45,Dinheiro,5102,0.18,3.32
15719,2026-05-05 16:24:21,PDV 03,33,4.0,3.69,14.76,PIX,5102,0.18,2.66
15720,2026-05-05 09:24:29,PDV 03,33,5.0,3.69,18.45,PIX,5102,0.18,3.32
15721,2026-05-06 11:34:13,PDV 01,33,6.0,3.69,22.14,Cartão Crédito,5102,0.18,3.99
15722,2026-05-06 12:34:48,PDV 05,33,7.0,3.69,25.83,Cartão Débito,5102,0.18,4.65
15723,2026-05-07 19:03:12,PDV 05,33,16.0,3.69,59.04,Cartão Débito,5102,0.18,10.63
15724,2026-05-08 14:12:16,PDV 02,33,8.0,3.69,29.52,Cartão Crédito,5102,0.18,5.31
15725,2026-05-08 10:19:58,PDV 02,33,8.0,3.69,29.52,Cartão Débito,5102,0.18,5.31
15726,2026-05-08 17:56:23,PDV 05,33,9.0,3.69,33.21,Cartão Crédito,5102,0.18,5.98
15727,2026-05-09 20:54:03,PDV 05,33,12.0,3.69,44.28,Cartão Crédito,5102,0.18,7.97
15728,2026-05-09 09:11:04,PDV 05,33,12.0,3.69,44.28,Cartão Débito,5102,0.18,7.97
15729,2026-05-10 11:18:05,PDV 01,33,4.0,3.69,14.76,Cartão Débito,5102,0.18,2.66
15730,2026-05-10 14:05:12,PDV 02,33,5.0,3.69,18.45,Cartão Débito,5102,0.18,3.32
15731,2026-05-10 18:22:23,PDV 02,33,4.0,3.69,14.76,PIX,5102,0.18,2.66
15732,2026-05-10 09:20:14,PDV 01,33,5.0,3.69,18.45,Cartão Débito,5102,0.18,3.32
15733,2026-05-11 12:00:28,PDV 04,33,4.0,3.69,14.76,Cartão Crédito,5102,0.18,2.66
15734,2026-05-11 18:45:06,PDV 01,33,4.0,3.69,14.76,Cartão Crédito,5102,0.18,2.66
15735,2026-05-11 19:26:23,PDV 05,33,3.0,3.69,11.07,Cartão Crédito,5102,0.18,1.99
15736,2026-05-12 13:29:26,PDV 06,33,4.0,3.69,14.76,PIX,5102,0.18,2.66
15737,2026-05-12 14:15:47,PDV 03,33,4.0,3.69,14.76,Cartão Débito,5102,0.18,2.66
15738,2026-05-12 12:07:50,PDV 05,33,3.0,3.69,11.07,Cartão Crédito,5102,0.18,1.99
15739,2026-05-13 17:37:06,PDV 02,33,6.0,3.69,22.14,Cartão Crédito,5102,0.18,3.99
15740,2026-05-13 17:54:57,PDV 05,33,6.0,3.69,22.14,Cartão Débito,5102,0.18,3.99
15741,2026-05-14 08:26:19,PDV 06,33,7.0,3.69,25.83,Cartão Débito,5102,0.18,4.65
15742,2026-05-14 17:58:46,PDV 01,33,7.0,3.69,25.83,Cartão Débito,5102,0.18,4.65
15743,2026-05-15 19:47:24,PDV 06,33,19.0,3.69,70.11,Cartão Débito,5102,0.18,12.62
15744,2026-05-16 08:03:57,PDV 06,33,19.0,3.69,70.11,Cartão Crédito,5102,0.18,12.62
15745,2026-05-17 10:42:16,PDV 02,33,8.0,3.69,29.52,PIX,5102,0.18,5.31
15746,2026-05-17 09:25:34,PDV 02,33,7.0,3.69,25.83,Cartão Crédito,5102,0.18,4.65
15747,2026-05-18 10:43:05,PDV 06,33,6.0,3.69,22.14,PIX,5102,0.18,3.99
15748,2026-05-18 13:59:40,PDV 04,33,5.0,3.69,18.45,Cartão Débito,5102,0.18,3.32
15749,2026-05-19 17:36:49,PDV 04,33,2.0,3.69,7.38,Dinheiro,5102,0.18,1.33
15750,2026-05-19 08:33:12,PDV 06,33,2.0,3.69,7.38,Cartão Débito,5102,0.18,1.33
15751,2026-05-19 17:51:59,PDV 06,33,2.0,3.69,7.38,Cartão Débito,5102,0.18,1.33
15752,2026-05-19 08:00:22,PDV 05,33,3.0,3.69,11.07,Cartão Débito,5102,0.18,1.99
15753,2026-05-20 15:08:48,PDV 02,33,3.0,3.69,11.07,Cartão Crédito,5102,0.18,1.99
15754,2026-05-20 15:03:45,PDV 02,33,4.0,3.69,14.76,Cartão Débito,5102,0.18,2.66
15755,2026-05-20 08:02:41,PDV 06,33,3.0,3.69,11.07,Cartão Crédito,5102,0.18,1.99
15756,2026-05-21 16:21:39,PDV 04,33,5.0,3.69,18.45,Cartão Crédito,5102,0.18,3.32
15757,2026-05-21 12:51:12,PDV 05,33,5.0,3.69,18.45,Cartão Crédito,5102,0.18,3.32
15758,2026-05-21 09:09:39,PDV 03,33,5.0,3.69,18.45,Cartão Débito,5102,0.18,3.32
15759,2026-05-22 10:57:45,PDV 01,33,6.0,3.69,22.14,Cartão Débito,5102,0.18,3.99
15760,2026-05-22 16:56:59,PDV 06,33,6.0,3.69,22.14,Cartão Débito,5102,0.18,3.99
15761,2026-05-22 10:58:40,PDV 05,33,7.0,3.69,25.83,Cartão Débito,5102,0.18,4.65
15762,2026-05-23 08:18:35,PDV 01,33,4.0,3.69,14.76,Cartão Débito,5102,0.18,2.66
15763,2026-05-23 10:16:00,PDV 04,33,4.0,3.69,14.76,PIX,5102,0.18,2.66
15764,2026-05-23 12:56:30,PDV 03,33,4.0,3.69,14.76,Cartão Crédito,5102,0.18,2.66
15765,2026-05-23 20:25:44,PDV 05,33,5.0,3.69,18.45,Dinheiro,5102,0.18,3.32
15766,2026-05-24 19:37:01,PDV 03,33,13.0,3.69,47.97,PIX,5102,0.18,8.63
15767,2026-05-25 14:25:44,PDV 03,33,3.0,3.69,11.07,Cartão Débito,5102,0.18,1.99
15768,2026-05-25 09:57:24,PDV 03,33,4.0,3.69,14.76,Cartão Crédito,5102,0.18,2.66
15769,2026-05-25 13:27:51,PDV 02,33,3.0,3.69,11.07,Cartão Débito,5102,0.18,1.99
15770,2026-05-26 16:32:59,PDV 05,33,2.0,3.69,7.38,Cartão Crédito,5102,0.18,1.33
15771,2026-05-26 14:22:27,PDV 06,33,2.0,3.69,7.38,Dinheiro,5102,0.18,1.33
15772,2026-05-26 17:39:53,PDV 02,33,2.0,3.69,7.38,Cartão Débito,5102,0.18,1.33
15773,2026-05-26 14:42:03,PDV 04,33,3.0,3.69,11.07,Cartão Crédito,5102,0.18,1.99
15774,2026-05-27 17:01:56,PDV 01,33,6.0,3.69,22.14,Dinheiro,5102,0.18,3.99
15775,2026-05-27 20:46:55,PDV 02,33,5.0,3.69,18.45,Cartão Crédito,5102,0.18,3.32
15776,2026-05-28 12:30:53,PDV 05,33,13.0,3.69,47.97,Cartão Débito,5102,0.18,8.63
15777,2026-05-29 09:48:36,PDV 05,33,4.0,3.69,14.76,Cartão Débito,5102,0.18,2.66
15778,2026-05-29 16:01:13,PDV 03,33,4.0,3.69,14.76,Cartão Débito,5102,0.18,2.66
15779,2026-05-29 19:46:16,PDV 05,33,4.0,3.69,14.76,Cartão Crédito,5102,0.18,2.66
15780,2026-05-29 20:20:46,PDV 02,33,3.0,3.69,11.07,Cartão Crédito,5102,0.18,1.99
15781,2026-05-30 12:04:37,PDV 06,33,6.0,3.69,22.14,PIX,5102,0.18,3.99
15782,2026-05-30 12:29:51,PDV 05,33,6.0,3.69,22.14,Cartão Crédito,5102,0.18,3.99
15783,2026-05-30 13:14:19,PDV 04,33,5.0,3.69,18.45,Cartão Débito,5102,0.18,3.32
15784,2026-05-31 17:22:56,PDV 01,33,8.0,3.69,29.52,Dinheiro,5102,0.18,5.31
15785,2026-05-31 14:30:13,PDV 06,33,7.0,3.69,25.83,Cartão Débito,5102,0.18,4.65
15786,2026-06-01 19:14:08,PDV 06,33,4.0,3.69,14.76,Cartão Crédito,5102,0.18,2.66
15787,2026-06-01 15:00:51,PDV 05,33,4.0,3.69,14.76,Cartão Débito,5102,0.18,2.66
15788,2026-06-01 16:48:33,PDV 04,33,5.0,3.69,18.45,PIX,5102,0.18,3.32
15789,2026-06-02 20:21:24,PDV 06,33,3.0,3.69,11.07,Cartão Crédito,5102,0.18,1.99
15790,2026-06-02 17:57:10,PDV 03,33,3.0,3.69,11.07,PIX,5102,0.18,1.99
15791,2026-06-02 18:34:42,PDV 02,33,2.0,3.69,7.38,PIX,5102,0.18,1.33
15792,2026-06-02 10:33:57,PDV 02,33,3.0,3.69,11.07,Cartão Crédito,5102,0.18,1.99
15793,2026-06-03 20:48:07,PDV 05,33,14.0,3.69,51.66,Cartão Débito,5102,0.18,9.3
15794,2026-06-04 13:13:02,PDV 04,33,10.0,3.69,36.9,PIX,5102,0.18,6.64
15795,2026-06-04 16:21:27,PDV 05,33,9.0,3.69,33.21,Cartão Crédito,5102,0.18,5.98
15796,2026-06-05 15:58:26,PDV 06,33,5.0,3.69,18.45,Cartão Crédito,5102,0.18,3.32
15797,2026-06-05 08:39:25,PDV 03,33,5.0,3.69,18.45,Cartão Débito,5102,0.18,3.32
15798,2026-06-05 16:14:30,PDV 03,33,6.0,3.69,22.14,Cartão Crédito,5102,0.18,3.99
15799,2026-06-05 17:20:53,PDV 05,33,5.0,3.69,18.45,Cartão Crédito,5102,0.18,3.32
15800,2026-06-06 09:14:22,PDV 06,33,10.0,3.69,36.9,Cartão Débito,5102,0.18,6.64
15801,2026-06-06 15:20:57,PDV 03,33,9.0,3.69,33.21,Cartão Crédito,5102,0.18,5.98
15802,2026-06-07 17:40:10,PDV 05,33,6.0,3.69,22.14,Cartão Crédito,5102,0.18,3.99
15803,2026-06-07 15:17:34,PDV 06,33,6.0,3.69,22.14,Cartão Crédito,5102,0.18,3.99
15804,2026-06-07 12:05:43,PDV 01,33,5.0,3.69,18.45,Cartão Crédito,5102,0.18,3.32
15805,2026-06-08 16:24:43,PDV 02,33,4.0,3.69,14.76,Cartão Crédito,5102,0.18,2.66
15806,2026-06-08 13:48:07,PDV 06,33,4.0,3.69,14.76,Cartão Crédito,5102,0.18,2.66
15807,2026-06-08 20:39:39,PDV 04,33,5.0,3.69,18.45,Cartão Crédito,5102,0.18,3.32
15808,2026-06-09 11:17:39,PDV 04,33,5.0,3.69,18.45,Cartão Débito,5102,0.18,3.32
15809,2026-06-09 13:04:49,PDV 03,33,4.0,3.69,14.76,PIX,5102,0.18,2.66
15810,2026-06-09 14:19:56,PDV 01,33,5.0,3.69,18.45,Cartão Crédito,5102,0.18,3.32
15811,2026-06-10 16:38:27,PDV 02,33,4.0,3.69,14.76,Dinheiro,5102,0.18,2.66
15812,2026-06-10 08:58:51,PDV 01,33,4.0,3.69,14.76,Cartão Crédito,5102,0.18,2.66
15813,2026-06-10 11:22:47,PDV 05,33,4.0,3.69,14.76,PIX,5102,0.18,2.66
15814,2026-06-10 08:53:07,PDV 04,33,3.0,3.69,11.07,PIX,5102,0.18,1.99
15815,2026-06-11 09:48:47,PDV 03,33,15.0,3.69,55.35,Cartão Crédito,5102,0.18,9.96
15816,2026-06-12 10:59:17,PDV 02,33,9.0,3.69,33.21,Cartão Débito,5102,0.18,5.98
15817,2026-06-12 12:48:34,PDV 06,33,9.0,3.69,33.21,Cartão Débito,5102,0.18,5.98
15818,2026-06-13 15:24:26,PDV 05,33,8.0,3.69,29.52,Cartão Débito,5102,0.18,5.31
15819,2026-06-13 18:33:49,PDV 03,33,9.0,3.69,33.21,Cartão Crédito,5102,0.18,5.98
15820,2026-06-14 09:51:40,PDV 05,33,13.0,3.69,47.97,Dinheiro,5102,0.18,8.63
15821,2026-06-15 08:50:13,PDV 02,33,4.0,3.69,14.76,Dinheiro,5102,0.18,2.66
15822,2026-06-15 16:00:04,PDV 03,33,4.0,3.69,14.76,PIX,5102,0.18,2.66
15823,2026-06-15 15:47:15,PDV 03,33,4.0,3.69,14.76,PIX,5102,0.18,2.66
15824,2026-06-16 14:47:31,PDV 01,33,2.0,3.69,7.38,Dinheiro,5102,0.18,1.33
15825,2026-06-16 13:16:17,PDV 04,33,3.0,3.69,11.07,PIX,5102,0.18,1.99
15826,2026-06-16 13:15:37,PDV 02,33,2.0,3.69,7.38,PIX,5102,0.18,1.33
15827,2026-06-16 08:39:56,PDV 04,33,3.0,3.69,11.07,Cartão Crédito,5102,0.18,1.99
15828,2026-06-17 19:52:25,PDV 06,33,3.0,3.69,11.07,Cartão Crédito,5102,0.18,1.99
15829,2026-06-17 15:08:03,PDV 06,33,4.0,3.69,14.76,Cartão Débito,5102,0.18,2.66
15830,2026-06-17 11:25:59,PDV 06,33,3.0,3.69,11.07,PIX,5102,0.18,1.99
15831,2026-06-18 17:36:04,PDV 01,33,5.0,3.69,18.45,Cartão Crédito,5102,0.18,3.32
15832,2026-06-18 10:45:33,PDV 03,33,4.0,3.69,14.76,Cartão Crédito,5102,0.18,2.66
15833,2026-06-18 19:40:59,PDV 06,33,5.0,3.69,18.45,Cartão Débito,5102,0.18,3.32
15834,2026-06-19 19:02:10,PDV 01,33,5.0,3.69,18.45,PIX,5102,0.18,3.32
15835,2026-06-19 13:20:46,PDV 06,33,6.0,3.69,22.14,PIX,5102,0.18,3.99
15836,2026-06-19 11:35:15,PDV 01,33,5.0,3.69,18.45,Cartão Crédito,5102,0.18,3.32
15837,2026-06-20 13:55:20,PDV 05,33,4.0,3.69,14.76,Cartão Débito,5102,0.18,2.66
15838,2026-06-20 10:24:11,PDV 04,33,4.0,3.69,14.76,Cartão Débito,5102,0.18,2.66
15839,2026-06-20 17:23:25,PDV 04,33,4.0,3.69,14.76,Cartão Crédito,5102,0.18,2.66
15840,2026-06-20 12:18:47,PDV 04,33,3.0,3.69,11.07,Cartão Débito,5102,0.18,1.99
15841,2026-06-21 15:53:21,PDV 01,33,15.0,3.69,55.35,Cartão Crédito,5102,0.18,9.96
15842,2026-06-22 17:32:04,PDV 04,33,10.0,3.69,36.9,Cartão Crédito,5102,0.18,6.64
15843,2026-06-23 09:09:36,PDV 06,33,4.0,3.69,14.76,Cartão Crédito,5102,0.18,2.66
15844,2026-06-23 12:06:50,PDV 03,33,4.0,3.69,14.76,Cartão Crédito,5102,0.18,2.66
15845,2026-06-23 10:21:13,PDV 06,33,3.0,3.69,11.07,Cartão Débito,5102,0.18,1.99
15846,2026-06-24 17:34:11,PDV 05,33,4.0,3.69,14.76,PIX,5102,0.18,2.66
15847,2026-06-24 20:15:33,PDV 06,33,4.0,3.69,14.76,Cartão Débito,5102,0.18,2.66
15848,2026-06-24 17:30:17,PDV 04,33,3.0,3.69,11.07,Cartão Crédito,5102,0.18,1.99
15849,2026-06-25 14:49:20,PDV 05,33,5.0,3.69,18.45,PIX,5102,0.18,3.32
15850,2026-06-25 15:01:23,PDV 03,33,5.0,3.69,18.45,Cartão Débito,5102,0.18,3.32
15851,2026-06-25 17:16:41,PDV 06,33,5.0,3.69,18.45,Cartão Débito,5102,0.18,3.32
15852,2026-06-26 11:49:27,PDV 05,33,6.0,3.69,22.14,Cartão Crédito,5102,0.18,3.99
15853,2026-06-26 15:06:21,PDV 04,33,6.0,3.69,22.14,PIX,5102,0.18,3.99
15854,2026-06-26 10:09:46,PDV 01,33,7.0,3.69,25.83,PIX,5102,0.18,4.65
15855,2026-06-27 20:39:54,PDV 01,33,6.0,3.69,22.14,Cartão Crédito,5102,0.18,3.99
15856,2026-06-27 19:15:19,PDV 01,33,6.0,3.69,22.14,Cartão Débito,5102,0.18,3.99
15857,2026-06-27 13:37:29,PDV 04,33,5.0,3.69,18.45,Cartão Débito,5102,0.18,3.32
15858,2026-06-28 18:03:07,PDV 01,33,12.0,3.69,44.28,Dinheiro,5102,0.18,7.97
15859,2026-06-29 15:29:54,PDV 02,33,3.0,3.69,11.07,PIX,5102,0.18,1.99
15860,2026-06-29 17:16:15,PDV 06,33,3.0,3.69,11.07,Cartão Débito,5102,0.18,1.99
15861,2026-06-29 18:16:44,PDV 05,33,3.0,3.69,11.07,Cartão Crédito,5102,0.18,1.99
15862,2026-04-01 13:43:06,PDV 04,34,2.0,4.49,8.98,Dinheiro,5102,0.18,1.62
15863,2026-04-01 10:07:47,PDV 03,34,2.0,4.49,8.98,Cartão Crédito,5102,0.18,1.62
15864,2026-04-01 20:15:42,PDV 05,34,3.0,4.49,13.47,PIX,5102,0.18,2.42
15865,2026-04-02 15:25:43,PDV 02,34,3.0,4.49,13.47,Cartão Débito,5102,0.18,2.42
15866,2026-04-02 11:50:27,PDV 04,34,3.0,4.49,13.47,Dinheiro,5102,0.18,2.42
15867,2026-04-02 13:56:43,PDV 03,34,3.0,4.49,13.47,Cartão Crédito,5102,0.18,2.42
15868,2026-04-02 17:26:02,PDV 04,34,3.0,4.49,13.47,Cartão Débito,5102,0.18,2.42
15869,2026-04-03 10:34:34,PDV 02,34,7.0,4.49,31.43,Cartão Débito,5102,0.18,5.66
15870,2026-04-03 09:13:14,PDV 03,34,7.0,4.49,31.43,PIX,5102,0.18,5.66
15871,2026-04-04 17:00:04,PDV 03,34,7.0,4.49,31.43,Cartão Débito,5102,0.18,5.66
15872,2026-04-04 17:29:58,PDV 03,34,7.0,4.49,31.43,Cartão Débito,5102,0.18,5.66
15873,2026-04-05 17:14:27,PDV 04,34,4.0,4.49,17.96,PIX,5102,0.18,3.23
15874,2026-04-05 11:20:30,PDV 06,34,4.0,4.49,17.96,PIX,5102,0.18,3.23
15875,2026-04-05 17:26:28,PDV 01,34,3.0,4.49,13.47,Dinheiro,5102,0.18,2.42
15876,2026-04-06 16:01:12,PDV 06,34,2.0,4.49,8.98,PIX,5102,0.18,1.62
15877,2026-04-06 18:00:42,PDV 01,34,2.0,4.49,8.98,Dinheiro,5102,0.18,1.62
15878,2026-04-06 18:46:14,PDV 03,34,3.0,4.49,13.47,PIX,5102,0.18,2.42
15879,2026-04-07 13:35:52,PDV 02,34,2.0,4.49,8.98,Cartão Débito,5102,0.18,1.62
15880,2026-04-07 08:32:11,PDV 03,34,2.0,4.49,8.98,Cartão Débito,5102,0.18,1.62
15881,2026-04-07 18:26:15,PDV 06,34,2.0,4.49,8.98,Cartão Crédito,5102,0.18,1.62
15882,2026-04-07 17:16:45,PDV 01,34,2.0,4.49,8.98,Cartão Débito,5102,0.18,1.62
15883,2026-04-08 14:37:06,PDV 01,34,2.0,4.49,8.98,PIX,5102,0.18,1.62
15884,2026-04-08 18:08:12,PDV 02,34,2.0,4.49,8.98,Cartão Débito,5102,0.18,1.62
15885,2026-04-08 18:42:10,PDV 03,34,2.0,4.49,8.98,PIX,5102,0.18,1.62
15886,2026-04-08 20:24:05,PDV 01,34,2.0,4.49,8.98,Cartão Crédito,5102,0.18,1.62
15887,2026-04-09 13:51:39,PDV 03,34,6.0,4.49,26.94,Cartão Débito,5102,0.18,4.85
15888,2026-04-09 20:48:20,PDV 04,34,6.0,4.49,26.94,Dinheiro,5102,0.18,4.85
15889,2026-04-10 14:58:23,PDV 06,34,5.0,4.49,22.45,Cartão Débito,5102,0.18,4.04
15890,2026-04-10 13:43:52,PDV 03,34,4.0,4.49,17.96,Cartão Débito,5102,0.18,3.23
15891,2026-04-10 09:07:33,PDV 01,34,5.0,4.49,22.45,PIX,5102,0.18,4.04
15892,2026-04-11 09:13:24,PDV 04,34,3.0,4.49,13.47,Cartão Débito,5102,0.18,2.42
15893,2026-04-11 08:43:21,PDV 02,34,4.0,4.49,17.96,Cartão Débito,5102,0.18,3.23
15894,2026-04-11 16:52:41,PDV 06,34,3.0,4.49,13.47,Cartão Crédito,5102,0.18,2.42
15895,2026-04-12 15:53:46,PDV 04,34,4.0,4.49,17.96,Cartão Crédito,5102,0.18,3.23
15896,2026-04-12 20:06:34,PDV 03,34,5.0,4.49,22.45,PIX,5102,0.18,4.04
15897,2026-04-13 12:24:42,PDV 02,34,7.0,4.49,31.43,Cartão Débito,5102,0.18,5.66
15898,2026-04-14 12:42:33,PDV 02,34,6.0,4.49,26.94,Cartão Débito,5102,0.18,4.85
15899,2026-04-15 12:03:57,PDV 01,34,2.0,4.49,8.98,Cartão Débito,5102,0.18,1.62
15900,2026-04-15 15:10:34,PDV 02,34,2.0,4.49,8.98,Dinheiro,5102,0.18,1.62
15901,2026-04-15 08:12:00,PDV 05,34,2.0,4.49,8.98,Cartão Crédito,5102,0.18,1.62
15902,2026-04-16 12:29:58,PDV 04,34,2.0,4.49,8.98,Cartão Débito,5102,0.18,1.62
15903,2026-04-16 17:00:26,PDV 06,34,2.0,4.49,8.98,Cartão Crédito,5102,0.18,1.62
15904,2026-04-16 14:06:34,PDV 02,34,2.0,4.49,8.98,PIX,5102,0.18,1.62
15905,2026-04-16 14:09:47,PDV 05,34,3.0,4.49,13.47,Cartão Débito,5102,0.18,2.42
15906,2026-04-17 14:41:30,PDV 06,34,2.0,4.49,8.98,PIX,5102,0.18,1.62
15907,2026-04-17 18:26:11,PDV 01,34,3.0,4.49,13.47,Cartão Crédito,5102,0.18,2.42
15908,2026-04-17 08:18:34,PDV 05,34,2.0,4.49,8.98,PIX,5102,0.18,1.62
15909,2026-04-17 14:35:03,PDV 06,34,3.0,4.49,13.47,Cartão Débito,5102,0.18,2.42
15910,2026-04-18 17:14:02,PDV 02,34,3.0,4.49,13.47,PIX,5102,0.18,2.42
15911,2026-04-18 18:10:24,PDV 03,34,3.0,4.49,13.47,Cartão Crédito,5102,0.18,2.42
15912,2026-04-18 20:25:16,PDV 05,34,3.0,4.49,13.47,Cartão Crédito,5102,0.18,2.42
15913,2026-04-18 12:06:37,PDV 05,34,3.0,4.49,13.47,Cartão Débito,5102,0.18,2.42
15914,2026-04-19 13:45:57,PDV 06,34,9.0,4.49,40.41,PIX,5102,0.18,7.27
15915,2026-04-20 14:50:58,PDV 03,34,7.0,4.49,31.43,PIX,5102,0.18,5.66
15916,2026-04-21 17:46:45,PDV 04,34,6.0,4.49,26.94,Cartão Crédito,5102,0.18,4.85
15917,2026-04-22 12:08:21,PDV 06,34,3.0,4.49,13.47,Dinheiro,5102,0.18,2.42
15918,2026-04-22 19:38:28,PDV 06,34,3.0,4.49,13.47,Cartão Débito,5102,0.18,2.42
15919,2026-04-23 19:55:23,PDV 05,34,9.0,4.49,40.41,Cartão Crédito,5102,0.18,7.27
15920,2026-04-24 14:34:09,PDV 05,34,6.0,4.49,26.94,Cartão Débito,5102,0.18,4.85
15921,2026-04-24 08:29:17,PDV 02,34,6.0,4.49,26.94,Cartão Débito,5102,0.18,4.85
15922,2026-04-25 11:04:38,PDV 02,34,4.0,4.49,17.96,Cartão Crédito,5102,0.18,3.23
15923,2026-04-25 14:46:08,PDV 03,34,4.0,4.49,17.96,Dinheiro,5102,0.18,3.23
15924,2026-04-25 14:50:00,PDV 02,34,4.0,4.49,17.96,Cartão Débito,5102,0.18,3.23
15925,2026-04-26 17:47:59,PDV 01,34,2.0,4.49,8.98,Cartão Crédito,5102,0.18,1.62
15926,2026-04-26 16:29:23,PDV 03,34,3.0,4.49,13.47,Cartão Crédito,5102,0.18,2.42
15927,2026-04-26 10:55:53,PDV 05,34,2.0,4.49,8.98,Cartão Débito,5102,0.18,1.62
15928,2026-04-26 20:23:34,PDV 02,34,3.0,4.49,13.47,PIX,5102,0.18,2.42
15929,2026-04-27 11:43:53,PDV 05,34,2.0,4.49,8.98,Cartão Crédito,5102,0.18,1.62
15930,2026-04-27 08:26:23,PDV 04,34,2.0,4.49,8.98,Cartão Débito,5102,0.18,1.62
15931,2026-04-27 20:20:54,PDV 01,34,2.0,4.49,8.98,Cartão Crédito,5102,0.18,1.62
15932,2026-04-28 12:24:36,PDV 02,34,2.0,4.49,8.98,PIX,5102,0.18,1.62
15933,2026-04-28 19:22:07,PDV 01,34,2.0,4.49,8.98,PIX,5102,0.18,1.62
15934,2026-04-28 19:05:19,PDV 01,34,3.0,4.49,13.47,Dinheiro,5102,0.18,2.42
15935,2026-04-29 10:58:34,PDV 02,34,7.0,4.49,31.43,Cartão Débito,5102,0.18,5.66
15936,2026-04-30 13:32:40,PDV 05,34,3.0,4.49,13.47,Cartão Crédito,5102,0.18,2.42
15937,2026-04-30 17:37:00,PDV 02,34,2.0,4.49,8.98,Cartão Débito,5102,0.18,1.62
15938,2026-04-30 20:55:38,PDV 04,34,3.0,4.49,13.47,Cartão Débito,5102,0.18,2.42
15939,2026-05-01 09:54:31,PDV 06,34,4.0,4.49,17.96,Cartão Débito,5102,0.18,3.23
15940,2026-05-01 08:22:26,PDV 05,34,3.0,4.49,13.47,Cartão Crédito,5102,0.18,2.42
15941,2026-05-01 08:57:36,PDV 03,34,4.0,4.49,17.96,Cartão Débito,5102,0.18,3.23
15942,2026-05-01 12:58:59,PDV 06,34,3.0,4.49,13.47,Cartão Débito,5102,0.18,2.42
15943,2026-05-02 09:25:16,PDV 05,34,5.0,4.49,22.45,PIX,5102,0.18,4.04
15944,2026-05-02 20:40:40,PDV 05,34,4.0,4.49,17.96,Cartão Crédito,5102,0.18,3.23
15945,2026-05-02 11:15:28,PDV 04,34,5.0,4.49,22.45,Cartão Crédito,5102,0.18,4.04
15946,2026-05-03 20:35:29,PDV 04,34,11.0,4.49,49.39,Cartão Crédito,5102,0.18,8.89
15947,2026-05-04 08:00:24,PDV 03,34,2.0,4.49,8.98,Cartão Débito,5102,0.18,1.62
15948,2026-05-04 13:41:53,PDV 06,34,2.0,4.49,8.98,Dinheiro,5102,0.18,1.62
15949,2026-05-04 20:45:29,PDV 06,34,2.0,4.49,8.98,Cartão Crédito,5102,0.18,1.62
15950,2026-05-04 11:53:05,PDV 06,34,1.0,4.49,4.49,PIX,5102,0.18,0.81
15951,2026-05-05 08:14:14,PDV 02,34,4.0,4.49,17.96,Cartão Débito,5102,0.18,3.23
15952,2026-05-05 20:26:47,PDV 06,34,5.0,4.49,22.45,Cartão Crédito,5102,0.18,4.04
15953,2026-05-06 20:31:57,PDV 03,34,3.0,4.49,13.47,Dinheiro,5102,0.18,2.42
15954,2026-05-06 13:07:49,PDV 01,34,2.0,4.49,8.98,Cartão Débito,5102,0.18,1.62
15955,2026-05-06 12:57:34,PDV 01,34,3.0,4.49,13.47,Cartão Crédito,5102,0.18,2.42
15956,2026-05-07 19:51:13,PDV 01,34,3.0,4.49,13.47,Cartão Crédito,5102,0.18,2.42
15957,2026-05-07 13:24:01,PDV 03,34,3.0,4.49,13.47,PIX,5102,0.18,2.42
15958,2026-05-07 10:30:03,PDV 04,34,3.0,4.49,13.47,Cartão Crédito,5102,0.18,2.42
15959,2026-05-07 17:57:23,PDV 05,34,3.0,4.49,13.47,Cartão Crédito,5102,0.18,2.42
15960,2026-05-08 20:30:26,PDV 01,34,5.0,4.49,22.45,Cartão Débito,5102,0.18,4.04
15961,2026-05-08 08:30:36,PDV 04,34,4.0,4.49,17.96,Cartão Débito,5102,0.18,3.23
15962,2026-05-08 15:23:18,PDV 06,34,5.0,4.49,22.45,Cartão Crédito,5102,0.18,4.04
15963,2026-05-09 13:29:09,PDV 05,34,3.0,4.49,13.47,Cartão Crédito,5102,0.18,2.42
15964,2026-05-09 15:09:10,PDV 04,34,3.0,4.49,13.47,Cartão Crédito,5102,0.18,2.42
15965,2026-05-09 11:18:32,PDV 03,34,3.0,4.49,13.47,Cartão Débito,5102,0.18,2.42
15966,2026-05-09 18:01:48,PDV 02,34,3.0,4.49,13.47,Cartão Crédito,5102,0.18,2.42
15967,2026-05-10 18:24:33,PDV 03,34,3.0,4.49,13.47,Cartão Crédito,5102,0.18,2.42
15968,2026-05-10 08:53:27,PDV 04,34,4.0,4.49,17.96,Cartão Crédito,5102,0.18,3.23
15969,2026-05-10 19:38:11,PDV 06,34,3.0,4.49,13.47,Cartão Crédito,5102,0.18,2.42
15970,2026-05-11 09:13:33,PDV 02,34,2.0,4.49,8.98,Dinheiro,5102,0.18,1.62
15971,2026-05-11 20:35:30,PDV 01,34,1.0,4.49,4.49,Cartão Crédito,5102,0.18,0.81
15972,2026-05-11 15:56:28,PDV 04,34,2.0,4.49,8.98,Cartão Crédito,5102,0.18,1.62
15973,2026-05-11 13:29:02,PDV 06,34,1.0,4.49,4.49,Cartão Débito,5102,0.18,0.81
15974,2026-05-12 10:24:14,PDV 04,34,2.0,4.49,8.98,Cartão Crédito,5102,0.18,1.62
15975,2026-05-12 10:56:47,PDV 04,34,1.0,4.49,4.49,Cartão Débito,5102,0.18,0.81
15976,2026-05-12 20:05:03,PDV 04,34,2.0,4.49,8.98,PIX,5102,0.18,1.62
15977,2026-05-12 13:07:08,PDV 05,34,1.0,4.49,4.49,Cartão Crédito,5102,0.18,0.81
15978,2026-05-13 10:42:50,PDV 01,34,4.0,4.49,17.96,Cartão Crédito,5102,0.18,3.23
15979,2026-05-13 18:58:10,PDV 03,34,3.0,4.49,13.47,Cartão Débito,5102,0.18,2.42
15980,2026-05-14 11:43:49,PDV 02,34,5.0,4.49,22.45,Cartão Débito,5102,0.18,4.04
15981,2026-05-14 10:13:39,PDV 05,34,5.0,4.49,22.45,Dinheiro,5102,0.18,4.04
15982,2026-05-15 12:24:01,PDV 04,34,4.0,4.49,17.96,PIX,5102,0.18,3.23
15983,2026-05-15 08:53:54,PDV 04,34,4.0,4.49,17.96,Cartão Crédito,5102,0.18,3.23
15984,2026-05-15 12:45:14,PDV 06,34,4.0,4.49,17.96,Dinheiro,5102,0.18,3.23
15985,2026-05-16 17:22:41,PDV 02,34,3.0,4.49,13.47,Cartão Débito,5102,0.18,2.42
15986,2026-05-16 15:34:56,PDV 04,34,3.0,4.49,13.47,Cartão Débito,5102,0.18,2.42
15987,2026-05-16 10:38:19,PDV 01,34,2.0,4.49,8.98,Cartão Débito,5102,0.18,1.62
15988,2026-05-16 13:15:30,PDV 06,34,3.0,4.49,13.47,PIX,5102,0.18,2.42
15989,2026-05-17 20:24:55,PDV 03,34,8.0,4.49,35.92,Cartão Débito,5102,0.18,6.47
15990,2026-05-18 12:34:30,PDV 03,34,2.0,4.49,8.98,Cartão Débito,5102,0.18,1.62
15991,2026-05-18 09:37:40,PDV 05,34,2.0,4.49,8.98,PIX,5102,0.18,1.62
15992,2026-05-18 12:10:23,PDV 03,34,2.0,4.49,8.98,Dinheiro,5102,0.18,1.62
15993,2026-05-19 16:51:00,PDV 03,34,3.0,4.49,13.47,Cartão Débito,5102,0.18,2.42
15994,2026-05-19 15:26:48,PDV 03,34,3.0,4.49,13.47,Dinheiro,5102,0.18,2.42
15995,2026-05-20 13:51:01,PDV 04,34,2.0,4.49,8.98,Cartão Crédito,5102,0.18,1.62
15996,2026-05-20 14:35:33,PDV 06,34,2.0,4.49,8.98,Dinheiro,5102,0.18,1.62
15997,2026-05-20 16:25:01,PDV 06,34,3.0,4.49,13.47,Cartão Débito,5102,0.18,2.42
15998,2026-05-21 19:37:08,PDV 02,34,5.0,4.49,22.45,Cartão Débito,5102,0.18,4.04
15999,2026-05-21 09:58:30,PDV 01,34,5.0,4.49,22.45,Dinheiro,5102,0.18,4.04
16000,2026-05-22 17:45:57,PDV 03,34,11.0,4.49,49.39,Cartão Crédito,5102,0.18,8.89
16001,2026-05-23 11:37:49,PDV 05,34,3.0,4.49,13.47,Cartão Crédito,5102,0.18,2.42
16002,2026-05-23 16:51:30,PDV 05,34,3.0,4.49,13.47,Cartão Crédito,5102,0.18,2.42
16003,2026-05-23 15:10:58,PDV 05,34,3.0,4.49,13.47,Cartão Crédito,5102,0.18,2.42
16004,2026-05-23 20:44:04,PDV 03,34,3.0,4.49,13.47,PIX,5102,0.18,2.42
16005,2026-05-24 17:23:51,PDV 04,34,3.0,4.49,13.47,Cartão Débito,5102,0.18,2.42
16006,2026-05-24 09:30:58,PDV 06,34,2.0,4.49,8.98,Cartão Crédito,5102,0.18,1.62
16007,2026-05-24 12:19:07,PDV 04,34,3.0,4.49,13.47,Cartão Débito,5102,0.18,2.42
16008,2026-05-25 20:11:34,PDV 05,34,4.0,4.49,17.96,Cartão Crédito,5102,0.18,3.23
16009,2026-05-25 15:00:01,PDV 03,34,3.0,4.49,13.47,Cartão Débito,5102,0.18,2.42
16010,2026-05-26 10:33:31,PDV 03,34,7.0,4.49,31.43,Cartão Débito,5102,0.18,5.66
16011,2026-05-27 10:01:09,PDV 06,34,6.0,4.49,26.94,Cartão Débito,5102,0.18,4.85
16012,2026-05-28 09:46:56,PDV 04,34,10.0,4.49,44.9,Cartão Débito,5102,0.18,8.08
16013,2026-05-29 12:04:25,PDV 03,34,4.0,4.49,17.96,Cartão Crédito,5102,0.18,3.23
16014,2026-05-29 17:08:42,PDV 06,34,4.0,4.49,17.96,Cartão Débito,5102,0.18,3.23
16015,2026-05-29 12:25:26,PDV 02,34,4.0,4.49,17.96,PIX,5102,0.18,3.23
16016,2026-05-30 18:47:01,PDV 01,34,3.0,4.49,13.47,Cartão Débito,5102,0.18,2.42
16017,2026-05-30 14:43:43,PDV 05,34,4.0,4.49,17.96,Cartão Crédito,5102,0.18,3.23
16018,2026-05-30 12:10:52,PDV 01,34,3.0,4.49,13.47,Cartão Débito,5102,0.18,2.42
16019,2026-05-31 08:30:34,PDV 03,34,2.0,4.49,8.98,Cartão Débito,5102,0.18,1.62
16020,2026-05-31 16:59:51,PDV 02,34,2.0,4.49,8.98,Cartão Débito,5102,0.18,1.62
16021,2026-05-31 17:23:32,PDV 04,34,2.0,4.49,8.98,Cartão Débito,5102,0.18,1.62
16022,2026-05-31 11:44:35,PDV 02,34,2.0,4.49,8.98,Cartão Débito,5102,0.18,1.62
16023,2026-06-01 14:03:50,PDV 01,34,8.0,4.49,35.92,PIX,5102,0.18,6.47
16024,2026-06-02 15:38:09,PDV 02,34,3.0,4.49,13.47,Cartão Débito,5102,0.18,2.42
16025,2026-06-02 15:04:17,PDV 06,34,3.0,4.49,13.47,Cartão Crédito,5102,0.18,2.42
16026,2026-06-02 13:32:45,PDV 01,34,3.0,4.49,13.47,Cartão Crédito,5102,0.18,2.42
16027,2026-06-03 08:06:23,PDV 01,34,2.0,4.49,8.98,Cartão Crédito,5102,0.18,1.62
16028,2026-06-03 17:27:31,PDV 05,34,2.0,4.49,8.98,Dinheiro,5102,0.18,1.62
16029,2026-06-03 15:42:08,PDV 01,34,2.0,4.49,8.98,Cartão Crédito,5102,0.18,1.62
16030,2026-06-03 13:04:36,PDV 02,34,2.0,4.49,8.98,Cartão Débito,5102,0.18,1.62
16031,2026-06-04 16:46:46,PDV 03,34,6.0,4.49,26.94,Cartão Débito,5102,0.18,4.85
16032,2026-06-04 11:45:09,PDV 05,34,7.0,4.49,31.43,Cartão Crédito,5102,0.18,5.66
16033,2026-06-05 12:36:41,PDV 02,34,14.0,4.49,62.86,PIX,5102,0.18,11.31
16034,2026-06-06 16:10:37,PDV 01,34,4.0,4.49,17.96,Cartão Débito,5102,0.18,3.23
16035,2026-06-06 18:58:23,PDV 03,34,4.0,4.49,17.96,PIX,5102,0.18,3.23
16036,2026-06-06 09:27:53,PDV 02,34,5.0,4.49,22.45,PIX,5102,0.18,4.04
16037,2026-06-07 09:18:38,PDV 02,34,3.0,4.49,13.47,Dinheiro,5102,0.18,2.42
16038,2026-06-07 20:29:21,PDV 04,34,3.0,4.49,13.47,Cartão Débito,5102,0.18,2.42
16039,2026-06-07 09:50:19,PDV 02,34,3.0,4.49,13.47,Cartão Débito,5102,0.18,2.42
16040,2026-06-07 20:29:52,PDV 02,34,3.0,4.49,13.47,Cartão Crédito,5102,0.18,2.42
16041,2026-06-08 14:08:22,PDV 05,34,4.0,4.49,17.96,Cartão Débito,5102,0.18,3.23
16042,2026-06-08 16:15:44,PDV 01,34,4.0,4.49,17.96,Cartão Débito,5102,0.18,3.23
16043,2026-06-09 19:28:15,PDV 06,34,2.0,4.49,8.98,Cartão Crédito,5102,0.18,1.62
16044,2026-06-09 20:29:30,PDV 02,34,2.0,4.49,8.98,PIX,5102,0.18,1.62
16045,2026-06-09 12:19:12,PDV 06,34,2.0,4.49,8.98,Cartão Débito,5102,0.18,1.62
16046,2026-06-09 18:56:21,PDV 03,34,3.0,4.49,13.47,Cartão Crédito,5102,0.18,2.42
16047,2026-06-10 16:31:10,PDV 05,34,2.0,4.49,8.98,Dinheiro,5102,0.18,1.62
16048,2026-06-10 14:23:30,PDV 01,34,2.0,4.49,8.98,Cartão Débito,5102,0.18,1.62
16049,2026-06-10 14:48:45,PDV 03,34,2.0,4.49,8.98,Cartão Débito,5102,0.18,1.62
16050,2026-06-10 16:55:43,PDV 06,34,1.0,4.49,4.49,Cartão Débito,5102,0.18,0.81
16051,2026-06-11 17:58:36,PDV 01,34,4.0,4.49,17.96,PIX,5102,0.18,3.23
16052,2026-06-11 11:17:59,PDV 05,34,5.0,4.49,22.45,Cartão Crédito,5102,0.18,4.04
16053,2026-06-12 10:18:30,PDV 05,34,3.0,4.49,13.47,PIX,5102,0.18,2.42
16054,2026-06-12 08:40:01,PDV 06,34,4.0,4.49,17.96,Cartão Débito,5102,0.18,3.23
16055,2026-06-12 12:00:38,PDV 01,34,3.0,4.49,13.47,Cartão Crédito,5102,0.18,2.42
16056,2026-06-13 15:14:30,PDV 04,34,4.0,4.49,17.96,Cartão Débito,5102,0.18,3.23
16057,2026-06-13 10:25:24,PDV 06,34,4.0,4.49,17.96,PIX,5102,0.18,3.23
16058,2026-06-13 19:53:08,PDV 02,34,4.0,4.49,17.96,Cartão Débito,5102,0.18,3.23
16059,2026-06-14 08:14:26,PDV 05,34,4.0,4.49,17.96,Cartão Débito,5102,0.18,3.23
16060,2026-06-14 17:48:05,PDV 06,34,4.0,4.49,17.96,Dinheiro,5102,0.18,3.23
16061,2026-06-15 09:43:21,PDV 02,34,6.0,4.49,26.94,Cartão Crédito,5102,0.18,4.85
16062,2026-06-16 19:07:48,PDV 04,34,6.0,4.49,26.94,Cartão Débito,5102,0.18,4.85
16063,2026-06-17 14:19:58,PDV 01,34,4.0,4.49,17.96,Cartão Débito,5102,0.18,3.23
16064,2026-06-17 13:26:36,PDV 01,34,3.0,4.49,13.47,PIX,5102,0.18,2.42
16065,2026-06-18 16:17:08,PDV 05,34,9.0,4.49,40.41,PIX,5102,0.18,7.27
16066,2026-06-19 13:39:33,PDV 06,34,5.0,4.49,22.45,Cartão Débito,5102,0.18,4.04
16067,2026-06-19 20:19:10,PDV 02,34,5.0,4.49,22.45,Cartão Crédito,5102,0.18,4.04
16068,2026-06-20 20:48:41,PDV 03,34,5.0,4.49,22.45,Cartão Crédito,5102,0.18,4.04
16069,2026-06-20 18:26:58,PDV 06,34,5.0,4.49,22.45,Cartão Crédito,5102,0.18,4.04
16070,2026-06-21 20:59:05,PDV 03,34,2.0,4.49,8.98,Cartão Débito,5102,0.18,1.62
16071,2026-06-21 17:01:50,PDV 02,34,2.0,4.49,8.98,Cartão Débito,5102,0.18,1.62
16072,2026-06-21 20:58:10,PDV 06,34,2.0,4.49,8.98,Cartão Débito,5102,0.18,1.62
16073,2026-06-21 19:49:15,PDV 04,34,3.0,4.49,13.47,Cartão Débito,5102,0.18,2.42
16074,2026-06-22 19:12:09,PDV 05,34,7.0,4.49,31.43,Cartão Crédito,5102,0.18,5.66
16075,2026-06-23 19:40:03,PDV 04,34,6.0,4.49,26.94,Cartão Débito,5102,0.18,4.85
16076,2026-06-24 14:04:55,PDV 06,34,2.0,4.49,8.98,Cartão Débito,5102,0.18,1.62
16077,2026-06-24 10:28:32,PDV 04,34,2.0,4.49,8.98,Cartão Débito,5102,0.18,1.62
16078,2026-06-24 19:45:20,PDV 03,34,2.0,4.49,8.98,Cartão Débito,5102,0.18,1.62
16079,2026-06-24 08:45:58,PDV 03,34,1.0,4.49,4.49,Cartão Débito,5102,0.18,0.81
16080,2026-06-25 09:25:39,PDV 04,34,4.0,4.49,17.96,Cartão Crédito,5102,0.18,3.23
16081,2026-06-25 19:45:47,PDV 01,34,4.0,4.49,17.96,Cartão Crédito,5102,0.18,3.23
16082,2026-06-26 13:51:55,PDV 03,34,2.0,4.49,8.98,Dinheiro,5102,0.18,1.62
16083,2026-06-26 11:39:12,PDV 03,34,3.0,4.49,13.47,Dinheiro,5102,0.18,2.42
16084,2026-06-26 18:36:25,PDV 05,34,2.0,4.49,8.98,Cartão Débito,5102,0.18,1.62
16085,2026-06-26 13:54:13,PDV 06,34,3.0,4.49,13.47,PIX,5102,0.18,2.42
16086,2026-06-27 20:44:22,PDV 02,34,6.0,4.49,26.94,Cartão Crédito,5102,0.18,4.85
16087,2026-06-27 16:44:14,PDV 03,34,5.0,4.49,22.45,Cartão Crédito,5102,0.18,4.04
16088,2026-06-28 20:52:32,PDV 01,34,4.0,4.49,17.96,PIX,5102,0.18,3.23
16089,2026-06-28 11:01:59,PDV 04,34,5.0,4.49,22.45,Cartão Débito,5102,0.18,4.04
16090,2026-06-29 11:40:57,PDV 06,34,2.0,4.49,8.98,Cartão Débito,5102,0.18,1.62
16091,2026-06-29 10:14:27,PDV 03,34,2.0,4.49,8.98,Cartão Débito,5102,0.18,1.62
16092,2026-06-29 10:09:18,PDV 04,34,3.0,4.49,13.47,Dinheiro,5102,0.18,2.42
16093,2026-04-01 14:32:51,PDV 03,35,1.0,2.49,2.49,Cartão Crédito,5102,0.18,0.45
16094,2026-04-01 14:38:28,PDV 04,35,1.0,2.49,2.49,PIX,5102,0.18,0.45
16095,2026-04-01 12:12:43,PDV 02,35,1.0,2.49,2.49,Cartão Crédito,5102,0.18,0.45
16096,2026-04-02 08:58:59,PDV 05,35,1.0,2.49,2.49,Cartão Débito,5102,0.18,0.45
16097,2026-04-02 20:37:02,PDV 01,35,1.0,2.49,2.49,Cartão Débito,5102,0.18,0.45
16098,2026-04-02 12:48:48,PDV 04,35,1.0,2.49,2.49,Cartão Crédito,5102,0.18,0.45
16099,2026-04-02 08:46:13,PDV 05,35,1.0,2.49,2.49,Cartão Débito,5102,0.18,0.45
16100,2026-04-03 16:38:13,PDV 01,35,5.0,2.49,12.45,Cartão Débito,5102,0.18,2.24
16101,2026-04-04 18:07:24,PDV 02,35,1.0,2.49,2.49,Cartão Crédito,5102,0.18,0.45
16102,2026-04-04 09:26:32,PDV 04,35,1.0,2.49,2.49,Cartão Crédito,5102,0.18,0.45
16103,2026-04-04 19:22:05,PDV 05,35,2.0,2.49,4.98,PIX,5102,0.18,0.9
16104,2026-04-04 13:59:26,PDV 05,35,1.0,2.49,2.49,Cartão Débito,5102,0.18,0.45
16105,2026-04-05 18:02:42,PDV 05,35,1.0,2.49,2.49,Cartão Débito,5102,0.18,0.45
16106,2026-04-05 14:48:35,PDV 05,35,2.0,2.49,4.98,PIX,5102,0.18,0.9
16107,2026-04-05 14:30:11,PDV 05,35,1.0,2.49,2.49,Cartão Débito,5102,0.18,0.45
16108,2026-04-06 10:45:31,PDV 02,35,2.0,2.49,4.98,PIX,5102,0.18,0.9
16109,2026-04-06 19:40:35,PDV 01,35,1.0,2.49,2.49,Cartão Crédito,5102,0.18,0.45
16110,2026-04-07 15:09:40,PDV 02,35,2.0,2.49,4.98,Cartão Crédito,5102,0.18,0.9
16111,2026-04-07 13:26:18,PDV 01,35,1.0,2.49,2.49,Cartão Crédito,5102,0.18,0.45
16112,2026-04-08 19:46:45,PDV 01,35,3.0,2.49,7.47,Dinheiro,5102,0.18,1.34
16113,2026-04-09 08:49:25,PDV 05,35,2.0,2.49,4.98,Cartão Crédito,5102,0.18,0.9
16114,2026-04-09 16:48:38,PDV 05,35,3.0,2.49,7.47,Cartão Crédito,5102,0.18,1.34
16115,2026-04-10 09:41:16,PDV 03,35,2.0,2.49,4.98,Dinheiro,5102,0.18,0.9
16116,2026-04-10 17:35:13,PDV 04,35,2.0,2.49,4.98,Cartão Crédito,5102,0.18,0.9
16117,2026-04-10 09:16:24,PDV 04,35,1.0,2.49,2.49,Cartão Débito,5102,0.18,0.45
16118,2026-04-11 14:24:33,PDV 05,35,4.0,2.49,9.96,Cartão Crédito,5102,0.18,1.79
16119,2026-04-12 13:04:55,PDV 05,35,1.0,2.49,2.49,Cartão Débito,5102,0.18,0.45
16120,2026-04-12 15:57:06,PDV 01,35,1.0,2.49,2.49,Cartão Crédito,5102,0.18,0.45
16121,2026-04-12 13:27:02,PDV 03,35,1.0,2.49,2.49,Cartão Crédito,5102,0.18,0.45
16122,2026-04-12 20:23:52,PDV 04,35,1.0,2.49,2.49,Cartão Débito,5102,0.18,0.45
16123,2026-04-13 12:15:59,PDV 01,35,2.0,2.49,4.98,Cartão Crédito,5102,0.18,0.9
16124,2026-04-14 18:28:13,PDV 05,35,1.0,2.49,2.49,Dinheiro,5102,0.18,0.45
16125,2026-04-14 08:46:02,PDV 02,35,1.0,2.49,2.49,Cartão Débito,5102,0.18,0.45
16126,2026-04-14 13:27:21,PDV 02,35,1.0,2.49,2.49,Cartão Débito,5102,0.18,0.45
16127,2026-04-15 15:45:30,PDV 04,35,2.0,2.49,4.98,PIX,5102,0.18,0.9
16128,2026-04-16 18:12:06,PDV 04,35,3.0,2.49,7.47,Cartão Crédito,5102,0.18,1.34
16129,2026-04-17 09:37:50,PDV 02,35,1.0,2.49,2.49,PIX,5102,0.18,0.45
16130,2026-04-17 09:23:18,PDV 05,35,1.0,2.49,2.49,Cartão Crédito,5102,0.18,0.45
16131,2026-04-17 10:00:54,PDV 01,35,2.0,2.49,4.98,Cartão Débito,5102,0.18,0.9
16132,2026-04-17 18:03:08,PDV 03,35,1.0,2.49,2.49,Dinheiro,5102,0.18,0.45
16133,2026-04-18 13:20:01,PDV 06,35,1.0,2.49,2.49,Cartão Débito,5102,0.18,0.45
16134,2026-04-18 13:18:37,PDV 01,35,2.0,2.49,4.98,Cartão Crédito,5102,0.18,0.9
16135,2026-04-18 19:46:02,PDV 06,35,1.0,2.49,2.49,Cartão Crédito,5102,0.18,0.45
16136,2026-04-19 17:54:31,PDV 04,35,2.0,2.49,4.98,Cartão Crédito,5102,0.18,0.9
16137,2026-04-19 11:33:32,PDV 04,35,2.0,2.49,4.98,Cartão Débito,5102,0.18,0.9
16138,2026-04-20 14:06:25,PDV 02,35,2.0,2.49,4.98,Cartão Débito,5102,0.18,0.9
16139,2026-04-21 20:50:49,PDV 03,35,2.0,2.49,4.98,Cartão Débito,5102,0.18,0.9
16140,2026-04-22 20:42:03,PDV 01,35,3.0,2.49,7.47,Cartão Débito,5102,0.18,1.34
16141,2026-04-23 12:14:20,PDV 02,35,3.0,2.49,7.47,Cartão Crédito,5102,0.18,1.34
16142,2026-04-24 08:31:44,PDV 06,35,2.0,2.49,4.98,Cartão Débito,5102,0.18,0.9
16143,2026-04-24 15:36:36,PDV 06,35,2.0,2.49,4.98,Cartão Crédito,5102,0.18,0.9
16144,2026-04-25 14:48:24,PDV 02,35,1.0,2.49,2.49,Cartão Crédito,5102,0.18,0.45
16145,2026-04-25 15:44:12,PDV 03,35,2.0,2.49,4.98,Cartão Débito,5102,0.18,0.9
16146,2026-04-25 17:51:24,PDV 02,35,1.0,2.49,2.49,Cartão Débito,5102,0.18,0.45
16147,2026-04-26 15:49:20,PDV 06,35,3.0,2.49,7.47,Cartão Crédito,5102,0.18,1.34
16148,2026-04-27 08:10:08,PDV 02,35,2.0,2.49,4.98,Cartão Débito,5102,0.18,0.9
16149,2026-04-28 12:02:23,PDV 04,35,3.0,2.49,7.47,Cartão Crédito,5102,0.18,1.34
16150,2026-04-29 15:54:54,PDV 01,35,2.0,2.49,4.98,Cartão Débito,5102,0.18,0.9
16151,2026-04-30 18:23:33,PDV 05,35,3.0,2.49,7.47,Cartão Crédito,5102,0.18,1.34
16152,2026-05-01 09:59:33,PDV 06,35,2.0,2.49,4.98,Cartão Débito,5102,0.18,0.9
16153,2026-05-01 16:56:58,PDV 01,35,2.0,2.49,4.98,Cartão Débito,5102,0.18,0.9
16154,2026-05-01 14:25:27,PDV 01,35,1.0,2.49,2.49,Cartão Crédito,5102,0.18,0.45
16155,2026-05-02 10:13:37,PDV 02,35,4.0,2.49,9.96,Cartão Crédito,5102,0.18,1.79
16156,2026-05-03 20:17:31,PDV 06,35,1.0,2.49,2.49,Cartão Crédito,5102,0.18,0.45
16157,2026-05-03 17:35:24,PDV 02,35,2.0,2.49,4.98,Cartão Crédito,5102,0.18,0.9
16158,2026-05-03 13:08:30,PDV 04,35,1.0,2.49,2.49,Cartão Crédito,5102,0.18,0.45
16159,2026-05-04 20:51:54,PDV 03,35,1.0,2.49,2.49,Cartão Débito,5102,0.18,0.45
16160,2026-05-04 10:00:09,PDV 02,35,1.0,2.49,2.49,PIX,5102,0.18,0.45
16161,2026-05-04 12:44:35,PDV 02,35,1.0,2.49,2.49,Cartão Débito,5102,0.18,0.45
16162,2026-05-05 14:12:46,PDV 01,35,1.0,2.49,2.49,Cartão Débito,5102,0.18,0.45
16163,2026-05-05 15:15:29,PDV 01,35,1.0,2.49,2.49,Cartão Débito,5102,0.18,0.45
16164,2026-05-05 08:14:04,PDV 01,35,1.0,2.49,2.49,Dinheiro,5102,0.18,0.45
16165,2026-05-06 19:09:24,PDV 06,35,3.0,2.49,7.47,Cartão Débito,5102,0.18,1.34
16166,2026-05-07 12:50:07,PDV 05,35,4.0,2.49,9.96,PIX,5102,0.18,1.79
16167,2026-05-08 08:24:05,PDV 01,35,1.0,2.49,2.49,Cartão Débito,5102,0.18,0.45
16168,2026-05-08 20:50:05,PDV 05,35,1.0,2.49,2.49,Cartão Crédito,5102,0.18,0.45
16169,2026-05-08 19:07:53,PDV 01,35,2.0,2.49,4.98,PIX,5102,0.18,0.9
16170,2026-05-08 20:51:39,PDV 02,35,1.0,2.49,2.49,Cartão Crédito,5102,0.18,0.45
16171,2026-05-09 18:43:38,PDV 02,35,2.0,2.49,4.98,PIX,5102,0.18,0.9
16172,2026-05-09 19:31:26,PDV 05,35,1.0,2.49,2.49,Cartão Crédito,5102,0.18,0.45
16173,2026-05-09 20:13:18,PDV 01,35,2.0,2.49,4.98,Dinheiro,5102,0.18,0.9
16174,2026-05-09 11:16:05,PDV 03,35,1.0,2.49,2.49,Cartão Débito,5102,0.18,0.45
16175,2026-05-10 16:06:07,PDV 05,35,5.0,2.49,12.45,Cartão Crédito,5102,0.18,2.24
16176,2026-05-11 08:21:58,PDV 01,35,2.0,2.49,4.98,Cartão Crédito,5102,0.18,0.9
16177,2026-05-11 11:10:20,PDV 06,35,1.0,2.49,2.49,Cartão Débito,5102,0.18,0.45
16178,2026-05-12 17:42:00,PDV 03,35,2.0,2.49,4.98,Cartão Débito,5102,0.18,0.9
16179,2026-05-13 08:32:23,PDV 04,35,2.0,2.49,4.98,Cartão Débito,5102,0.18,0.9
16180,2026-05-14 12:50:03,PDV 04,35,1.0,2.49,2.49,Cartão Crédito,5102,0.18,0.45
16181,2026-05-14 12:42:52,PDV 05,35,1.0,2.49,2.49,Cartão Crédito,5102,0.18,0.45
16182,2026-05-14 11:04:01,PDV 02,35,1.0,2.49,2.49,Cartão Débito,5102,0.18,0.45
16183,2026-05-15 20:58:24,PDV 03,35,2.0,2.49,4.98,Cartão Débito,5102,0.18,0.9
16184,2026-05-15 10:48:09,PDV 04,35,2.0,2.49,4.98,Cartão Débito,5102,0.18,0.9
16185,2026-05-15 15:38:17,PDV 01,35,1.0,2.49,2.49,Cartão Crédito,5102,0.18,0.45
16186,2026-05-16 08:14:13,PDV 04,35,2.0,2.49,4.98,Cartão Débito,5102,0.18,0.9
16187,2026-05-16 17:40:37,PDV 05,35,2.0,2.49,4.98,Dinheiro,5102,0.18,0.9
16188,2026-05-16 16:28:00,PDV 05,35,1.0,2.49,2.49,Dinheiro,5102,0.18,0.45
16189,2026-05-17 17:06:45,PDV 02,35,3.0,2.49,7.47,Cartão Débito,5102,0.18,1.34
16190,2026-05-18 17:18:05,PDV 02,35,2.0,2.49,4.98,PIX,5102,0.18,0.9
16191,2026-05-19 12:04:00,PDV 04,35,2.0,2.49,4.98,Cartão Débito,5102,0.18,0.9
16192,2026-05-19 10:27:48,PDV 04,35,1.0,2.49,2.49,Cartão Débito,5102,0.18,0.45
16193,2026-05-20 09:44:41,PDV 05,35,2.0,2.49,4.98,Cartão Débito,5102,0.18,0.9
16194,2026-05-21 14:15:05,PDV 06,35,2.0,2.49,4.98,PIX,5102,0.18,0.9
16195,2026-05-21 09:01:34,PDV 05,35,1.0,2.49,2.49,Cartão Crédito,5102,0.18,0.45
16196,2026-05-22 12:26:50,PDV 01,35,1.0,2.49,2.49,Cartão Débito,5102,0.18,0.45
16197,2026-05-22 11:25:02,PDV 04,35,2.0,2.49,4.98,Dinheiro,5102,0.18,0.9
16198,2026-05-22 08:03:17,PDV 04,35,1.0,2.49,2.49,Cartão Débito,5102,0.18,0.45
16199,2026-05-23 15:38:19,PDV 05,35,1.0,2.49,2.49,Cartão Débito,5102,0.18,0.45
16200,2026-05-23 18:40:37,PDV 05,35,1.0,2.49,2.49,Cartão Crédito,5102,0.18,0.45
16201,2026-05-23 16:16:33,PDV 01,35,1.0,2.49,2.49,Cartão Crédito,5102,0.18,0.45
16202,2026-05-23 18:15:25,PDV 01,35,1.0,2.49,2.49,Cartão Débito,5102,0.18,0.45
16203,2026-05-24 15:51:29,PDV 01,35,3.0,2.49,7.47,PIX,5102,0.18,1.34
16204,2026-05-25 15:31:48,PDV 02,35,2.0,2.49,4.98,Cartão Crédito,5102,0.18,0.9
16205,2026-05-26 17:58:19,PDV 05,35,2.0,2.49,4.98,Cartão Débito,5102,0.18,0.9
16206,2026-05-26 11:52:59,PDV 01,35,1.0,2.49,2.49,Cartão Crédito,5102,0.18,0.45
16207,2026-05-27 09:07:59,PDV 01,35,2.0,2.49,4.98,Cartão Crédito,5102,0.18,0.9
16208,2026-05-28 19:48:27,PDV 01,35,1.0,2.49,2.49,Dinheiro,5102,0.18,0.45
16209,2026-05-28 12:39:01,PDV 02,35,1.0,2.49,2.49,Dinheiro,5102,0.18,0.45
16210,2026-05-28 12:18:18,PDV 01,35,1.0,2.49,2.49,Dinheiro,5102,0.18,0.45
16211,2026-05-29 13:54:37,PDV 04,35,1.0,2.49,2.49,Cartão Crédito,5102,0.18,0.45
16212,2026-05-29 11:14:14,PDV 06,35,2.0,2.49,4.98,Cartão Crédito,5102,0.18,0.9
16213,2026-05-29 12:42:36,PDV 06,35,1.0,2.49,2.49,Cartão Crédito,5102,0.18,0.45
16214,2026-05-30 13:10:14,PDV 05,35,1.0,2.49,2.49,Dinheiro,5102,0.18,0.45
16215,2026-05-30 15:49:43,PDV 01,35,2.0,2.49,4.98,PIX,5102,0.18,0.9
16216,2026-05-30 19:14:23,PDV 02,35,1.0,2.49,2.49,Dinheiro,5102,0.18,0.45
16217,2026-05-31 12:39:44,PDV 05,35,3.0,2.49,7.47,Cartão Crédito,5102,0.18,1.34
16218,2026-06-01 18:25:22,PDV 02,35,2.0,2.49,4.98,Cartão Crédito,5102,0.18,0.9
16219,2026-06-01 19:07:47,PDV 05,35,1.0,2.49,2.49,Cartão Crédito,5102,0.18,0.45
16220,2026-06-02 11:06:29,PDV 02,35,2.0,2.49,4.98,Dinheiro,5102,0.18,0.9
16221,2026-06-02 12:48:27,PDV 06,35,1.0,2.49,2.49,Dinheiro,5102,0.18,0.45
16222,2026-06-03 16:31:45,PDV 06,35,2.0,2.49,4.98,Cartão Débito,5102,0.18,0.9
16223,2026-06-03 11:50:47,PDV 05,35,1.0,2.49,2.49,PIX,5102,0.18,0.45
16224,2026-06-04 13:42:15,PDV 05,35,1.0,2.49,2.49,Cartão Débito,5102,0.18,0.45
16225,2026-06-04 15:42:51,PDV 04,35,1.0,2.49,2.49,Cartão Crédito,5102,0.18,0.45
16226,2026-06-04 18:05:16,PDV 06,35,1.0,2.49,2.49,Cartão Débito,5102,0.18,0.45
16227,2026-06-04 11:17:36,PDV 02,35,1.0,2.49,2.49,PIX,5102,0.18,0.45
16228,2026-06-05 17:24:28,PDV 01,35,1.0,2.49,2.49,Cartão Crédito,5102,0.18,0.45
16229,2026-06-05 13:23:35,PDV 06,35,1.0,2.49,2.49,Cartão Débito,5102,0.18,0.45
16230,2026-06-05 11:52:20,PDV 04,35,2.0,2.49,4.98,Cartão Crédito,5102,0.18,0.9
16231,2026-06-05 09:56:45,PDV 01,35,1.0,2.49,2.49,Cartão Débito,5102,0.18,0.45
16232,2026-06-06 08:25:44,PDV 05,35,2.0,2.49,4.98,Cartão Crédito,5102,0.18,0.9
16233,2026-06-06 11:59:56,PDV 03,35,2.0,2.49,4.98,PIX,5102,0.18,0.9
16234,2026-06-06 14:19:25,PDV 02,35,1.0,2.49,2.49,PIX,5102,0.18,0.45
16235,2026-06-07 08:06:18,PDV 06,35,1.0,2.49,2.49,Dinheiro,5102,0.18,0.45
16236,2026-06-07 18:20:23,PDV 04,35,1.0,2.49,2.49,Cartão Débito,5102,0.18,0.45
16237,2026-06-07 11:38:45,PDV 02,35,1.0,2.49,2.49,Cartão Débito,5102,0.18,0.45
16238,2026-06-07 10:30:44,PDV 01,35,1.0,2.49,2.49,Cartão Crédito,5102,0.18,0.45
16239,2026-06-08 14:47:37,PDV 02,35,2.0,2.49,4.98,Cartão Débito,5102,0.18,0.9
16240,2026-06-08 10:38:53,PDV 06,35,1.0,2.49,2.49,Cartão Débito,5102,0.18,0.45
16241,2026-06-09 17:59:11,PDV 04,35,3.0,2.49,7.47,Dinheiro,5102,0.18,1.34
16242,2026-06-10 08:42:05,PDV 01,35,3.0,2.49,7.47,Cartão Crédito,5102,0.18,1.34
16243,2026-06-11 08:05:52,PDV 03,35,1.0,2.49,2.49,Cartão Crédito,5102,0.18,0.45
16244,2026-06-11 14:04:54,PDV 05,35,1.0,2.49,2.49,Cartão Crédito,5102,0.18,0.45
16245,2026-06-11 16:16:50,PDV 03,35,1.0,2.49,2.49,Dinheiro,5102,0.18,0.45
16246,2026-06-12 10:05:54,PDV 02,35,4.0,2.49,9.96,Cartão Débito,5102,0.18,1.79
16247,2026-06-13 18:48:12,PDV 05,35,2.0,2.49,4.98,PIX,5102,0.18,0.9
16248,2026-06-13 18:24:53,PDV 05,35,2.0,2.49,4.98,Cartão Crédito,5102,0.18,0.9
16249,2026-06-14 15:08:12,PDV 06,35,1.0,2.49,2.49,Dinheiro,5102,0.18,0.45
16250,2026-06-14 09:03:16,PDV 06,35,1.0,2.49,2.49,Cartão Débito,5102,0.18,0.45
16251,2026-06-14 09:31:43,PDV 04,35,1.0,2.49,2.49,Dinheiro,5102,0.18,0.45
16252,2026-06-14 11:40:26,PDV 03,35,1.0,2.49,2.49,Dinheiro,5102,0.18,0.45
16253,2026-06-15 19:26:04,PDV 05,35,2.0,2.49,4.98,Cartão Débito,5102,0.18,0.9
16254,2026-06-16 09:49:33,PDV 05,35,2.0,2.49,4.98,Cartão Débito,5102,0.18,0.9
16255,2026-06-17 10:01:26,PDV 02,35,2.0,2.49,4.98,PIX,5102,0.18,0.9
16256,2026-06-18 19:25:52,PDV 03,35,1.0,2.49,2.49,Cartão Débito,5102,0.18,0.45
16257,2026-06-18 14:04:40,PDV 06,35,1.0,2.49,2.49,Cartão Crédito,5102,0.18,0.45
16258,2026-06-18 19:14:53,PDV 01,35,1.0,2.49,2.49,Cartão Débito,5102,0.18,0.45
16259,2026-06-19 12:48:07,PDV 06,35,1.0,2.49,2.49,Cartão Crédito,5102,0.18,0.45
16260,2026-06-19 17:15:27,PDV 05,35,1.0,2.49,2.49,Cartão Débito,5102,0.18,0.45
16261,2026-06-19 18:39:37,PDV 01,35,2.0,2.49,4.98,Cartão Crédito,5102,0.18,0.9
16262,2026-06-19 15:27:17,PDV 01,35,1.0,2.49,2.49,PIX,5102,0.18,0.45
16263,2026-06-20 11:50:36,PDV 06,35,2.0,2.49,4.98,Cartão Débito,5102,0.18,0.9
16264,2026-06-20 17:46:14,PDV 06,35,2.0,2.49,4.98,Cartão Débito,5102,0.18,0.9
16265,2026-06-21 10:50:57,PDV 05,35,2.0,2.49,4.98,Cartão Débito,5102,0.18,0.9
16266,2026-06-21 18:51:25,PDV 04,35,1.0,2.49,2.49,Dinheiro,5102,0.18,0.45
16267,2026-06-22 10:24:56,PDV 05,35,2.0,2.49,4.98,Cartão Débito,5102,0.18,0.9
16268,2026-06-23 12:38:54,PDV 05,35,1.0,2.49,2.49,Cartão Crédito,5102,0.18,0.45
16269,2026-06-23 10:59:11,PDV 03,35,1.0,2.49,2.49,Cartão Débito,5102,0.18,0.45
16270,2026-06-23 17:26:48,PDV 03,35,1.0,2.49,2.49,Cartão Débito,5102,0.18,0.45
16271,2026-06-24 18:33:17,PDV 02,35,2.0,2.49,4.98,PIX,5102,0.18,0.9
16272,2026-06-25 20:45:46,PDV 05,35,1.0,2.49,2.49,Cartão Crédito,5102,0.18,0.45
16273,2026-06-25 09:55:56,PDV 01,35,1.0,2.49,2.49,Cartão Débito,5102,0.18,0.45
16274,2026-06-25 20:14:14,PDV 01,35,1.0,2.49,2.49,Cartão Crédito,5102,0.18,0.45
16275,2026-06-25 08:38:45,PDV 05,35,1.0,2.49,2.49,Cartão Débito,5102,0.18,0.45
16276,2026-06-26 15:05:53,PDV 03,35,1.0,2.49,2.49,Cartão Débito,5102,0.18,0.45
16277,2026-06-26 13:38:43,PDV 06,35,1.0,2.49,2.49,PIX,5102,0.18,0.45
16278,2026-06-26 08:49:40,PDV 04,35,1.0,2.49,2.49,Cartão Crédito,5102,0.18,0.45
16279,2026-06-26 10:49:30,PDV 05,35,1.0,2.49,2.49,Cartão Crédito,5102,0.18,0.45
16280,2026-06-27 10:59:22,PDV 05,35,4.0,2.49,9.96,Cartão Débito,5102,0.18,1.79
16281,2026-06-28 08:45:46,PDV 03,35,3.0,2.49,7.47,Dinheiro,5102,0.18,1.34
16282,2026-04-01 15:39:44,PDV 04,36,2.0,12.9,25.8,PIX,5102,0.18,4.64
16283,2026-04-01 11:40:25,PDV 03,36,2.0,12.9,25.8,Cartão Débito,5102,0.18,4.64
16284,2026-04-02 13:21:05,PDV 06,36,1.0,12.9,12.9,Cartão Crédito,5102,0.18,2.32
16285,2026-04-02 08:23:56,PDV 01,36,2.0,12.9,25.8,Cartão Débito,5102,0.18,4.64
16286,2026-04-02 09:39:19,PDV 06,36,1.0,12.9,12.9,Cartão Crédito,5102,0.18,2.32
16287,2026-04-03 19:08:08,PDV 04,36,2.0,12.9,25.8,PIX,5102,0.18,4.64
16288,2026-04-03 11:44:03,PDV 01,36,2.0,12.9,25.8,Cartão Débito,5102,0.18,4.64
16289,2026-04-03 08:28:08,PDV 02,36,1.0,12.9,12.9,Cartão Débito,5102,0.18,2.32
16290,2026-04-04 10:47:41,PDV 05,36,5.0,12.9,64.5,Cartão Débito,5102,0.18,11.61
16291,2026-04-05 18:17:43,PDV 02,36,2.0,12.9,25.8,PIX,5102,0.18,4.64
16292,2026-04-05 18:17:12,PDV 04,36,3.0,12.9,38.7,Cartão Débito,5102,0.18,6.97
16293,2026-04-06 17:07:27,PDV 05,36,3.0,12.9,38.7,Cartão Débito,5102,0.18,6.97
16294,2026-04-07 17:07:55,PDV 04,36,4.0,12.9,51.6,Cartão Crédito,5102,0.18,9.29
16295,2026-04-08 09:27:53,PDV 04,36,3.0,12.9,38.7,Cartão Crédito,5102,0.18,6.97
16296,2026-04-09 19:43:19,PDV 01,36,1.0,12.9,12.9,Cartão Débito,5102,0.18,2.32
16297,2026-04-09 08:16:23,PDV 03,36,1.0,12.9,12.9,Dinheiro,5102,0.18,2.32
16298,2026-04-09 09:01:24,PDV 01,36,1.0,12.9,12.9,Cartão Crédito,5102,0.18,2.32
16299,2026-04-09 12:37:29,PDV 01,36,1.0,12.9,12.9,Cartão Débito,5102,0.18,2.32
16300,2026-04-10 12:50:47,PDV 03,36,2.0,12.9,25.8,Cartão Crédito,5102,0.18,4.64
16301,2026-04-10 09:21:46,PDV 06,36,2.0,12.9,25.8,Cartão Débito,5102,0.18,4.64
16302,2026-04-10 14:19:09,PDV 05,36,2.0,12.9,25.8,Dinheiro,5102,0.18,4.64
16303,2026-04-11 16:00:37,PDV 02,36,2.0,12.9,25.8,Cartão Débito,5102,0.18,4.64
16304,2026-04-11 09:22:00,PDV 03,36,2.0,12.9,25.8,PIX,5102,0.18,4.64
16305,2026-04-12 17:36:45,PDV 04,36,1.0,12.9,12.9,Cartão Débito,5102,0.18,2.32
16306,2026-04-12 19:49:12,PDV 01,36,1.0,12.9,12.9,Cartão Débito,5102,0.18,2.32
16307,2026-04-12 10:45:21,PDV 03,36,1.0,12.9,12.9,Cartão Débito,5102,0.18,2.32
16308,2026-04-12 11:44:10,PDV 02,36,1.0,12.9,12.9,Cartão Crédito,5102,0.18,2.32
16309,2026-04-13 16:59:03,PDV 03,36,2.0,12.9,25.8,Cartão Crédito,5102,0.18,4.64
16310,2026-04-14 11:29:41,PDV 04,36,1.0,12.9,12.9,Cartão Crédito,5102,0.18,2.32
16311,2026-04-14 11:22:58,PDV 03,36,1.0,12.9,12.9,Cartão Crédito,5102,0.18,2.32
16312,2026-04-14 19:54:45,PDV 03,36,1.0,12.9,12.9,Cartão Crédito,5102,0.18,2.32
16313,2026-04-15 10:21:47,PDV 06,36,2.0,12.9,25.8,Cartão Débito,5102,0.18,4.64
16314,2026-04-15 13:02:49,PDV 01,36,1.0,12.9,12.9,Cartão Débito,5102,0.18,2.32
16315,2026-04-16 20:10:52,PDV 03,36,1.0,12.9,12.9,Cartão Débito,5102,0.18,2.32
16316,2026-04-16 18:27:53,PDV 02,36,2.0,12.9,25.8,Cartão Crédito,5102,0.18,4.64
16317,2026-04-16 19:34:35,PDV 05,36,1.0,12.9,12.9,Cartão Débito,5102,0.18,2.32
16318,2026-04-17 11:05:28,PDV 03,36,5.0,12.9,64.5,Cartão Crédito,5102,0.18,11.61
16319,2026-04-18 11:01:16,PDV 03,36,5.0,12.9,64.5,PIX,5102,0.18,11.61
16320,2026-04-19 20:32:00,PDV 06,36,1.0,12.9,12.9,PIX,5102,0.18,2.32
16321,2026-04-19 15:07:53,PDV 05,36,1.0,12.9,12.9,Cartão Crédito,5102,0.18,2.32
16322,2026-04-19 20:56:54,PDV 03,36,1.0,12.9,12.9,PIX,5102,0.18,2.32
16323,2026-04-20 10:38:57,PDV 02,36,3.0,12.9,38.7,Cartão Débito,5102,0.18,6.97
16324,2026-04-21 13:44:49,PDV 03,36,1.0,12.9,12.9,Cartão Crédito,5102,0.18,2.32
16325,2026-04-21 13:38:56,PDV 02,36,1.0,12.9,12.9,Cartão Débito,5102,0.18,2.32
16326,2026-04-21 19:50:22,PDV 05,36,1.0,12.9,12.9,Cartão Crédito,5102,0.18,2.32
16327,2026-04-22 15:31:38,PDV 05,36,2.0,12.9,25.8,Dinheiro,5102,0.18,4.64
16328,2026-04-22 09:06:43,PDV 02,36,1.0,12.9,12.9,PIX,5102,0.18,2.32
16329,2026-04-23 08:45:19,PDV 03,36,2.0,12.9,25.8,Cartão Crédito,5102,0.18,4.64
16330,2026-04-23 10:28:55,PDV 03,36,2.0,12.9,25.8,Cartão Débito,5102,0.18,4.64
16331,2026-04-24 09:24:00,PDV 05,36,4.0,12.9,51.6,Cartão Crédito,5102,0.18,9.29
16332,2026-04-25 16:36:29,PDV 01,36,2.0,12.9,25.8,PIX,5102,0.18,4.64
16333,2026-04-25 09:56:22,PDV 06,36,2.0,12.9,25.8,Dinheiro,5102,0.18,4.64
16334,2026-04-25 10:11:07,PDV 02,36,1.0,12.9,12.9,Cartão Débito,5102,0.18,2.32
16335,2026-04-26 08:00:58,PDV 05,36,1.0,12.9,12.9,Cartão Débito,5102,0.18,2.32
16336,2026-04-26 15:27:43,PDV 06,36,1.0,12.9,12.9,Cartão Débito,5102,0.18,2.32
16337,2026-04-26 18:32:40,PDV 05,36,1.0,12.9,12.9,PIX,5102,0.18,2.32
16338,2026-04-26 17:39:46,PDV 02,36,1.0,12.9,12.9,Cartão Débito,5102,0.18,2.32
16339,2026-04-27 12:24:57,PDV 01,36,2.0,12.9,25.8,Cartão Crédito,5102,0.18,4.64
16340,2026-04-27 19:15:46,PDV 05,36,1.0,12.9,12.9,Cartão Crédito,5102,0.18,2.32
16341,2026-04-28 18:30:36,PDV 05,36,2.0,12.9,25.8,Cartão Débito,5102,0.18,4.64
16342,2026-04-29 18:58:59,PDV 03,36,3.0,12.9,38.7,Cartão Crédito,5102,0.18,6.97
16343,2026-04-30 20:54:54,PDV 02,36,4.0,12.9,51.6,Cartão Débito,5102,0.18,9.29
16344,2026-05-01 19:34:56,PDV 05,36,1.0,12.9,12.9,Cartão Crédito,5102,0.18,2.32
16345,2026-05-01 10:32:23,PDV 06,36,1.0,12.9,12.9,Cartão Crédito,5102,0.18,2.32
16346,2026-05-01 16:55:39,PDV 05,36,2.0,12.9,25.8,Cartão Débito,5102,0.18,4.64
16347,2026-05-01 18:06:34,PDV 03,36,1.0,12.9,12.9,PIX,5102,0.18,2.32
16348,2026-05-02 14:44:15,PDV 01,36,2.0,12.9,25.8,Cartão Crédito,5102,0.18,4.64
16349,2026-05-02 17:00:41,PDV 01,36,1.0,12.9,12.9,Cartão Crédito,5102,0.18,2.32
16350,2026-05-02 15:37:18,PDV 05,36,2.0,12.9,25.8,Cartão Crédito,5102,0.18,4.64
16351,2026-05-02 17:54:50,PDV 06,36,1.0,12.9,12.9,Cartão Crédito,5102,0.18,2.32
16352,2026-05-03 20:17:20,PDV 04,36,2.0,12.9,25.8,Cartão Crédito,5102,0.18,4.64
16353,2026-05-03 18:42:16,PDV 03,36,2.0,12.9,25.8,Cartão Débito,5102,0.18,4.64
16354,2026-05-03 08:28:25,PDV 05,36,1.0,12.9,12.9,Dinheiro,5102,0.18,2.32
16355,2026-05-04 19:27:08,PDV 04,36,3.0,12.9,38.7,Cartão Crédito,5102,0.18,6.97
16356,2026-05-05 12:41:14,PDV 03,36,2.0,12.9,25.8,PIX,5102,0.18,4.64
16357,2026-05-05 13:36:06,PDV 06,36,1.0,12.9,12.9,Cartão Débito,5102,0.18,2.32
16358,2026-05-06 12:15:21,PDV 05,36,1.0,12.9,12.9,Cartão Crédito,5102,0.18,2.32
16359,2026-05-06 16:13:58,PDV 05,36,1.0,12.9,12.9,Cartão Crédito,5102,0.18,2.32
16360,2026-05-06 18:40:45,PDV 05,36,1.0,12.9,12.9,Cartão Crédito,5102,0.18,2.32
16361,2026-05-07 20:38:45,PDV 05,36,1.0,12.9,12.9,Dinheiro,5102,0.18,2.32
16362,2026-05-07 13:32:54,PDV 03,36,1.0,12.9,12.9,Cartão Crédito,5102,0.18,2.32
16363,2026-05-07 20:14:59,PDV 06,36,1.0,12.9,12.9,Cartão Crédito,5102,0.18,2.32
16364,2026-05-07 14:42:51,PDV 05,36,1.0,12.9,12.9,Cartão Débito,5102,0.18,2.32
16365,2026-05-08 16:19:52,PDV 02,36,2.0,12.9,25.8,Dinheiro,5102,0.18,4.64
16366,2026-05-08 18:02:31,PDV 06,36,1.0,12.9,12.9,Cartão Débito,5102,0.18,2.32
16367,2026-05-08 15:41:42,PDV 01,36,2.0,12.9,25.8,PIX,5102,0.18,4.64
16368,2026-05-08 15:29:24,PDV 01,36,1.0,12.9,12.9,PIX,5102,0.18,2.32
16369,2026-05-09 13:42:01,PDV 06,36,2.0,12.9,25.8,Cartão Crédito,5102,0.18,4.64
16370,2026-05-09 15:32:34,PDV 02,36,3.0,12.9,38.7,Cartão Débito,5102,0.18,6.97
16371,2026-05-10 10:12:12,PDV 06,36,2.0,12.9,25.8,Cartão Crédito,5102,0.18,4.64
16372,2026-05-10 13:18:00,PDV 02,36,3.0,12.9,38.7,Dinheiro,5102,0.18,6.97
16373,2026-05-11 17:37:38,PDV 03,36,2.0,12.9,25.8,Cartão Débito,5102,0.18,4.64
16374,2026-05-11 16:21:43,PDV 01,36,1.0,12.9,12.9,Cartão Crédito,5102,0.18,2.32
16375,2026-05-12 09:48:08,PDV 06,36,3.0,12.9,38.7,PIX,5102,0.18,6.97
16376,2026-05-13 11:10:29,PDV 02,36,2.0,12.9,25.8,Cartão Débito,5102,0.18,4.64
16377,2026-05-13 18:45:21,PDV 01,36,1.0,12.9,12.9,Cartão Débito,5102,0.18,2.32
16378,2026-05-14 10:16:38,PDV 06,36,1.0,12.9,12.9,Cartão Débito,5102,0.18,2.32
16379,2026-05-14 10:08:15,PDV 03,36,1.0,12.9,12.9,Cartão Crédito,5102,0.18,2.32
16380,2026-05-14 09:18:27,PDV 05,36,1.0,12.9,12.9,Cartão Débito,5102,0.18,2.32
16381,2026-05-14 08:37:15,PDV 06,36,1.0,12.9,12.9,Cartão Débito,5102,0.18,2.32
16382,2026-05-15 13:44:28,PDV 01,36,2.0,12.9,25.8,Dinheiro,5102,0.18,4.64
16383,2026-05-15 10:02:02,PDV 04,36,2.0,12.9,25.8,Cartão Débito,5102,0.18,4.64
16384,2026-05-15 12:04:12,PDV 04,36,1.0,12.9,12.9,Dinheiro,5102,0.18,2.32
16385,2026-05-16 20:23:36,PDV 03,36,1.0,12.9,12.9,PIX,5102,0.18,2.32
16386,2026-05-16 20:25:07,PDV 02,36,2.0,12.9,25.8,Cartão Débito,5102,0.18,4.64
16387,2026-05-16 17:15:59,PDV 06,36,1.0,12.9,12.9,Cartão Crédito,5102,0.18,2.32
16388,2026-05-17 10:30:43,PDV 06,36,1.0,12.9,12.9,PIX,5102,0.18,2.32
16389,2026-05-17 08:53:26,PDV 03,36,1.0,12.9,12.9,Cartão Débito,5102,0.18,2.32
16390,2026-05-17 19:25:06,PDV 02,36,1.0,12.9,12.9,Cartão Débito,5102,0.18,2.32
16391,2026-05-18 16:41:15,PDV 06,36,3.0,12.9,38.7,Cartão Crédito,5102,0.18,6.97
16392,2026-05-19 08:23:24,PDV 03,36,2.0,12.9,25.8,Cartão Débito,5102,0.18,4.64
16393,2026-05-20 19:22:15,PDV 06,36,1.0,12.9,12.9,Cartão Débito,5102,0.18,2.32
16394,2026-05-20 12:23:23,PDV 03,36,1.0,12.9,12.9,PIX,5102,0.18,2.32
16395,2026-05-20 13:37:21,PDV 01,36,1.0,12.9,12.9,Cartão Débito,5102,0.18,2.32
16396,2026-05-21 11:45:21,PDV 04,36,2.0,12.9,25.8,Cartão Débito,5102,0.18,4.64
16397,2026-05-21 15:31:49,PDV 05,36,1.0,12.9,12.9,Cartão Crédito,5102,0.18,2.32
16398,2026-05-22 20:13:14,PDV 06,36,1.0,12.9,12.9,Cartão Débito,5102,0.18,2.32
16399,2026-05-22 14:54:12,PDV 05,36,2.0,12.9,25.8,Cartão Crédito,5102,0.18,4.64
16400,2026-05-22 08:16:43,PDV 04,36,1.0,12.9,12.9,Cartão Débito,5102,0.18,2.32
16401,2026-05-23 19:47:52,PDV 02,36,2.0,12.9,25.8,Cartão Crédito,5102,0.18,4.64
16402,2026-05-23 14:46:42,PDV 02,36,2.0,12.9,25.8,Dinheiro,5102,0.18,4.64
16403,2026-05-24 17:01:11,PDV 06,36,2.0,12.9,25.8,Cartão Débito,5102,0.18,4.64
16404,2026-05-24 08:36:28,PDV 03,36,1.0,12.9,12.9,Dinheiro,5102,0.18,2.32
16405,2026-05-25 08:25:06,PDV 04,36,1.0,12.9,12.9,PIX,5102,0.18,2.32
16406,2026-05-25 08:27:41,PDV 04,36,1.0,12.9,12.9,Cartão Débito,5102,0.18,2.32
16407,2026-05-25 19:04:21,PDV 06,36,1.0,12.9,12.9,Cartão Débito,5102,0.18,2.32
16408,2026-05-26 08:03:13,PDV 05,36,2.0,12.9,25.8,PIX,5102,0.18,4.64
16409,2026-05-27 12:39:02,PDV 04,36,2.0,12.9,25.8,Cartão Crédito,5102,0.18,4.64
16410,2026-05-27 15:57:10,PDV 01,36,1.0,12.9,12.9,Cartão Débito,5102,0.18,2.32
16411,2026-05-28 16:41:12,PDV 06,36,4.0,12.9,51.6,Cartão Débito,5102,0.18,9.29
16412,2026-05-29 17:47:40,PDV 01,36,2.0,12.9,25.8,Cartão Crédito,5102,0.18,4.64
16413,2026-05-29 10:36:58,PDV 04,36,2.0,12.9,25.8,PIX,5102,0.18,4.64
16414,2026-05-30 09:00:54,PDV 03,36,2.0,12.9,25.8,Cartão Débito,5102,0.18,4.64
16415,2026-05-30 15:05:10,PDV 02,36,3.0,12.9,38.7,Dinheiro,5102,0.18,6.97
16416,2026-05-31 08:57:35,PDV 02,36,4.0,12.9,51.6,PIX,5102,0.18,9.29
16417,2026-06-01 18:29:28,PDV 06,36,2.0,12.9,25.8,Cartão Débito,5102,0.18,4.64
16418,2026-06-01 15:49:03,PDV 03,36,2.0,12.9,25.8,Cartão Débito,5102,0.18,4.64
16419,2026-06-02 13:31:47,PDV 05,36,1.0,12.9,12.9,Cartão Crédito,5102,0.18,2.32
16420,2026-06-02 15:50:10,PDV 05,36,1.0,12.9,12.9,Dinheiro,5102,0.18,2.32
16421,2026-06-02 08:25:12,PDV 02,36,1.0,12.9,12.9,Cartão Débito,5102,0.18,2.32
16422,2026-06-03 16:53:44,PDV 06,36,1.0,12.9,12.9,Cartão Crédito,5102,0.18,2.32
16423,2026-06-03 09:10:26,PDV 05,36,1.0,12.9,12.9,Cartão Crédito,5102,0.18,2.32
16424,2026-06-03 12:16:26,PDV 06,36,1.0,12.9,12.9,Cartão Crédito,5102,0.18,2.32
16425,2026-06-04 10:47:56,PDV 03,36,1.0,12.9,12.9,Cartão Crédito,5102,0.18,2.32
16426,2026-06-04 08:54:36,PDV 04,36,2.0,12.9,25.8,PIX,5102,0.18,4.64
16427,2026-06-04 08:41:27,PDV 03,36,1.0,12.9,12.9,Cartão Crédito,5102,0.18,2.32
16428,2026-06-05 13:11:23,PDV 04,36,2.0,12.9,25.8,Cartão Débito,5102,0.18,4.64
16429,2026-06-05 16:29:44,PDV 03,36,2.0,12.9,25.8,Cartão Crédito,5102,0.18,4.64
16430,2026-06-05 16:57:34,PDV 03,36,2.0,12.9,25.8,Cartão Débito,5102,0.18,4.64
16431,2026-06-06 20:44:44,PDV 05,36,6.0,12.9,77.4,Cartão Débito,5102,0.18,13.93
16432,2026-06-07 15:29:29,PDV 01,36,2.0,12.9,25.8,Dinheiro,5102,0.18,4.64
16433,2026-06-07 09:09:57,PDV 05,36,2.0,12.9,25.8,Cartão Crédito,5102,0.18,4.64
16434,2026-06-07 17:29:58,PDV 02,36,1.0,12.9,12.9,Cartão Crédito,5102,0.18,2.32
16435,2026-06-08 14:33:03,PDV 05,36,3.0,12.9,38.7,Cartão Débito,5102,0.18,6.97
16436,2026-06-09 14:43:46,PDV 01,36,3.0,12.9,38.7,Cartão Crédito,5102,0.18,6.97
16437,2026-06-10 12:07:28,PDV 01,36,1.0,12.9,12.9,Cartão Débito,5102,0.18,2.32
16438,2026-06-10 11:55:31,PDV 01,36,1.0,12.9,12.9,Cartão Crédito,5102,0.18,2.32
16439,2026-06-10 14:02:21,PDV 04,36,1.0,12.9,12.9,Cartão Crédito,5102,0.18,2.32
16440,2026-06-10 14:34:32,PDV 01,36,1.0,12.9,12.9,PIX,5102,0.18,2.32
16441,2026-06-11 19:53:41,PDV 04,36,4.0,12.9,51.6,Cartão Débito,5102,0.18,9.29
16442,2026-06-12 17:53:23,PDV 06,36,1.0,12.9,12.9,Cartão Débito,5102,0.18,2.32
16443,2026-06-12 15:37:33,PDV 02,36,1.0,12.9,12.9,PIX,5102,0.18,2.32
16444,2026-06-12 10:48:48,PDV 03,36,1.0,12.9,12.9,Cartão Débito,5102,0.18,2.32
16445,2026-06-12 18:23:15,PDV 03,36,1.0,12.9,12.9,Cartão Crédito,5102,0.18,2.32
16446,2026-06-13 09:53:25,PDV 01,36,2.0,12.9,25.8,Cartão Débito,5102,0.18,4.64
16447,2026-06-13 17:05:39,PDV 05,36,2.0,12.9,25.8,Cartão Crédito,5102,0.18,4.64
16448,2026-06-13 16:01:33,PDV 04,36,1.0,12.9,12.9,Cartão Débito,5102,0.18,2.32
16449,2026-06-14 09:30:00,PDV 06,36,1.0,12.9,12.9,Cartão Crédito,5102,0.18,2.32
16450,2026-06-14 19:43:25,PDV 04,36,1.0,12.9,12.9,PIX,5102,0.18,2.32
16451,2026-06-14 09:23:10,PDV 01,36,1.0,12.9,12.9,Cartão Crédito,5102,0.18,2.32
16452,2026-06-15 09:46:03,PDV 04,36,1.0,12.9,12.9,PIX,5102,0.18,2.32
16453,2026-06-15 08:18:14,PDV 02,36,1.0,12.9,12.9,Cartão Crédito,5102,0.18,2.32
16454,2026-06-15 16:37:23,PDV 06,36,1.0,12.9,12.9,Cartão Crédito,5102,0.18,2.32
16455,2026-06-16 15:44:09,PDV 06,36,2.0,12.9,25.8,Dinheiro,5102,0.18,4.64
16456,2026-06-16 14:05:42,PDV 01,36,1.0,12.9,12.9,Cartão Débito,5102,0.18,2.32
16457,2026-06-17 09:02:59,PDV 05,36,3.0,12.9,38.7,Dinheiro,5102,0.18,6.97
16458,2026-06-18 18:30:03,PDV 01,36,4.0,12.9,51.6,Cartão Crédito,5102,0.18,9.29
16459,2026-06-19 08:46:11,PDV 01,36,1.0,12.9,12.9,Cartão Débito,5102,0.18,2.32
16460,2026-06-19 10:22:42,PDV 03,36,2.0,12.9,25.8,Cartão Crédito,5102,0.18,4.64
16461,2026-06-19 10:43:48,PDV 06,36,1.0,12.9,12.9,Cartão Débito,5102,0.18,2.32
16462,2026-06-20 08:05:00,PDV 06,36,2.0,12.9,25.8,Cartão Débito,5102,0.18,4.64
16463,2026-06-20 15:23:57,PDV 05,36,2.0,12.9,25.8,PIX,5102,0.18,4.64
16464,2026-06-21 12:41:29,PDV 06,36,2.0,12.9,25.8,Cartão Crédito,5102,0.18,4.64
16465,2026-06-21 18:55:59,PDV 03,36,1.0,12.9,12.9,Cartão Crédito,5102,0.18,2.32
16466,2026-06-22 17:27:20,PDV 05,36,2.0,12.9,25.8,PIX,5102,0.18,4.64
16467,2026-06-23 19:19:16,PDV 02,36,2.0,12.9,25.8,Cartão Débito,5102,0.18,4.64
16468,2026-06-23 14:42:43,PDV 06,36,1.0,12.9,12.9,Cartão Crédito,5102,0.18,2.32
16469,2026-06-24 19:16:42,PDV 06,36,2.0,12.9,25.8,Cartão Débito,5102,0.18,4.64
16470,2026-06-25 09:25:18,PDV 01,36,2.0,12.9,25.8,Cartão Débito,5102,0.18,4.64
16471,2026-06-25 19:13:28,PDV 03,36,1.0,12.9,12.9,Cartão Débito,5102,0.18,2.32
16472,2026-06-26 09:57:57,PDV 02,36,2.0,12.9,25.8,Cartão Débito,5102,0.18,4.64
16473,2026-06-26 20:39:49,PDV 02,36,2.0,12.9,25.8,PIX,5102,0.18,4.64
16474,2026-06-26 20:27:50,PDV 04,36,1.0,12.9,12.9,Cartão Crédito,5102,0.18,2.32
16475,2026-06-27 14:34:07,PDV 06,36,1.0,12.9,12.9,Cartão Crédito,5102,0.18,2.32
16476,2026-06-27 14:49:58,PDV 01,36,1.0,12.9,12.9,PIX,5102,0.18,2.32
16477,2026-06-27 13:21:31,PDV 01,36,1.0,12.9,12.9,PIX,5102,0.18,2.32
16478,2026-06-27 15:19:38,PDV 06,36,1.0,12.9,12.9,Cartão Débito,5102,0.18,2.32
16479,2026-06-28 16:19:39,PDV 06,36,1.0,12.9,12.9,Cartão Débito,5102,0.18,2.32
16480,2026-06-28 16:05:17,PDV 03,36,2.0,12.9,25.8,Cartão Crédito,5102,0.18,4.64
16481,2026-06-28 08:32:03,PDV 02,36,1.0,12.9,12.9,Dinheiro,5102,0.18,2.32
16482,2026-04-01 12:22:51,PDV 02,37,2.0,11.5,23.0,Cartão Crédito,5102,0.18,4.14
16483,2026-04-02 10:27:28,PDV 04,37,2.0,11.5,23.0,Cartão Crédito,5102,0.18,4.14
16484,2026-04-03 16:33:41,PDV 05,37,2.0,11.5,23.0,Cartão Crédito,5102,0.18,4.14
16485,2026-04-04 16:29:30,PDV 03,37,1.0,11.5,11.5,Cartão Débito,5102,0.18,2.07
16486,2026-04-04 13:32:16,PDV 04,37,1.0,11.5,11.5,PIX,5102,0.18,2.07
16487,2026-04-04 09:15:17,PDV 01,37,1.0,11.5,11.5,Cartão Débito,5102,0.18,2.07
16488,2026-04-05 17:59:08,PDV 06,37,2.0,11.5,23.0,Dinheiro,5102,0.18,4.14
16489,2026-04-06 19:13:26,PDV 01,37,1.0,11.5,11.5,Cartão Crédito,5102,0.18,2.07
16490,2026-04-07 17:27:11,PDV 06,37,1.0,11.5,11.5,Cartão Crédito,5102,0.18,2.07
16491,2026-04-08 18:04:44,PDV 05,37,1.0,11.5,11.5,Cartão Débito,5102,0.18,2.07
16492,2026-04-09 14:57:15,PDV 05,37,2.0,11.5,23.0,Cartão Crédito,5102,0.18,4.14
16493,2026-04-10 10:53:17,PDV 05,37,3.0,11.5,34.5,Cartão Débito,5102,0.18,6.21
16494,2026-04-11 12:30:38,PDV 02,37,2.0,11.5,23.0,Cartão Crédito,5102,0.18,4.14
16495,2026-04-12 20:42:22,PDV 04,37,1.0,11.5,11.5,Cartão Débito,5102,0.18,2.07
16496,2026-04-13 09:23:26,PDV 05,37,1.0,11.5,11.5,PIX,5102,0.18,2.07
16497,2026-04-14 10:45:08,PDV 06,37,1.0,11.5,11.5,Dinheiro,5102,0.18,2.07
16498,2026-04-15 08:51:29,PDV 01,37,1.0,11.5,11.5,Cartão Crédito,5102,0.18,2.07
16499,2026-04-16 13:39:16,PDV 05,37,2.0,11.5,23.0,Cartão Débito,5102,0.18,4.14
16500,2026-04-17 13:14:06,PDV 04,37,2.0,11.5,23.0,Cartão Débito,5102,0.18,4.14
16501,2026-04-18 19:08:28,PDV 06,37,2.0,11.5,23.0,Dinheiro,5102,0.18,4.14
16502,2026-04-19 11:15:03,PDV 02,37,1.0,11.5,11.5,PIX,5102,0.18,2.07
16503,2026-04-20 18:11:51,PDV 06,37,1.0,11.5,11.5,Cartão Crédito,5102,0.18,2.07
16504,2026-04-21 15:04:34,PDV 04,37,1.0,11.5,11.5,Cartão Crédito,5102,0.18,2.07
16505,2026-04-22 10:18:19,PDV 04,37,1.0,11.5,11.5,PIX,5102,0.18,2.07
16506,2026-04-23 13:26:12,PDV 01,37,2.0,11.5,23.0,PIX,5102,0.18,4.14
16507,2026-04-24 09:08:40,PDV 01,37,2.0,11.5,23.0,Cartão Débito,5102,0.18,4.14
16508,2026-04-25 19:00:31,PDV 05,37,2.0,11.5,23.0,PIX,5102,0.18,4.14
16509,2026-04-26 16:57:31,PDV 05,37,1.0,11.5,11.5,PIX,5102,0.18,2.07
16510,2026-04-27 08:57:25,PDV 04,37,1.0,11.5,11.5,Cartão Débito,5102,0.18,2.07
16511,2026-04-28 19:56:19,PDV 03,37,1.0,11.5,11.5,Cartão Crédito,5102,0.18,2.07
16512,2026-04-29 16:21:32,PDV 04,37,1.0,11.5,11.5,Cartão Débito,5102,0.18,2.07
16513,2026-04-30 13:27:20,PDV 06,37,2.0,11.5,23.0,PIX,5102,0.18,4.14
16514,2026-05-01 16:59:01,PDV 02,37,3.0,11.5,34.5,Cartão Crédito,5102,0.18,6.21
16515,2026-05-02 18:33:11,PDV 03,37,1.0,11.5,11.5,Cartão Débito,5102,0.18,2.07
16516,2026-05-02 10:58:42,PDV 05,37,1.0,11.5,11.5,Cartão Crédito,5102,0.18,2.07
16517,2026-05-02 14:27:37,PDV 01,37,1.0,11.5,11.5,Dinheiro,5102,0.18,2.07
16518,2026-05-03 13:53:39,PDV 03,37,2.0,11.5,23.0,Cartão Débito,5102,0.18,4.14
16519,2026-05-04 19:38:33,PDV 03,37,1.0,11.5,11.5,Cartão Débito,5102,0.18,2.07
16520,2026-05-05 16:56:10,PDV 06,37,1.0,11.5,11.5,PIX,5102,0.18,2.07
16521,2026-05-06 12:28:56,PDV 01,37,1.0,11.5,11.5,Cartão Débito,5102,0.18,2.07
16522,2026-05-07 08:15:05,PDV 06,37,2.0,11.5,23.0,Cartão Débito,5102,0.18,4.14
16523,2026-05-08 10:52:39,PDV 05,37,1.0,11.5,11.5,Cartão Crédito,5102,0.18,2.07
16524,2026-05-08 15:05:50,PDV 06,37,1.0,11.5,11.5,PIX,5102,0.18,2.07
16525,2026-05-08 10:13:47,PDV 02,37,1.0,11.5,11.5,Dinheiro,5102,0.18,2.07
16526,2026-05-09 11:55:27,PDV 04,37,2.0,11.5,23.0,Cartão Crédito,5102,0.18,4.14
16527,2026-05-10 12:08:50,PDV 04,37,2.0,11.5,23.0,Dinheiro,5102,0.18,4.14
16528,2026-05-11 19:30:34,PDV 04,37,1.0,11.5,11.5,Cartão Débito,5102,0.18,2.07
16529,2026-05-12 16:44:42,PDV 03,37,1.0,11.5,11.5,Cartão Débito,5102,0.18,2.07
16530,2026-05-13 10:33:29,PDV 06,37,1.0,11.5,11.5,Cartão Débito,5102,0.18,2.07
16531,2026-05-14 08:46:15,PDV 02,37,2.0,11.5,23.0,Cartão Débito,5102,0.18,4.14
16532,2026-05-15 15:28:35,PDV 02,37,2.0,11.5,23.0,PIX,5102,0.18,4.14
16533,2026-05-16 15:05:47,PDV 01,37,2.0,11.5,23.0,Cartão Crédito,5102,0.18,4.14
16534,2026-05-17 18:34:14,PDV 02,37,1.0,11.5,11.5,Cartão Débito,5102,0.18,2.07
16535,2026-05-18 18:22:52,PDV 06,37,1.0,11.5,11.5,Cartão Crédito,5102,0.18,2.07
16536,2026-05-19 15:15:21,PDV 04,37,1.0,11.5,11.5,Cartão Débito,5102,0.18,2.07
16537,2026-05-20 18:08:54,PDV 04,37,1.0,11.5,11.5,Cartão Crédito,5102,0.18,2.07
16538,2026-05-21 19:49:02,PDV 01,37,1.0,11.5,11.5,Cartão Débito,5102,0.18,2.07
16539,2026-05-22 11:21:33,PDV 03,37,2.0,11.5,23.0,Cartão Crédito,5102,0.18,4.14
16540,2026-05-23 15:13:03,PDV 02,37,2.0,11.5,23.0,PIX,5102,0.18,4.14
16541,2026-05-24 11:47:40,PDV 06,37,2.0,11.5,23.0,PIX,5102,0.18,4.14
16542,2026-05-25 10:35:22,PDV 04,37,1.0,11.5,11.5,Dinheiro,5102,0.18,2.07
16543,2026-05-26 08:19:45,PDV 02,37,1.0,11.5,11.5,PIX,5102,0.18,2.07
16544,2026-05-27 08:48:46,PDV 02,37,1.0,11.5,11.5,Cartão Débito,5102,0.18,2.07
16545,2026-05-28 13:18:58,PDV 04,37,2.0,11.5,23.0,Cartão Crédito,5102,0.18,4.14
16546,2026-05-29 19:50:44,PDV 06,37,2.0,11.5,23.0,Cartão Débito,5102,0.18,4.14
16547,2026-05-30 17:50:28,PDV 04,37,2.0,11.5,23.0,Cartão Crédito,5102,0.18,4.14
16548,2026-05-31 12:06:06,PDV 04,37,2.0,11.5,23.0,Cartão Crédito,5102,0.18,4.14
16549,2026-06-01 16:34:54,PDV 01,37,2.0,11.5,23.0,Cartão Débito,5102,0.18,4.14
16550,2026-06-02 17:26:40,PDV 03,37,2.0,11.5,23.0,Cartão Débito,5102,0.18,4.14
16551,2026-06-03 18:29:14,PDV 05,37,1.0,11.5,11.5,Cartão Débito,5102,0.18,2.07
16552,2026-06-04 20:55:21,PDV 04,37,2.0,11.5,23.0,Cartão Crédito,5102,0.18,4.14
16553,2026-06-05 12:32:42,PDV 03,37,2.0,11.5,23.0,Cartão Crédito,5102,0.18,4.14
16554,2026-06-05 14:31:47,PDV 02,37,1.0,11.5,11.5,Cartão Débito,5102,0.18,2.07
16555,2026-06-06 10:39:54,PDV 01,37,1.0,11.5,11.5,Dinheiro,5102,0.18,2.07
16556,2026-06-06 10:18:34,PDV 05,37,1.0,11.5,11.5,Cartão Débito,5102,0.18,2.07
16557,2026-06-06 16:29:58,PDV 06,37,1.0,11.5,11.5,Cartão Crédito,5102,0.18,2.07
16558,2026-06-07 08:42:54,PDV 04,37,2.0,11.5,23.0,PIX,5102,0.18,4.14
16559,2026-06-08 11:43:39,PDV 03,37,2.0,11.5,23.0,Dinheiro,5102,0.18,4.14
16560,2026-06-09 17:53:37,PDV 06,37,1.0,11.5,11.5,PIX,5102,0.18,2.07
16561,2026-06-10 10:26:17,PDV 01,37,2.0,11.5,23.0,Cartão Crédito,5102,0.18,4.14
16562,2026-06-11 08:40:35,PDV 05,37,2.0,11.5,23.0,Cartão Débito,5102,0.18,4.14
16563,2026-06-12 08:05:08,PDV 06,37,2.0,11.5,23.0,Cartão Débito,5102,0.18,4.14
16564,2026-06-13 11:36:32,PDV 01,37,2.0,11.5,23.0,Cartão Crédito,5102,0.18,4.14
16565,2026-06-14 11:46:32,PDV 04,37,2.0,11.5,23.0,Cartão Débito,5102,0.18,4.14
16566,2026-06-15 20:24:09,PDV 05,37,1.0,11.5,11.5,Cartão Débito,5102,0.18,2.07
16567,2026-06-16 13:27:35,PDV 05,37,1.0,11.5,11.5,Cartão Débito,5102,0.18,2.07
16568,2026-06-17 16:49:04,PDV 01,37,1.0,11.5,11.5,Cartão Crédito,5102,0.18,2.07
16569,2026-06-18 08:07:23,PDV 02,37,2.0,11.5,23.0,Cartão Débito,5102,0.18,4.14
16570,2026-06-19 12:53:51,PDV 02,37,2.0,11.5,23.0,Cartão Débito,5102,0.18,4.14
16571,2026-06-20 15:01:08,PDV 06,37,2.0,11.5,23.0,Cartão Crédito,5102,0.18,4.14
16572,2026-06-21 15:10:32,PDV 04,37,1.0,11.5,11.5,Cartão Débito,5102,0.18,2.07
16573,2026-06-22 13:59:24,PDV 03,37,1.0,11.5,11.5,Cartão Crédito,5102,0.18,2.07
16574,2026-06-23 18:39:23,PDV 04,37,1.0,11.5,11.5,Cartão Crédito,5102,0.18,2.07
16575,2026-06-24 17:42:57,PDV 03,37,1.0,11.5,11.5,Cartão Débito,5102,0.18,2.07
16576,2026-06-25 15:21:36,PDV 03,37,1.0,11.5,11.5,Cartão Crédito,5102,0.18,2.07
16577,2026-06-26 13:23:01,PDV 03,37,2.0,11.5,23.0,Cartão Débito,5102,0.18,4.14
16578,2026-06-27 18:15:44,PDV 06,37,2.0,11.5,23.0,Cartão Débito,5102,0.18,4.14
16579,2026-06-28 17:45:40,PDV 01,37,2.0,11.5,23.0,Cartão Crédito,5102,0.18,4.14
16580,2026-06-29 16:23:56,PDV 03,37,1.0,11.5,11.5,PIX,5102,0.18,2.07
16581,2026-06-29 16:14:39,PDV 03,37,2.0,11.5,23.0,Dinheiro,5102,0.18,4.14
16582,2026-06-29 19:20:08,PDV 06,37,1.0,11.5,11.5,PIX,5102,0.18,2.07
16583,2026-04-01 16:26:05,PDV 02,38,2.0,6.9,13.8,Cartão Crédito,5102,0.18,2.48
16584,2026-04-01 12:52:08,PDV 01,38,1.0,6.9,6.9,PIX,5102,0.18,1.24
16585,2026-04-02 08:49:10,PDV 05,38,3.0,6.9,20.7,Cartão Débito,5102,0.18,3.73
16586,2026-04-03 16:05:14,PDV 01,38,2.0,6.9,13.8,Cartão Débito,5102,0.18,2.48
16587,2026-04-03 17:54:19,PDV 05,38,3.0,6.9,20.7,Cartão Débito,5102,0.18,3.73
16588,2026-04-04 16:34:41,PDV 05,38,5.0,6.9,34.5,Cartão Crédito,5102,0.18,6.21
16589,2026-04-05 18:26:19,PDV 03,38,1.0,6.9,6.9,Cartão Débito,5102,0.18,1.24
16590,2026-04-05 09:52:36,PDV 01,38,1.0,6.9,6.9,Cartão Crédito,5102,0.18,1.24
16591,2026-04-05 17:02:32,PDV 02,38,1.0,6.9,6.9,Cartão Débito,5102,0.18,1.24
16592,2026-04-05 11:12:20,PDV 04,38,1.0,6.9,6.9,Dinheiro,5102,0.18,1.24
16593,2026-04-06 19:13:06,PDV 04,38,1.0,6.9,6.9,Dinheiro,5102,0.18,1.24
16594,2026-04-06 11:48:27,PDV 06,38,1.0,6.9,6.9,Cartão Débito,5102,0.18,1.24
16595,2026-04-06 08:19:59,PDV 06,38,1.0,6.9,6.9,PIX,5102,0.18,1.24
16596,2026-04-07 15:05:00,PDV 06,38,3.0,6.9,20.7,Cartão Débito,5102,0.18,3.73
16597,2026-04-08 17:05:39,PDV 01,38,1.0,6.9,6.9,PIX,5102,0.18,1.24
16598,2026-04-08 20:48:30,PDV 03,38,1.0,6.9,6.9,Cartão Débito,5102,0.18,1.24
16599,2026-04-08 08:07:15,PDV 06,38,1.0,6.9,6.9,Cartão Débito,5102,0.18,1.24
16600,2026-04-09 08:48:56,PDV 02,38,2.0,6.9,13.8,Cartão Débito,5102,0.18,2.48
16601,2026-04-09 20:16:37,PDV 03,38,2.0,6.9,13.8,Cartão Crédito,5102,0.18,2.48
16602,2026-04-10 09:16:57,PDV 05,38,1.0,6.9,6.9,Cartão Crédito,5102,0.18,1.24
16603,2026-04-10 14:22:03,PDV 06,38,1.0,6.9,6.9,Cartão Crédito,5102,0.18,1.24
16604,2026-04-10 13:48:45,PDV 02,38,1.0,6.9,6.9,Cartão Débito,5102,0.18,1.24
16605,2026-04-10 18:29:09,PDV 02,38,1.0,6.9,6.9,Cartão Débito,5102,0.18,1.24
16606,2026-04-11 20:47:13,PDV 01,38,1.0,6.9,6.9,Cartão Débito,5102,0.18,1.24
16607,2026-04-11 11:42:31,PDV 06,38,1.0,6.9,6.9,Cartão Crédito,5102,0.18,1.24
16608,2026-04-11 09:05:41,PDV 06,38,1.0,6.9,6.9,Cartão Crédito,5102,0.18,1.24
16609,2026-04-11 20:03:20,PDV 06,38,1.0,6.9,6.9,PIX,5102,0.18,1.24
16610,2026-04-12 11:48:54,PDV 05,38,3.0,6.9,20.7,Cartão Crédito,5102,0.18,3.73
16611,2026-04-13 20:13:03,PDV 04,38,2.0,6.9,13.8,Cartão Débito,5102,0.18,2.48
16612,2026-04-14 15:01:00,PDV 03,38,2.0,6.9,13.8,Cartão Crédito,5102,0.18,2.48
16613,2026-04-15 12:25:58,PDV 05,38,2.0,6.9,13.8,PIX,5102,0.18,2.48
16614,2026-04-16 14:43:38,PDV 02,38,2.0,6.9,13.8,PIX,5102,0.18,2.48
16615,2026-04-16 10:49:15,PDV 02,38,1.0,6.9,6.9,Cartão Crédito,5102,0.18,1.24
16616,2026-04-17 08:31:06,PDV 06,38,4.0,6.9,27.6,Cartão Crédito,5102,0.18,4.97
16617,2026-04-18 20:01:37,PDV 04,38,4.0,6.9,27.6,PIX,5102,0.18,4.97
16618,2026-04-19 12:41:03,PDV 05,38,3.0,6.9,20.7,Cartão Crédito,5102,0.18,3.73
16619,2026-04-20 11:11:13,PDV 03,38,2.0,6.9,13.8,Cartão Débito,5102,0.18,2.48
16620,2026-04-21 08:51:48,PDV 04,38,2.0,6.9,13.8,Cartão Débito,5102,0.18,2.48
16621,2026-04-22 16:49:31,PDV 03,38,2.0,6.9,13.8,Cartão Débito,5102,0.18,2.48
16622,2026-04-23 16:44:33,PDV 05,38,1.0,6.9,6.9,Cartão Débito,5102,0.18,1.24
16623,2026-04-23 18:10:15,PDV 04,38,1.0,6.9,6.9,Cartão Débito,5102,0.18,1.24
16624,2026-04-23 19:00:53,PDV 05,38,1.0,6.9,6.9,Cartão Crédito,5102,0.18,1.24
16625,2026-04-24 16:54:56,PDV 03,38,2.0,6.9,13.8,Dinheiro,5102,0.18,2.48
16626,2026-04-24 19:09:43,PDV 03,38,2.0,6.9,13.8,Cartão Crédito,5102,0.18,2.48
16627,2026-04-25 19:17:22,PDV 03,38,1.0,6.9,6.9,Dinheiro,5102,0.18,1.24
16628,2026-04-25 09:13:39,PDV 01,38,2.0,6.9,13.8,PIX,5102,0.18,2.48
16629,2026-04-25 14:50:01,PDV 02,38,1.0,6.9,6.9,Dinheiro,5102,0.18,1.24
16630,2026-04-26 10:49:48,PDV 02,38,1.0,6.9,6.9,Cartão Crédito,5102,0.18,1.24
16631,2026-04-26 16:35:58,PDV 02,38,1.0,6.9,6.9,Cartão Crédito,5102,0.18,1.24
16632,2026-04-26 15:12:25,PDV 05,38,1.0,6.9,6.9,PIX,5102,0.18,1.24
16633,2026-04-27 11:09:15,PDV 05,38,2.0,6.9,13.8,Cartão Débito,5102,0.18,2.48
16634,2026-04-28 12:44:15,PDV 04,38,2.0,6.9,13.8,Cartão Débito,5102,0.18,2.48
16635,2026-04-29 13:33:19,PDV 04,38,2.0,6.9,13.8,Cartão Crédito,5102,0.18,2.48
16636,2026-04-30 16:27:47,PDV 04,38,2.0,6.9,13.8,Dinheiro,5102,0.18,2.48
16637,2026-04-30 12:06:25,PDV 02,38,1.0,6.9,6.9,Cartão Crédito,5102,0.18,1.24
16638,2026-05-01 10:02:25,PDV 02,38,5.0,6.9,34.5,Cartão Débito,5102,0.18,6.21
16639,2026-05-02 13:56:10,PDV 05,38,1.0,6.9,6.9,Cartão Crédito,5102,0.18,1.24
16640,2026-05-02 14:02:07,PDV 03,38,2.0,6.9,13.8,Cartão Débito,5102,0.18,2.48
16641,2026-05-02 12:00:32,PDV 01,38,1.0,6.9,6.9,Cartão Débito,5102,0.18,1.24
16642,2026-05-03 12:51:05,PDV 03,38,1.0,6.9,6.9,Cartão Crédito,5102,0.18,1.24
16643,2026-05-03 16:07:45,PDV 03,38,2.0,6.9,13.8,Cartão Crédito,5102,0.18,2.48
16644,2026-05-03 19:24:57,PDV 01,38,1.0,6.9,6.9,Cartão Débito,5102,0.18,1.24
16645,2026-05-04 16:24:07,PDV 01,38,2.0,6.9,13.8,Cartão Débito,5102,0.18,2.48
16646,2026-05-05 11:56:24,PDV 01,38,3.0,6.9,20.7,Cartão Débito,5102,0.18,3.73
16647,2026-05-06 10:25:47,PDV 06,38,1.0,6.9,6.9,Cartão Débito,5102,0.18,1.24
16648,2026-05-06 13:21:21,PDV 06,38,1.0,6.9,6.9,Cartão Crédito,5102,0.18,1.24
16649,2026-05-06 14:22:58,PDV 03,38,1.0,6.9,6.9,Cartão Débito,5102,0.18,1.24
16650,2026-05-07 16:15:24,PDV 05,38,2.0,6.9,13.8,PIX,5102,0.18,2.48
16651,2026-05-07 20:54:14,PDV 04,38,1.0,6.9,6.9,Cartão Crédito,5102,0.18,1.24
16652,2026-05-08 20:01:12,PDV 03,38,2.0,6.9,13.8,PIX,5102,0.18,2.48
16653,2026-05-08 18:17:40,PDV 06,38,2.0,6.9,13.8,Cartão Débito,5102,0.18,2.48
16654,2026-05-08 13:54:36,PDV 03,38,1.0,6.9,6.9,Cartão Crédito,5102,0.18,1.24
16655,2026-05-09 08:00:14,PDV 01,38,1.0,6.9,6.9,PIX,5102,0.18,1.24
16656,2026-05-09 09:38:26,PDV 06,38,1.0,6.9,6.9,Dinheiro,5102,0.18,1.24
16657,2026-05-09 10:31:49,PDV 02,38,1.0,6.9,6.9,Dinheiro,5102,0.18,1.24
16658,2026-05-09 16:24:51,PDV 05,38,1.0,6.9,6.9,Cartão Crédito,5102,0.18,1.24
16659,2026-05-10 18:08:44,PDV 01,38,2.0,6.9,13.8,Cartão Crédito,5102,0.18,2.48
16660,2026-05-10 19:49:28,PDV 06,38,1.0,6.9,6.9,PIX,5102,0.18,1.24
16661,2026-05-11 11:24:51,PDV 05,38,2.0,6.9,13.8,Cartão Débito,5102,0.18,2.48
16662,2026-05-12 13:42:50,PDV 01,38,2.0,6.9,13.8,Dinheiro,5102,0.18,2.48
16663,2026-05-13 13:53:43,PDV 06,38,2.0,6.9,13.8,Cartão Crédito,5102,0.18,2.48
16664,2026-05-14 11:16:01,PDV 06,38,1.0,6.9,6.9,Cartão Crédito,5102,0.18,1.24
16665,2026-05-14 09:26:43,PDV 03,38,1.0,6.9,6.9,Cartão Débito,5102,0.18,1.24
16666,2026-05-14 09:04:12,PDV 04,38,1.0,6.9,6.9,PIX,5102,0.18,1.24
16667,2026-05-15 20:49:01,PDV 02,38,2.0,6.9,13.8,Cartão Débito,5102,0.18,2.48
16668,2026-05-15 16:40:16,PDV 05,38,1.0,6.9,6.9,Cartão Débito,5102,0.18,1.24
16669,2026-05-16 15:52:29,PDV 01,38,1.0,6.9,6.9,Cartão Débito,5102,0.18,1.24
16670,2026-05-16 14:11:51,PDV 04,38,1.0,6.9,6.9,Dinheiro,5102,0.18,1.24
16671,2026-05-16 13:45:42,PDV 05,38,1.0,6.9,6.9,Cartão Débito,5102,0.18,1.24
16672,2026-05-17 09:19:51,PDV 02,38,1.0,6.9,6.9,Cartão Crédito,5102,0.18,1.24
16673,2026-05-17 13:16:18,PDV 05,38,1.0,6.9,6.9,Cartão Crédito,5102,0.18,1.24
16674,2026-05-17 14:36:21,PDV 03,38,1.0,6.9,6.9,Cartão Débito,5102,0.18,1.24
16675,2026-05-18 09:47:48,PDV 06,38,2.0,6.9,13.8,Cartão Crédito,5102,0.18,2.48
16676,2026-05-19 19:44:22,PDV 04,38,2.0,6.9,13.8,Cartão Débito,5102,0.18,2.48
16677,2026-05-20 13:10:32,PDV 01,38,2.0,6.9,13.8,Dinheiro,5102,0.18,2.48
16678,2026-05-21 14:59:47,PDV 06,38,3.0,6.9,20.7,PIX,5102,0.18,3.73
16679,2026-05-22 15:13:17,PDV 03,38,1.0,6.9,6.9,Cartão Crédito,5102,0.18,1.24
16680,2026-05-22 18:50:18,PDV 06,38,1.0,6.9,6.9,PIX,5102,0.18,1.24
16681,2026-05-22 17:11:14,PDV 03,38,1.0,6.9,6.9,Cartão Crédito,5102,0.18,1.24
16682,2026-05-23 19:13:35,PDV 02,38,2.0,6.9,13.8,PIX,5102,0.18,2.48
16683,2026-05-23 14:17:58,PDV 06,38,1.0,6.9,6.9,Cartão Crédito,5102,0.18,1.24
16684,2026-05-24 19:05:43,PDV 06,38,2.0,6.9,13.8,PIX,5102,0.18,2.48
16685,2026-05-24 08:05:28,PDV 01,38,1.0,6.9,6.9,Cartão Crédito,5102,0.18,1.24
16686,2026-05-25 09:08:43,PDV 06,38,2.0,6.9,13.8,Cartão Crédito,5102,0.18,2.48
16687,2026-05-26 18:41:21,PDV 04,38,2.0,6.9,13.8,Cartão Crédito,5102,0.18,2.48
16688,2026-05-27 09:47:47,PDV 02,38,2.0,6.9,13.8,Cartão Débito,5102,0.18,2.48
16689,2026-05-28 20:36:19,PDV 05,38,2.0,6.9,13.8,Cartão Débito,5102,0.18,2.48
16690,2026-05-28 19:58:54,PDV 03,38,1.0,6.9,6.9,Cartão Débito,5102,0.18,1.24
16691,2026-05-29 18:54:56,PDV 02,38,1.0,6.9,6.9,Cartão Débito,5102,0.18,1.24
16692,2026-05-29 13:49:09,PDV 05,38,1.0,6.9,6.9,Cartão Débito,5102,0.18,1.24
16693,2026-05-29 11:30:10,PDV 06,38,1.0,6.9,6.9,Cartão Crédito,5102,0.18,1.24
16694,2026-05-30 19:22:55,PDV 04,38,1.0,6.9,6.9,Cartão Crédito,5102,0.18,1.24
16695,2026-05-30 17:35:07,PDV 06,38,1.0,6.9,6.9,Cartão Débito,5102,0.18,1.24
16696,2026-05-30 10:26:56,PDV 03,38,1.0,6.9,6.9,Cartão Débito,5102,0.18,1.24
16697,2026-05-30 18:29:45,PDV 04,38,1.0,6.9,6.9,Cartão Débito,5102,0.18,1.24
16698,2026-05-31 13:33:35,PDV 02,38,3.0,6.9,20.7,PIX,5102,0.18,3.73
16699,2026-06-01 09:53:33,PDV 04,38,1.0,6.9,6.9,Dinheiro,5102,0.18,1.24
16700,2026-06-01 18:56:33,PDV 05,38,1.0,6.9,6.9,Cartão Débito,5102,0.18,1.24
16701,2026-06-01 19:59:00,PDV 04,38,1.0,6.9,6.9,Cartão Crédito,5102,0.18,1.24
16702,2026-06-02 09:26:07,PDV 01,38,3.0,6.9,20.7,Cartão Débito,5102,0.18,3.73
16703,2026-06-03 12:16:24,PDV 06,38,2.0,6.9,13.8,Cartão Crédito,5102,0.18,2.48
16704,2026-06-03 09:37:54,PDV 05,38,1.0,6.9,6.9,Cartão Débito,5102,0.18,1.24
16705,2026-06-04 13:51:19,PDV 02,38,1.0,6.9,6.9,Cartão Crédito,5102,0.18,1.24
16706,2026-06-04 12:55:58,PDV 04,38,1.0,6.9,6.9,Cartão Débito,5102,0.18,1.24
16707,2026-06-04 19:52:49,PDV 06,38,1.0,6.9,6.9,Cartão Crédito,5102,0.18,1.24
16708,2026-06-04 16:54:41,PDV 03,38,1.0,6.9,6.9,Dinheiro,5102,0.18,1.24
16709,2026-06-05 11:31:46,PDV 06,38,2.0,6.9,13.8,Cartão Crédito,5102,0.18,2.48
16710,2026-06-05 12:35:43,PDV 06,38,3.0,6.9,20.7,Cartão Crédito,5102,0.18,3.73
16711,2026-06-06 08:30:35,PDV 05,38,4.0,6.9,27.6,PIX,5102,0.18,4.97
16712,2026-06-07 10:21:15,PDV 02,38,1.0,6.9,6.9,Cartão Débito,5102,0.18,1.24
16713,2026-06-07 09:10:05,PDV 06,38,1.0,6.9,6.9,Cartão Crédito,5102,0.18,1.24
16714,2026-06-07 16:53:01,PDV 05,38,1.0,6.9,6.9,Dinheiro,5102,0.18,1.24
16715,2026-06-08 14:30:36,PDV 05,38,3.0,6.9,20.7,Cartão Débito,5102,0.18,3.73
16716,2026-06-09 18:25:26,PDV 06,38,2.0,6.9,13.8,Cartão Débito,5102,0.18,2.48
16717,2026-06-09 16:27:23,PDV 06,38,1.0,6.9,6.9,PIX,5102,0.18,1.24
16718,2026-06-10 16:13:53,PDV 05,38,2.0,6.9,13.8,Cartão Crédito,5102,0.18,2.48
16719,2026-06-11 15:04:26,PDV 03,38,2.0,6.9,13.8,Cartão Crédito,5102,0.18,2.48
16720,2026-06-11 18:33:08,PDV 01,38,1.0,6.9,6.9,PIX,5102,0.18,1.24
16721,2026-06-12 08:12:43,PDV 06,38,3.0,6.9,20.7,Cartão Crédito,5102,0.18,3.73
16722,2026-06-13 15:02:51,PDV 02,38,4.0,6.9,27.6,Cartão Crédito,5102,0.18,4.97
16723,2026-06-14 16:40:32,PDV 06,38,3.0,6.9,20.7,Cartão Crédito,5102,0.18,3.73
16724,2026-06-15 19:45:48,PDV 04,38,2.0,6.9,13.8,PIX,5102,0.18,2.48
16725,2026-06-16 17:14:10,PDV 01,38,2.0,6.9,13.8,Cartão Crédito,5102,0.18,2.48
16726,2026-06-17 20:48:45,PDV 01,38,2.0,6.9,13.8,Cartão Crédito,5102,0.18,2.48
16727,2026-06-18 11:17:32,PDV 03,38,1.0,6.9,6.9,Cartão Crédito,5102,0.18,1.24
16728,2026-06-18 18:44:44,PDV 04,38,1.0,6.9,6.9,Cartão Crédito,5102,0.18,1.24
16729,2026-06-18 12:34:28,PDV 04,38,1.0,6.9,6.9,Dinheiro,5102,0.18,1.24
16730,2026-06-19 17:26:22,PDV 01,38,2.0,6.9,13.8,PIX,5102,0.18,2.48
16731,2026-06-19 20:18:43,PDV 03,38,2.0,6.9,13.8,PIX,5102,0.18,2.48
16732,2026-06-20 13:28:08,PDV 04,38,1.0,6.9,6.9,Cartão Crédito,5102,0.18,1.24
16733,2026-06-20 13:43:17,PDV 01,38,1.0,6.9,6.9,PIX,5102,0.18,1.24
16734,2026-06-20 16:10:32,PDV 01,38,1.0,6.9,6.9,Cartão Crédito,5102,0.18,1.24
16735,2026-06-20 17:17:31,PDV 04,38,1.0,6.9,6.9,Cartão Crédito,5102,0.18,1.24
16736,2026-06-21 20:02:12,PDV 03,38,3.0,6.9,20.7,Cartão Débito,5102,0.18,3.73
16737,2026-06-22 10:48:09,PDV 01,38,2.0,6.9,13.8,Cartão Débito,5102,0.18,2.48
16738,2026-06-23 10:25:39,PDV 02,38,2.0,6.9,13.8,Cartão Débito,5102,0.18,2.48
16739,2026-06-24 10:54:47,PDV 04,38,2.0,6.9,13.8,Cartão Crédito,5102,0.18,2.48
16740,2026-06-25 13:10:59,PDV 03,38,2.0,6.9,13.8,Dinheiro,5102,0.18,2.48
16741,2026-06-25 11:15:00,PDV 05,38,1.0,6.9,6.9,Dinheiro,5102,0.18,1.24
16742,2026-06-26 15:48:49,PDV 03,38,4.0,6.9,27.6,PIX,5102,0.18,4.97
16743,2026-06-27 19:24:14,PDV 03,38,4.0,6.9,27.6,Cartão Débito,5102,0.18,4.97
16744,2026-06-28 13:09:41,PDV 02,38,1.0,6.9,6.9,Cartão Débito,5102,0.18,1.24
16745,2026-06-28 14:47:30,PDV 03,38,1.0,6.9,6.9,Cartão Débito,5102,0.18,1.24
16746,2026-06-28 13:45:35,PDV 02,38,1.0,6.9,6.9,Cartão Crédito,5102,0.18,1.24
16747,2026-06-29 08:46:51,PDV 03,38,7.0,6.9,48.3,PIX,5102,0.18,8.69
16748,2026-04-01 17:13:16,PDV 06,39,2.0,2.79,5.58,Dinheiro,5102,0.18,1.0
16749,2026-04-01 16:35:13,PDV 06,39,2.0,2.79,5.58,PIX,5102,0.18,1.0
16750,2026-04-01 08:14:38,PDV 04,39,3.0,2.79,8.37,Cartão Crédito,5102,0.18,1.51
16751,2026-04-02 18:43:33,PDV 02,39,2.0,2.79,5.58,Cartão Crédito,5102,0.18,1.0
16752,2026-04-02 09:44:23,PDV 01,39,2.0,2.79,5.58,Cartão Débito,5102,0.18,1.0
16753,2026-04-02 09:38:32,PDV 03,39,2.0,2.79,5.58,PIX,5102,0.18,1.0
16754,2026-04-02 18:26:22,PDV 03,39,2.0,2.79,5.58,PIX,5102,0.18,1.0
16755,2026-04-03 10:21:00,PDV 04,39,12.0,2.79,33.48,Cartão Crédito,5102,0.18,6.03
16756,2026-04-04 18:42:49,PDV 01,39,2.0,2.79,5.58,Cartão Crédito,5102,0.18,1.0
16757,2026-04-04 15:14:19,PDV 04,39,3.0,2.79,8.37,Cartão Crédito,5102,0.18,1.51
16758,2026-04-04 09:55:19,PDV 05,39,2.0,2.79,5.58,Cartão Crédito,5102,0.18,1.0
16759,2026-04-04 16:27:15,PDV 02,39,3.0,2.79,8.37,Cartão Crédito,5102,0.18,1.51
16760,2026-04-05 19:39:05,PDV 06,39,3.0,2.79,8.37,Cartão Débito,5102,0.18,1.51
16761,2026-04-05 16:21:11,PDV 03,39,3.0,2.79,8.37,Cartão Débito,5102,0.18,1.51
16762,2026-04-05 15:24:10,PDV 02,39,3.0,2.79,8.37,Cartão Débito,5102,0.18,1.51
16763,2026-04-06 17:48:25,PDV 02,39,2.0,2.79,5.58,Dinheiro,5102,0.18,1.0
16764,2026-04-06 15:18:13,PDV 05,39,2.0,2.79,5.58,Cartão Crédito,5102,0.18,1.0
16765,2026-04-06 14:14:38,PDV 05,39,1.0,2.79,2.79,Cartão Débito,5102,0.18,0.5
16766,2026-04-07 17:18:00,PDV 02,39,2.0,2.79,5.58,Cartão Crédito,5102,0.18,1.0
16767,2026-04-07 13:20:50,PDV 06,39,2.0,2.79,5.58,Cartão Débito,5102,0.18,1.0
16768,2026-04-07 13:27:49,PDV 06,39,2.0,2.79,5.58,Cartão Crédito,5102,0.18,1.0
16769,2026-04-08 09:30:03,PDV 05,39,3.0,2.79,8.37,Cartão Crédito,5102,0.18,1.51
16770,2026-04-08 08:03:09,PDV 06,39,3.0,2.79,8.37,PIX,5102,0.18,1.51
16771,2026-04-09 18:09:47,PDV 04,39,9.0,2.79,25.11,Dinheiro,5102,0.18,4.52
16772,2026-04-10 18:24:14,PDV 06,39,2.0,2.79,5.58,Cartão Crédito,5102,0.18,1.0
16773,2026-04-10 10:22:47,PDV 04,39,2.0,2.79,5.58,Cartão Crédito,5102,0.18,1.0
16774,2026-04-10 15:13:46,PDV 06,39,2.0,2.79,5.58,PIX,5102,0.18,1.0
16775,2026-04-10 10:46:13,PDV 03,39,3.0,2.79,8.37,Dinheiro,5102,0.18,1.51
16776,2026-04-11 12:36:13,PDV 05,39,2.0,2.79,5.58,Dinheiro,5102,0.18,1.0
16777,2026-04-11 14:42:25,PDV 01,39,2.0,2.79,5.58,PIX,5102,0.18,1.0
16778,2026-04-11 17:07:02,PDV 05,39,2.0,2.79,5.58,Cartão Débito,5102,0.18,1.0
16779,2026-04-11 16:33:27,PDV 04,39,2.0,2.79,5.58,Cartão Crédito,5102,0.18,1.0
16780,2026-04-12 19:28:13,PDV 06,39,6.0,2.79,16.74,Cartão Débito,5102,0.18,3.01
16781,2026-04-13 12:59:48,PDV 04,39,2.0,2.79,5.58,PIX,5102,0.18,1.0
16782,2026-04-13 16:56:36,PDV 06,39,2.0,2.79,5.58,Cartão Crédito,5102,0.18,1.0
16783,2026-04-13 18:30:32,PDV 03,39,1.0,2.79,2.79,Cartão Crédito,5102,0.18,0.5
16784,2026-04-14 09:30:27,PDV 01,39,2.0,2.79,5.58,PIX,5102,0.18,1.0
16785,2026-04-14 17:42:01,PDV 05,39,2.0,2.79,5.58,Cartão Débito,5102,0.18,1.0
16786,2026-04-14 09:58:26,PDV 03,39,1.0,2.79,2.79,Dinheiro,5102,0.18,0.5
16787,2026-04-15 18:35:06,PDV 01,39,2.0,2.79,5.58,Cartão Débito,5102,0.18,1.0
16788,2026-04-15 20:31:52,PDV 02,39,2.0,2.79,5.58,Cartão Crédito,5102,0.18,1.0
16789,2026-04-15 14:27:36,PDV 03,39,1.0,2.79,2.79,Cartão Débito,5102,0.18,0.5
16790,2026-04-16 20:13:44,PDV 02,39,2.0,2.79,5.58,Cartão Crédito,5102,0.18,1.0
16791,2026-04-16 20:35:56,PDV 01,39,1.0,2.79,2.79,Cartão Crédito,5102,0.18,0.5
16792,2026-04-16 20:57:45,PDV 03,39,2.0,2.79,5.58,Cartão Débito,5102,0.18,1.0
16793,2026-04-16 17:01:42,PDV 03,39,1.0,2.79,2.79,Cartão Débito,5102,0.18,0.5
16794,2026-04-17 09:35:12,PDV 04,39,2.0,2.79,5.58,Cartão Crédito,5102,0.18,1.0
16795,2026-04-17 12:47:28,PDV 04,39,2.0,2.79,5.58,Cartão Débito,5102,0.18,1.0
16796,2026-04-17 16:59:48,PDV 05,39,3.0,2.79,8.37,Cartão Crédito,5102,0.18,1.51
16797,2026-04-18 12:15:52,PDV 03,39,2.0,2.79,5.58,Cartão Débito,5102,0.18,1.0
16798,2026-04-18 17:52:25,PDV 05,39,2.0,2.79,5.58,Cartão Débito,5102,0.18,1.0
16799,2026-04-18 11:32:02,PDV 04,39,2.0,2.79,5.58,Cartão Débito,5102,0.18,1.0
16800,2026-04-18 13:03:09,PDV 02,39,3.0,2.79,8.37,Cartão Débito,5102,0.18,1.51
16801,2026-04-19 12:25:51,PDV 05,39,2.0,2.79,5.58,Dinheiro,5102,0.18,1.0
16802,2026-04-19 10:16:59,PDV 02,39,2.0,2.79,5.58,Cartão Débito,5102,0.18,1.0
16803,2026-04-19 11:22:16,PDV 05,39,2.0,2.79,5.58,Cartão Crédito,5102,0.18,1.0
16804,2026-04-19 13:11:07,PDV 02,39,1.0,2.79,2.79,PIX,5102,0.18,0.5
16805,2026-04-20 14:02:52,PDV 02,39,1.0,2.79,2.79,Cartão Crédito,5102,0.18,0.5
16806,2026-04-20 09:00:33,PDV 05,39,2.0,2.79,5.58,Cartão Débito,5102,0.18,1.0
16807,2026-04-20 13:55:19,PDV 04,39,1.0,2.79,2.79,Cartão Crédito,5102,0.18,0.5
16808,2026-04-21 14:00:57,PDV 03,39,1.0,2.79,2.79,Cartão Crédito,5102,0.18,0.5
16809,2026-04-21 08:13:30,PDV 04,39,1.0,2.79,2.79,Cartão Débito,5102,0.18,0.5
16810,2026-04-21 12:29:27,PDV 06,39,2.0,2.79,5.58,Dinheiro,5102,0.18,1.0
16811,2026-04-21 09:42:47,PDV 01,39,1.0,2.79,2.79,Cartão Crédito,5102,0.18,0.5
16812,2026-04-22 10:07:51,PDV 03,39,2.0,2.79,5.58,Cartão Débito,5102,0.18,1.0
16813,2026-04-22 20:15:46,PDV 05,39,2.0,2.79,5.58,PIX,5102,0.18,1.0
16814,2026-04-23 19:20:22,PDV 05,39,2.0,2.79,5.58,PIX,5102,0.18,1.0
16815,2026-04-23 19:32:45,PDV 06,39,2.0,2.79,5.58,Cartão Débito,5102,0.18,1.0
16816,2026-04-23 17:57:40,PDV 01,39,2.0,2.79,5.58,Cartão Débito,5102,0.18,1.0
16817,2026-04-23 12:07:20,PDV 05,39,1.0,2.79,2.79,Cartão Crédito,5102,0.18,0.5
16818,2026-04-24 11:23:08,PDV 05,39,4.0,2.79,11.16,Cartão Crédito,5102,0.18,2.01
16819,2026-04-24 19:42:25,PDV 01,39,4.0,2.79,11.16,Cartão Débito,5102,0.18,2.01
16820,2026-04-25 16:20:20,PDV 06,39,4.0,2.79,11.16,Cartão Débito,5102,0.18,2.01
16821,2026-04-25 08:10:37,PDV 03,39,3.0,2.79,8.37,PIX,5102,0.18,1.51
16822,2026-04-26 11:50:33,PDV 01,39,2.0,2.79,5.58,Cartão Débito,5102,0.18,1.0
16823,2026-04-26 08:04:11,PDV 03,39,2.0,2.79,5.58,PIX,5102,0.18,1.0
16824,2026-04-26 15:06:34,PDV 01,39,2.0,2.79,5.58,Dinheiro,5102,0.18,1.0
16825,2026-04-26 16:03:24,PDV 06,39,1.0,2.79,2.79,Dinheiro,5102,0.18,0.5
16826,2026-04-27 17:18:38,PDV 05,39,5.0,2.79,13.95,PIX,5102,0.18,2.51
16827,2026-04-28 11:58:25,PDV 06,39,5.0,2.79,13.95,PIX,5102,0.18,2.51
16828,2026-04-29 08:56:22,PDV 03,39,2.0,2.79,5.58,Cartão Débito,5102,0.18,1.0
16829,2026-04-29 09:42:52,PDV 06,39,2.0,2.79,5.58,PIX,5102,0.18,1.0
16830,2026-04-29 11:53:59,PDV 05,39,1.0,2.79,2.79,Cartão Crédito,5102,0.18,0.5
16831,2026-04-30 09:32:27,PDV 06,39,2.0,2.79,5.58,Cartão Crédito,5102,0.18,1.0
16832,2026-04-30 15:00:34,PDV 01,39,2.0,2.79,5.58,Cartão Crédito,5102,0.18,1.0
16833,2026-04-30 17:09:38,PDV 02,39,2.0,2.79,5.58,Cartão Crédito,5102,0.18,1.0
16834,2026-04-30 20:53:54,PDV 05,39,1.0,2.79,2.79,Dinheiro,5102,0.18,0.5
16835,2026-05-01 08:31:58,PDV 06,39,3.0,2.79,8.37,Cartão Débito,5102,0.18,1.51
16836,2026-05-01 14:05:09,PDV 05,39,3.0,2.79,8.37,Cartão Débito,5102,0.18,1.51
16837,2026-05-01 10:04:48,PDV 02,39,3.0,2.79,8.37,Cartão Débito,5102,0.18,1.51
16838,2026-05-02 10:08:02,PDV 05,39,3.0,2.79,8.37,PIX,5102,0.18,1.51
16839,2026-05-02 20:51:16,PDV 01,39,4.0,2.79,11.16,Cartão Crédito,5102,0.18,2.01
16840,2026-05-02 11:30:55,PDV 06,39,3.0,2.79,8.37,Cartão Débito,5102,0.18,1.51
16841,2026-05-03 15:23:33,PDV 05,39,2.0,2.79,5.58,Cartão Débito,5102,0.18,1.0
16842,2026-05-03 10:45:28,PDV 03,39,2.0,2.79,5.58,Cartão Crédito,5102,0.18,1.0
16843,2026-05-03 14:25:06,PDV 01,39,2.0,2.79,5.58,Cartão Crédito,5102,0.18,1.0
16844,2026-05-03 10:57:26,PDV 06,39,2.0,2.79,5.58,Cartão Débito,5102,0.18,1.0
16845,2026-05-04 18:14:58,PDV 01,39,5.0,2.79,13.95,Dinheiro,5102,0.18,2.51
16846,2026-05-05 09:27:20,PDV 04,39,2.0,2.79,5.58,Cartão Crédito,5102,0.18,1.0
16847,2026-05-05 10:07:07,PDV 05,39,2.0,2.79,5.58,Cartão Crédito,5102,0.18,1.0
16848,2026-05-05 18:04:34,PDV 01,39,2.0,2.79,5.58,PIX,5102,0.18,1.0
16849,2026-05-06 18:45:41,PDV 02,39,4.0,2.79,11.16,PIX,5102,0.18,2.01
16850,2026-05-06 17:54:38,PDV 02,39,3.0,2.79,8.37,Cartão Débito,5102,0.18,1.51
16851,2026-05-07 13:22:37,PDV 06,39,4.0,2.79,11.16,Cartão Crédito,5102,0.18,2.01
16852,2026-05-07 15:37:46,PDV 02,39,3.0,2.79,8.37,Cartão Débito,5102,0.18,1.51
16853,2026-05-08 11:07:50,PDV 03,39,6.0,2.79,16.74,PIX,5102,0.18,3.01
16854,2026-05-08 13:38:27,PDV 05,39,5.0,2.79,13.95,Cartão Crédito,5102,0.18,2.51
16855,2026-05-09 08:56:37,PDV 06,39,9.0,2.79,25.11,Cartão Débito,5102,0.18,4.52
16856,2026-05-10 17:48:25,PDV 05,39,7.0,2.79,19.53,Cartão Débito,5102,0.18,3.52
16857,2026-05-11 13:01:22,PDV 02,39,1.0,2.79,2.79,Cartão Débito,5102,0.18,0.5
16858,2026-05-11 10:48:03,PDV 02,39,2.0,2.79,5.58,PIX,5102,0.18,1.0
16859,2026-05-11 08:33:07,PDV 04,39,1.0,2.79,2.79,PIX,5102,0.18,0.5
16860,2026-05-12 19:56:35,PDV 01,39,5.0,2.79,13.95,Cartão Débito,5102,0.18,2.51
16861,2026-05-13 08:56:34,PDV 06,39,1.0,2.79,2.79,Cartão Débito,5102,0.18,0.5
16862,2026-05-13 17:31:58,PDV 01,39,1.0,2.79,2.79,Cartão Débito,5102,0.18,0.5
16863,2026-05-13 20:49:35,PDV 02,39,2.0,2.79,5.58,Cartão Débito,5102,0.18,1.0
16864,2026-05-13 17:20:16,PDV 03,39,1.0,2.79,2.79,Cartão Crédito,5102,0.18,0.5
16865,2026-05-14 08:52:25,PDV 01,39,2.0,2.79,5.58,Cartão Crédito,5102,0.18,1.0
16866,2026-05-14 20:54:47,PDV 03,39,2.0,2.79,5.58,PIX,5102,0.18,1.0
16867,2026-05-14 16:02:26,PDV 02,39,3.0,2.79,8.37,Cartão Crédito,5102,0.18,1.51
16868,2026-05-15 12:21:25,PDV 04,39,2.0,2.79,5.58,Cartão Crédito,5102,0.18,1.0
16869,2026-05-15 11:43:39,PDV 06,39,2.0,2.79,5.58,Cartão Crédito,5102,0.18,1.0
16870,2026-05-15 13:36:41,PDV 01,39,2.0,2.79,5.58,Cartão Crédito,5102,0.18,1.0
16871,2026-05-15 10:38:17,PDV 01,39,2.0,2.79,5.58,Cartão Débito,5102,0.18,1.0
16872,2026-05-16 12:39:22,PDV 04,39,9.0,2.79,25.11,Dinheiro,5102,0.18,4.52
16873,2026-05-17 14:11:20,PDV 02,39,2.0,2.79,5.58,Cartão Crédito,5102,0.18,1.0
16874,2026-05-17 18:34:18,PDV 04,39,1.0,2.79,2.79,Cartão Crédito,5102,0.18,0.5
16875,2026-05-17 14:38:05,PDV 05,39,2.0,2.79,5.58,PIX,5102,0.18,1.0
16876,2026-05-17 11:02:06,PDV 04,39,1.0,2.79,2.79,Dinheiro,5102,0.18,0.5
16877,2026-05-18 15:08:33,PDV 06,39,2.0,2.79,5.58,Cartão Crédito,5102,0.18,1.0
16878,2026-05-18 15:18:43,PDV 06,39,2.0,2.79,5.58,Cartão Débito,5102,0.18,1.0
16879,2026-05-18 16:20:37,PDV 01,39,1.0,2.79,2.79,Cartão Débito,5102,0.18,0.5
16880,2026-05-19 10:38:51,PDV 04,39,1.0,2.79,2.79,Dinheiro,5102,0.18,0.5
16881,2026-05-19 09:07:48,PDV 04,39,1.0,2.79,2.79,Cartão Débito,5102,0.18,0.5
16882,2026-05-19 20:46:34,PDV 04,39,2.0,2.79,5.58,Cartão Crédito,5102,0.18,1.0
16883,2026-05-19 20:12:19,PDV 05,39,1.0,2.79,2.79,Cartão Crédito,5102,0.18,0.5
16884,2026-05-20 20:25:56,PDV 05,39,2.0,2.79,5.58,Cartão Crédito,5102,0.18,1.0
16885,2026-05-20 18:50:43,PDV 04,39,2.0,2.79,5.58,Cartão Crédito,5102,0.18,1.0
16886,2026-05-20 08:07:25,PDV 03,39,1.0,2.79,2.79,Cartão Débito,5102,0.18,0.5
16887,2026-05-21 19:31:52,PDV 06,39,2.0,2.79,5.58,Cartão Débito,5102,0.18,1.0
16888,2026-05-21 10:04:57,PDV 03,39,1.0,2.79,2.79,PIX,5102,0.18,0.5
16889,2026-05-21 15:08:13,PDV 01,39,2.0,2.79,5.58,Cartão Crédito,5102,0.18,1.0
16890,2026-05-21 10:20:09,PDV 03,39,1.0,2.79,2.79,Cartão Débito,5102,0.18,0.5
16891,2026-05-22 13:09:21,PDV 06,39,4.0,2.79,11.16,Cartão Débito,5102,0.18,2.01
16892,2026-05-22 08:00:33,PDV 03,39,4.0,2.79,11.16,Cartão Crédito,5102,0.18,2.01
16893,2026-05-23 17:24:56,PDV 01,39,3.0,2.79,8.37,Cartão Crédito,5102,0.18,1.51
16894,2026-05-23 09:23:54,PDV 01,39,2.0,2.79,5.58,Cartão Débito,5102,0.18,1.0
16895,2026-05-23 10:00:40,PDV 03,39,3.0,2.79,8.37,Dinheiro,5102,0.18,1.51
16896,2026-05-24 13:12:49,PDV 01,39,4.0,2.79,11.16,Cartão Débito,5102,0.18,2.01
16897,2026-05-24 09:32:17,PDV 03,39,3.0,2.79,8.37,Dinheiro,5102,0.18,1.51
16898,2026-05-25 13:39:53,PDV 05,39,5.0,2.79,13.95,Cartão Débito,5102,0.18,2.51
16899,2026-05-26 11:09:08,PDV 06,39,2.0,2.79,5.58,Cartão Crédito,5102,0.18,1.0
16900,2026-05-26 09:00:38,PDV 01,39,2.0,2.79,5.58,PIX,5102,0.18,1.0
16901,2026-05-27 12:56:47,PDV 02,39,1.0,2.79,2.79,Cartão Crédito,5102,0.18,0.5
16902,2026-05-27 20:52:17,PDV 06,39,2.0,2.79,5.58,Cartão Crédito,5102,0.18,1.0
16903,2026-05-27 09:17:55,PDV 01,39,1.0,2.79,2.79,PIX,5102,0.18,0.5
16904,2026-05-28 16:14:16,PDV 06,39,2.0,2.79,5.58,Dinheiro,5102,0.18,1.0
16905,2026-05-28 11:43:53,PDV 06,39,1.0,2.79,2.79,Cartão Crédito,5102,0.18,0.5
16906,2026-05-28 15:37:48,PDV 05,39,2.0,2.79,5.58,Cartão Débito,5102,0.18,1.0
16907,2026-05-28 12:02:48,PDV 02,39,1.0,2.79,2.79,Cartão Débito,5102,0.18,0.5
16908,2026-05-29 14:59:33,PDV 02,39,8.0,2.79,22.32,Cartão Débito,5102,0.18,4.02
16909,2026-05-30 15:39:36,PDV 06,39,4.0,2.79,11.16,Dinheiro,5102,0.18,2.01
16910,2026-05-30 16:05:32,PDV 01,39,5.0,2.79,13.95,Cartão Crédito,5102,0.18,2.51
16911,2026-05-31 20:43:36,PDV 04,39,7.0,2.79,19.53,Cartão Débito,5102,0.18,3.52
16912,2026-06-01 10:26:22,PDV 04,39,2.0,2.79,5.58,Cartão Crédito,5102,0.18,1.0
16913,2026-06-01 17:48:51,PDV 04,39,2.0,2.79,5.58,PIX,5102,0.18,1.0
16914,2026-06-01 18:21:23,PDV 05,39,2.0,2.79,5.58,Cartão Crédito,5102,0.18,1.0
16915,2026-06-02 20:55:22,PDV 02,39,2.0,2.79,5.58,Cartão Crédito,5102,0.18,1.0
16916,2026-06-02 20:44:19,PDV 05,39,2.0,2.79,5.58,Cartão Crédito,5102,0.18,1.0
16917,2026-06-02 16:09:12,PDV 06,39,2.0,2.79,5.58,PIX,5102,0.18,1.0
16918,2026-06-03 18:09:20,PDV 03,39,1.0,2.79,2.79,Cartão Débito,5102,0.18,0.5
16919,2026-06-03 10:08:40,PDV 03,39,1.0,2.79,2.79,Cartão Débito,5102,0.18,0.5
16920,2026-06-03 09:04:57,PDV 04,39,2.0,2.79,5.58,Dinheiro,5102,0.18,1.0
16921,2026-06-03 18:35:48,PDV 02,39,1.0,2.79,2.79,Cartão Crédito,5102,0.18,0.5
16922,2026-06-04 08:15:16,PDV 03,39,3.0,2.79,8.37,Cartão Débito,5102,0.18,1.51
16923,2026-06-04 16:47:33,PDV 02,39,3.0,2.79,8.37,Cartão Crédito,5102,0.18,1.51
16924,2026-06-04 15:10:00,PDV 03,39,3.0,2.79,8.37,Cartão Crédito,5102,0.18,1.51
16925,2026-06-05 14:24:58,PDV 04,39,3.0,2.79,8.37,Cartão Crédito,5102,0.18,1.51
16926,2026-06-05 16:08:34,PDV 05,39,3.0,2.79,8.37,Dinheiro,5102,0.18,1.51
16927,2026-06-05 12:20:45,PDV 06,39,2.0,2.79,5.58,PIX,5102,0.18,1.0
16928,2026-06-05 15:05:46,PDV 06,39,3.0,2.79,8.37,Cartão Débito,5102,0.18,1.51
16929,2026-06-06 13:13:04,PDV 06,39,2.0,2.79,5.58,PIX,5102,0.18,1.0
16930,2026-06-06 11:45:58,PDV 04,39,3.0,2.79,8.37,Cartão Crédito,5102,0.18,1.51
16931,2026-06-06 17:12:06,PDV 03,39,2.0,2.79,5.58,PIX,5102,0.18,1.0
16932,2026-06-06 19:08:25,PDV 02,39,3.0,2.79,8.37,Cartão Débito,5102,0.18,1.51
16933,2026-06-07 15:53:18,PDV 06,39,7.0,2.79,19.53,PIX,5102,0.18,3.52
16934,2026-06-08 12:50:16,PDV 02,39,7.0,2.79,19.53,Cartão Débito,5102,0.18,3.52
16935,2026-06-09 08:51:24,PDV 01,39,6.0,2.79,16.74,Cartão Débito,5102,0.18,3.01
16936,2026-06-10 13:09:37,PDV 05,39,2.0,2.79,5.58,Cartão Débito,5102,0.18,1.0
16937,2026-06-10 12:22:45,PDV 04,39,2.0,2.79,5.58,Cartão Débito,5102,0.18,1.0
16938,2026-06-10 11:13:04,PDV 05,39,2.0,2.79,5.58,PIX,5102,0.18,1.0
16939,2026-06-11 09:51:07,PDV 06,39,2.0,2.79,5.58,PIX,5102,0.18,1.0
16940,2026-06-11 11:14:52,PDV 02,39,2.0,2.79,5.58,PIX,5102,0.18,1.0
16941,2026-06-11 20:37:59,PDV 04,39,2.0,2.79,5.58,Cartão Débito,5102,0.18,1.0
16942,2026-06-11 14:53:39,PDV 04,39,1.0,2.79,2.79,Cartão Débito,5102,0.18,0.5
16943,2026-06-12 20:02:47,PDV 02,39,8.0,2.79,22.32,PIX,5102,0.18,4.02
16944,2026-06-13 11:18:19,PDV 05,39,3.0,2.79,8.37,Cartão Crédito,5102,0.18,1.51
16945,2026-06-13 13:47:45,PDV 05,39,2.0,2.79,5.58,Cartão Crédito,5102,0.18,1.0
16946,2026-06-13 16:45:26,PDV 06,39,3.0,2.79,8.37,Cartão Débito,5102,0.18,1.51
16947,2026-06-14 15:32:25,PDV 01,39,7.0,2.79,19.53,Dinheiro,5102,0.18,3.52
16948,2026-06-15 09:23:36,PDV 05,39,2.0,2.79,5.58,Cartão Débito,5102,0.18,1.0
16949,2026-06-15 17:16:13,PDV 04,39,2.0,2.79,5.58,Cartão Crédito,5102,0.18,1.0
16950,2026-06-16 16:08:31,PDV 03,39,2.0,2.79,5.58,Cartão Crédito,5102,0.18,1.0
16951,2026-06-16 08:58:13,PDV 02,39,3.0,2.79,8.37,Cartão Débito,5102,0.18,1.51
16952,2026-06-17 10:14:55,PDV 05,39,2.0,2.79,5.58,Cartão Débito,5102,0.18,1.0
16953,2026-06-17 16:02:59,PDV 04,39,3.0,2.79,8.37,Cartão Débito,5102,0.18,1.51
16954,2026-06-18 11:43:07,PDV 03,39,2.0,2.79,5.58,Cartão Crédito,5102,0.18,1.0
16955,2026-06-18 19:56:57,PDV 05,39,2.0,2.79,5.58,Cartão Débito,5102,0.18,1.0
16956,2026-06-18 14:35:29,PDV 03,39,2.0,2.79,5.58,Cartão Crédito,5102,0.18,1.0
16957,2026-06-18 19:54:31,PDV 03,39,1.0,2.79,2.79,Cartão Débito,5102,0.18,0.5
16958,2026-06-19 11:25:24,PDV 04,39,8.0,2.79,22.32,PIX,5102,0.18,4.02
16959,2026-06-20 14:00:00,PDV 06,39,3.0,2.79,8.37,Dinheiro,5102,0.18,1.51
16960,2026-06-20 14:45:08,PDV 02,39,3.0,2.79,8.37,PIX,5102,0.18,1.51
16961,2026-06-20 16:54:09,PDV 01,39,3.0,2.79,8.37,PIX,5102,0.18,1.51
16962,2026-06-21 20:43:41,PDV 05,39,3.0,2.79,8.37,Cartão Débito,5102,0.18,1.51
16963,2026-06-21 17:53:59,PDV 02,39,3.0,2.79,8.37,PIX,5102,0.18,1.51
16964,2026-06-22 16:10:30,PDV 05,39,1.0,2.79,2.79,PIX,5102,0.18,0.5
16965,2026-06-22 20:28:08,PDV 04,39,1.0,2.79,2.79,Cartão Débito,5102,0.18,0.5
16966,2026-06-22 20:13:38,PDV 02,39,2.0,2.79,5.58,Cartão Débito,5102,0.18,1.0
16967,2026-06-22 08:58:19,PDV 06,39,1.0,2.79,2.79,PIX,5102,0.18,0.5
16968,2026-06-23 17:10:42,PDV 01,39,1.0,2.79,2.79,Dinheiro,5102,0.18,0.5
16969,2026-06-23 14:42:25,PDV 01,39,1.0,2.79,2.79,PIX,5102,0.18,0.5
16970,2026-06-23 16:22:14,PDV 01,39,2.0,2.79,5.58,Cartão Débito,5102,0.18,1.0
16971,2026-06-23 12:41:58,PDV 03,39,1.0,2.79,2.79,Cartão Débito,5102,0.18,0.5
16972,2026-06-24 16:51:46,PDV 03,39,2.0,2.79,5.58,Cartão Crédito,5102,0.18,1.0
16973,2026-06-24 16:05:07,PDV 05,39,2.0,2.79,5.58,Cartão Crédito,5102,0.18,1.0
16974,2026-06-24 20:27:22,PDV 01,39,1.0,2.79,2.79,Cartão Débito,5102,0.18,0.5
16975,2026-06-25 10:07:01,PDV 04,39,2.0,2.79,5.58,Cartão Crédito,5102,0.18,1.0
16976,2026-06-25 15:35:43,PDV 01,39,2.0,2.79,5.58,Cartão Crédito,5102,0.18,1.0
16977,2026-06-25 19:01:19,PDV 05,39,3.0,2.79,8.37,Cartão Crédito,5102,0.18,1.51
16978,2026-06-26 20:24:16,PDV 06,39,4.0,2.79,11.16,Dinheiro,5102,0.18,2.01
16979,2026-06-26 09:05:44,PDV 04,39,4.0,2.79,11.16,Cartão Crédito,5102,0.18,2.01
16980,2026-06-27 13:47:52,PDV 05,39,3.0,2.79,8.37,PIX,5102,0.18,1.51
16981,2026-06-27 19:23:36,PDV 03,39,3.0,2.79,8.37,Cartão Débito,5102,0.18,1.51
16982,2026-06-27 17:15:31,PDV 05,39,3.0,2.79,8.37,PIX,5102,0.18,1.51
16983,2026-06-28 11:48:54,PDV 04,39,7.0,2.79,19.53,Cartão Débito,5102,0.18,3.52
16984,2026-06-29 13:36:31,PDV 02,39,2.0,2.79,5.58,Cartão Crédito,5102,0.18,1.0
16985,2026-06-29 15:27:33,PDV 04,39,2.0,2.79,5.58,Cartão Crédito,5102,0.18,1.0
16986,2026-06-29 13:36:13,PDV 03,39,2.0,2.79,5.58,PIX,5102,0.18,1.0
16987,2026-06-29 14:04:13,PDV 03,39,1.0,2.79,2.79,Cartão Débito,5102,0.18,0.5
16988,2026-04-01 09:53:29,PDV 06,40,2.0,6.49,12.98,Cartão Crédito,5102,0.18,2.34
16989,2026-04-02 20:11:46,PDV 04,40,1.0,6.49,6.49,Cartão Débito,5102,0.18,1.17
16990,2026-04-02 17:27:32,PDV 03,40,1.0,6.49,6.49,Cartão Crédito,5102,0.18,1.17
16991,2026-04-02 16:44:34,PDV 06,40,1.0,6.49,6.49,Cartão Crédito,5102,0.18,1.17
16992,2026-04-03 20:04:02,PDV 05,40,1.0,6.49,6.49,Cartão Débito,5102,0.18,1.17
16993,2026-04-03 17:30:12,PDV 03,40,1.0,6.49,6.49,Cartão Crédito,5102,0.18,1.17
16994,2026-04-03 15:55:53,PDV 05,40,1.0,6.49,6.49,Cartão Débito,5102,0.18,1.17
16995,2026-04-03 11:44:58,PDV 02,40,1.0,6.49,6.49,Dinheiro,5102,0.18,1.17
16996,2026-04-04 12:17:56,PDV 04,40,1.0,6.49,6.49,Cartão Débito,5102,0.18,1.17
16997,2026-04-04 14:12:09,PDV 04,40,1.0,6.49,6.49,Cartão Débito,5102,0.18,1.17
16998,2026-04-04 15:42:27,PDV 03,40,1.0,6.49,6.49,Cartão Crédito,5102,0.18,1.17
16999,2026-04-04 20:55:51,PDV 03,40,1.0,6.49,6.49,Cartão Crédito,5102,0.18,1.17
17000,2026-04-05 15:41:47,PDV 04,40,1.0,6.49,6.49,Cartão Débito,5102,0.18,1.17
17001,2026-04-05 12:52:37,PDV 06,40,1.0,6.49,6.49,Cartão Débito,5102,0.18,1.17
17002,2026-04-05 15:47:05,PDV 03,40,1.0,6.49,6.49,Cartão Débito,5102,0.18,1.17
17003,2026-04-06 18:51:47,PDV 02,40,2.0,6.49,12.98,Cartão Débito,5102,0.18,2.34
17004,2026-04-07 12:55:20,PDV 06,40,2.0,6.49,12.98,Cartão Débito,5102,0.18,2.34
17005,2026-04-07 18:08:16,PDV 01,40,1.0,6.49,6.49,PIX,5102,0.18,1.17
17006,2026-04-08 11:28:31,PDV 02,40,2.0,6.49,12.98,Cartão Crédito,5102,0.18,2.34
17007,2026-04-09 16:46:17,PDV 06,40,3.0,6.49,19.47,PIX,5102,0.18,3.5
17008,2026-04-10 17:25:20,PDV 02,40,1.0,6.49,6.49,Cartão Crédito,5102,0.18,1.17
17009,2026-04-10 12:21:56,PDV 01,40,1.0,6.49,6.49,Cartão Débito,5102,0.18,1.17
17010,2026-04-10 20:52:22,PDV 03,40,1.0,6.49,6.49,Cartão Crédito,5102,0.18,1.17
17011,2026-04-11 20:30:33,PDV 01,40,3.0,6.49,19.47,Cartão Débito,5102,0.18,3.5
17012,2026-04-12 11:12:46,PDV 05,40,1.0,6.49,6.49,Cartão Débito,5102,0.18,1.17
17013,2026-04-12 14:37:12,PDV 02,40,1.0,6.49,6.49,Cartão Crédito,5102,0.18,1.17
17014,2026-04-12 09:15:26,PDV 05,40,1.0,6.49,6.49,Cartão Débito,5102,0.18,1.17
17015,2026-04-13 19:33:02,PDV 06,40,2.0,6.49,12.98,Dinheiro,5102,0.18,2.34
17016,2026-04-14 20:49:01,PDV 04,40,2.0,6.49,12.98,Cartão Débito,5102,0.18,2.34
17017,2026-04-15 11:03:51,PDV 03,40,2.0,6.49,12.98,Cartão Débito,5102,0.18,2.34
17018,2026-04-16 19:56:24,PDV 02,40,3.0,6.49,19.47,Cartão Débito,5102,0.18,3.5
17019,2026-04-17 12:53:01,PDV 03,40,1.0,6.49,6.49,Cartão Débito,5102,0.18,1.17
17020,2026-04-17 20:47:56,PDV 02,40,1.0,6.49,6.49,Cartão Crédito,5102,0.18,1.17
17021,2026-04-17 16:14:55,PDV 05,40,1.0,6.49,6.49,Cartão Crédito,5102,0.18,1.17
17022,2026-04-18 14:13:12,PDV 03,40,1.0,6.49,6.49,Dinheiro,5102,0.18,1.17
17023,2026-04-18 15:17:41,PDV 04,40,1.0,6.49,6.49,Cartão Débito,5102,0.18,1.17
17024,2026-04-18 20:57:25,PDV 04,40,1.0,6.49,6.49,Cartão Crédito,5102,0.18,1.17
17025,2026-04-19 11:54:54,PDV 02,40,3.0,6.49,19.47,Dinheiro,5102,0.18,3.5
17026,2026-04-20 11:52:50,PDV 05,40,2.0,6.49,12.98,Cartão Crédito,5102,0.18,2.34
17027,2026-04-21 12:07:21,PDV 05,40,2.0,6.49,12.98,Cartão Débito,5102,0.18,2.34
17028,2026-04-22 08:45:48,PDV 05,40,2.0,6.49,12.98,Cartão Débito,5102,0.18,2.34
17029,2026-04-23 09:03:56,PDV 01,40,2.0,6.49,12.98,Cartão Débito,5102,0.18,2.34
17030,2026-04-24 15:27:02,PDV 04,40,1.0,6.49,6.49,PIX,5102,0.18,1.17
17031,2026-04-24 09:43:55,PDV 05,40,1.0,6.49,6.49,Cartão Débito,5102,0.18,1.17
17032,2026-04-24 14:19:33,PDV 03,40,1.0,6.49,6.49,Cartão Crédito,5102,0.18,1.17
17033,2026-04-25 15:36:40,PDV 04,40,1.0,6.49,6.49,Cartão Débito,5102,0.18,1.17
17034,2026-04-25 11:15:55,PDV 01,40,1.0,6.49,6.49,Cartão Crédito,5102,0.18,1.17
17035,2026-04-25 12:16:13,PDV 03,40,1.0,6.49,6.49,Cartão Crédito,5102,0.18,1.17
17036,2026-04-25 18:23:17,PDV 06,40,1.0,6.49,6.49,Dinheiro,5102,0.18,1.17
17037,2026-04-26 16:37:13,PDV 03,40,2.0,6.49,12.98,Cartão Débito,5102,0.18,2.34
17038,2026-04-27 20:58:22,PDV 06,40,2.0,6.49,12.98,PIX,5102,0.18,2.34
17039,2026-04-28 18:43:11,PDV 04,40,2.0,6.49,12.98,Cartão Débito,5102,0.18,2.34
17040,2026-04-29 20:29:01,PDV 06,40,2.0,6.49,12.98,Cartão Crédito,5102,0.18,2.34
17041,2026-04-30 16:30:21,PDV 04,40,2.0,6.49,12.98,PIX,5102,0.18,2.34
17042,2026-05-01 15:05:40,PDV 06,40,3.0,6.49,19.47,Cartão Crédito,5102,0.18,3.5
17043,2026-05-02 10:38:11,PDV 02,40,3.0,6.49,19.47,PIX,5102,0.18,3.5
17044,2026-05-03 09:55:13,PDV 05,40,1.0,6.49,6.49,Cartão Débito,5102,0.18,1.17
17045,2026-05-03 11:31:29,PDV 03,40,1.0,6.49,6.49,Cartão Débito,5102,0.18,1.17
17046,2026-05-03 18:37:33,PDV 03,40,1.0,6.49,6.49,Dinheiro,5102,0.18,1.17
17047,2026-05-03 09:44:47,PDV 02,40,1.0,6.49,6.49,Dinheiro,5102,0.18,1.17
17048,2026-05-04 11:31:26,PDV 05,40,2.0,6.49,12.98,Cartão Crédito,5102,0.18,2.34
17049,2026-05-05 13:58:44,PDV 05,40,2.0,6.49,12.98,PIX,5102,0.18,2.34
17050,2026-05-06 15:37:04,PDV 01,40,3.0,6.49,19.47,Cartão Crédito,5102,0.18,3.5
17051,2026-05-07 18:23:07,PDV 01,40,2.0,6.49,12.98,PIX,5102,0.18,2.34
17052,2026-05-07 12:02:31,PDV 01,40,1.0,6.49,6.49,Dinheiro,5102,0.18,1.17
17053,2026-05-08 20:34:43,PDV 06,40,2.0,6.49,12.98,Cartão Débito,5102,0.18,2.34
17054,2026-05-08 16:46:17,PDV 05,40,2.0,6.49,12.98,Dinheiro,5102,0.18,2.34
17055,2026-05-09 11:16:33,PDV 03,40,4.0,6.49,25.96,Cartão Crédito,5102,0.18,4.67
17056,2026-05-10 13:42:18,PDV 06,40,2.0,6.49,12.98,Cartão Crédito,5102,0.18,2.34
17057,2026-05-10 12:56:16,PDV 05,40,1.0,6.49,6.49,Cartão Débito,5102,0.18,1.17
17058,2026-05-11 10:32:03,PDV 05,40,2.0,6.49,12.98,Cartão Débito,5102,0.18,2.34
17059,2026-05-12 09:55:28,PDV 05,40,2.0,6.49,12.98,PIX,5102,0.18,2.34
17060,2026-05-13 16:15:50,PDV 06,40,2.0,6.49,12.98,PIX,5102,0.18,2.34
17061,2026-05-14 11:47:05,PDV 04,40,2.0,6.49,12.98,Cartão Crédito,5102,0.18,2.34
17062,2026-05-14 16:20:47,PDV 05,40,1.0,6.49,6.49,Cartão Crédito,5102,0.18,1.17
17063,2026-05-15 12:17:56,PDV 01,40,2.0,6.49,12.98,Cartão Crédito,5102,0.18,2.34
17064,2026-05-15 18:36:57,PDV 03,40,1.0,6.49,6.49,Dinheiro,5102,0.18,1.17
17065,2026-05-16 11:01:12,PDV 02,40,1.0,6.49,6.49,Dinheiro,5102,0.18,1.17
17066,2026-05-16 08:29:40,PDV 03,40,1.0,6.49,6.49,Cartão Crédito,5102,0.18,1.17
17067,2026-05-16 19:52:21,PDV 02,40,1.0,6.49,6.49,Cartão Crédito,5102,0.18,1.17
17068,2026-05-17 20:03:07,PDV 06,40,1.0,6.49,6.49,Cartão Débito,5102,0.18,1.17
17069,2026-05-17 11:53:58,PDV 06,40,1.0,6.49,6.49,Cartão Débito,5102,0.18,1.17
17070,2026-05-17 10:38:38,PDV 06,40,1.0,6.49,6.49,Cartão Crédito,5102,0.18,1.17
17071,2026-05-18 14:12:14,PDV 01,40,2.0,6.49,12.98,Dinheiro,5102,0.18,2.34
17072,2026-05-19 10:58:15,PDV 03,40,2.0,6.49,12.98,PIX,5102,0.18,2.34
17073,2026-05-20 14:22:16,PDV 01,40,2.0,6.49,12.98,Dinheiro,5102,0.18,2.34
17074,2026-05-21 15:38:41,PDV 05,40,3.0,6.49,19.47,Cartão Débito,5102,0.18,3.5
17075,2026-05-22 12:51:50,PDV 01,40,2.0,6.49,12.98,PIX,5102,0.18,2.34
17076,2026-05-22 18:29:13,PDV 02,40,1.0,6.49,6.49,Cartão Débito,5102,0.18,1.17
17077,2026-05-23 18:38:22,PDV 02,40,3.0,6.49,19.47,Cartão Débito,5102,0.18,3.5
17078,2026-05-24 08:01:18,PDV 02,40,2.0,6.49,12.98,Cartão Débito,5102,0.18,2.34
17079,2026-05-24 18:34:08,PDV 06,40,1.0,6.49,6.49,Cartão Débito,5102,0.18,1.17
17080,2026-05-25 19:54:24,PDV 05,40,2.0,6.49,12.98,Cartão Débito,5102,0.18,2.34
17081,2026-05-26 08:19:33,PDV 01,40,2.0,6.49,12.98,PIX,5102,0.18,2.34
17082,2026-05-27 08:36:15,PDV 01,40,2.0,6.49,12.98,Dinheiro,5102,0.18,2.34
17083,2026-05-28 13:19:33,PDV 03,40,2.0,6.49,12.98,Cartão Crédito,5102,0.18,2.34
17084,2026-05-29 16:22:28,PDV 04,40,3.0,6.49,19.47,Cartão Crédito,5102,0.18,3.5
17085,2026-05-30 17:51:33,PDV 06,40,3.0,6.49,19.47,Cartão Débito,5102,0.18,3.5
17086,2026-05-31 13:40:43,PDV 03,40,1.0,6.49,6.49,Cartão Débito,5102,0.18,1.17
17087,2026-05-31 09:23:54,PDV 01,40,1.0,6.49,6.49,Cartão Crédito,5102,0.18,1.17
17088,2026-05-31 15:09:55,PDV 06,40,1.0,6.49,6.49,Cartão Débito,5102,0.18,1.17
17089,2026-06-01 16:55:08,PDV 04,40,2.0,6.49,12.98,Dinheiro,5102,0.18,2.34
17090,2026-06-02 10:37:22,PDV 01,40,2.0,6.49,12.98,Cartão Crédito,5102,0.18,2.34
17091,2026-06-03 10:55:23,PDV 03,40,2.0,6.49,12.98,Cartão Crédito,5102,0.18,2.34
17092,2026-06-04 14:49:33,PDV 05,40,1.0,6.49,6.49,Cartão Crédito,5102,0.18,1.17
17093,2026-06-04 09:21:57,PDV 03,40,1.0,6.49,6.49,Cartão Crédito,5102,0.18,1.17
17094,2026-06-04 11:03:59,PDV 05,40,1.0,6.49,6.49,Cartão Débito,5102,0.18,1.17
17095,2026-06-05 19:46:54,PDV 05,40,1.0,6.49,6.49,Cartão Débito,5102,0.18,1.17
17096,2026-06-05 12:16:47,PDV 05,40,1.0,6.49,6.49,Cartão Crédito,5102,0.18,1.17
17097,2026-06-05 09:43:51,PDV 03,40,1.0,6.49,6.49,Cartão Débito,5102,0.18,1.17
17098,2026-06-05 19:48:18,PDV 05,40,1.0,6.49,6.49,Cartão Crédito,5102,0.18,1.17
17099,2026-06-06 19:07:56,PDV 06,40,1.0,6.49,6.49,PIX,5102,0.18,1.17
17100,2026-06-06 19:01:32,PDV 05,40,1.0,6.49,6.49,Cartão Débito,5102,0.18,1.17
17101,2026-06-06 12:18:26,PDV 06,40,1.0,6.49,6.49,Cartão Débito,5102,0.18,1.17
17102,2026-06-07 13:01:28,PDV 04,40,3.0,6.49,19.47,Cartão Crédito,5102,0.18,3.5
17103,2026-06-08 13:22:50,PDV 03,40,2.0,6.49,12.98,Cartão Crédito,5102,0.18,2.34
17104,2026-06-09 20:49:59,PDV 02,40,2.0,6.49,12.98,Cartão Débito,5102,0.18,2.34
17105,2026-06-10 13:32:32,PDV 01,40,2.0,6.49,12.98,PIX,5102,0.18,2.34
17106,2026-06-11 16:48:45,PDV 02,40,2.0,6.49,12.98,Cartão Crédito,5102,0.18,2.34
17107,2026-06-12 15:49:21,PDV 03,40,2.0,6.49,12.98,Cartão Crédito,5102,0.18,2.34
17108,2026-06-12 15:40:31,PDV 04,40,1.0,6.49,6.49,Cartão Débito,5102,0.18,1.17
17109,2026-06-13 13:18:56,PDV 06,40,2.0,6.49,12.98,Cartão Débito,5102,0.18,2.34
17110,2026-06-13 11:32:28,PDV 02,40,2.0,6.49,12.98,PIX,5102,0.18,2.34
17111,2026-06-14 17:51:51,PDV 02,40,1.0,6.49,6.49,Cartão Crédito,5102,0.18,1.17
17112,2026-06-14 15:39:02,PDV 01,40,1.0,6.49,6.49,Cartão Crédito,5102,0.18,1.17
17113,2026-06-14 19:18:55,PDV 03,40,1.0,6.49,6.49,PIX,5102,0.18,1.17
17114,2026-06-15 17:18:35,PDV 03,40,2.0,6.49,12.98,Cartão Crédito,5102,0.18,2.34
17115,2026-06-16 19:26:29,PDV 03,40,2.0,6.49,12.98,Dinheiro,5102,0.18,2.34
17116,2026-06-17 09:27:27,PDV 02,40,2.0,6.49,12.98,Cartão Débito,5102,0.18,2.34
17117,2026-06-18 13:50:26,PDV 06,40,1.0,6.49,6.49,PIX,5102,0.18,1.17
17118,2026-06-18 09:09:21,PDV 03,40,1.0,6.49,6.49,Cartão Crédito,5102,0.18,1.17
17119,2026-06-18 13:57:01,PDV 02,40,1.0,6.49,6.49,PIX,5102,0.18,1.17
17120,2026-06-19 15:16:39,PDV 06,40,2.0,6.49,12.98,PIX,5102,0.18,2.34
17121,2026-06-19 14:19:07,PDV 02,40,1.0,6.49,6.49,Dinheiro,5102,0.18,1.17
17122,2026-06-20 15:09:43,PDV 04,40,3.0,6.49,19.47,Cartão Débito,5102,0.18,3.5
17123,2026-06-21 20:04:18,PDV 03,40,3.0,6.49,19.47,Dinheiro,5102,0.18,3.5
17124,2026-06-22 19:40:12,PDV 03,40,2.0,6.49,12.98,Cartão Débito,5102,0.18,2.34
17125,2026-06-23 18:52:03,PDV 01,40,2.0,6.49,12.98,Cartão Débito,5102,0.18,2.34
17126,2026-06-24 13:21:35,PDV 02,40,2.0,6.49,12.98,PIX,5102,0.18,2.34
17127,2026-06-25 13:22:39,PDV 03,40,2.0,6.49,12.98,PIX,5102,0.18,2.34
17128,2026-06-26 14:51:11,PDV 01,40,2.0,6.49,12.98,Cartão Crédito,5102,0.18,2.34
17129,2026-06-26 16:42:13,PDV 02,40,1.0,6.49,6.49,Cartão Débito,5102,0.18,1.17
17130,2026-06-27 15:44:55,PDV 04,40,1.0,6.49,6.49,Cartão Crédito,5102,0.18,1.17
17131,2026-06-27 08:35:52,PDV 05,40,1.0,6.49,6.49,Cartão Débito,5102,0.18,1.17
17132,2026-06-27 08:19:51,PDV 06,40,1.0,6.49,6.49,Cartão Crédito,5102,0.18,1.17
17133,2026-06-28 08:32:26,PDV 06,40,2.0,6.49,12.98,Cartão Débito,5102,0.18,2.34
